#
# There is insufficient memory for the Java Runtime Environment to continue.
# Native memory allocation (mmap) failed to map 2424307712 bytes. Error detail: G1 virtual space
# Possible reasons:
#   The system is out of physical RAM or swap space
#   This process is running with CompressedOops enabled, and the Java Heap may be blocking the growth of the native heap
# Possible solutions:
#   Reduce memory load on the system
#   Increase physical memory or swap space
#   Check if swap backing store is full
#   Decrease Java heap size (-Xmx/-Xms)
#   Decrease number of Java threads
#   Decrease Java thread stack sizes (-Xss)
#   Set larger code cache with -XX:ReservedCodeCacheSize=
#   JVM is running with Zero Based Compressed Oops mode in which the Java heap is
#     placed in the first 32GB address space. The Java Heap base address is the
#     maximum limit for the native heap growth. Please use -XX:HeapBaseMinAddress
#     to set the Java Heap base and to place the Java Heap above 32GB virtual address.
# This output file may be truncated or incomplete.
#
#  Out of Memory Error (os_windows.cpp:3766), pid=25212, tid=2092
#
# JRE version: OpenJDK Runtime Environment (25.0.2) (build 25.0.2+-15348964-b329.117)
# Java VM: OpenJDK 64-Bit Server VM (25.0.2+-15348964-b329.117, mixed mode, tiered, compressed oops, compressed class ptrs, g1 gc, windows-amd64)
# No core dump will be written. Minidumps are not enabled by default on client versions of Windows
#

---------------  S U M M A R Y ------------

Command Line: --add-opens=java.base/java.lang=ALL-UNNAMED --add-opens=java.base/java.lang.invoke=ALL-UNNAMED --add-opens=java.base/java.util=ALL-UNNAMED --add-opens=java.prefs/java.util.prefs=ALL-UNNAMED --add-exports=jdk.compiler/com.sun.tools.javac.api=ALL-UNNAMED --add-exports=jdk.compiler/com.sun.tools.javac.util=ALL-UNNAMED --add-opens=java.base/java.util=ALL-UNNAMED --add-opens=java.prefs/java.util.prefs=ALL-UNNAMED --add-opens=java.base/java.nio.charset=ALL-UNNAMED --add-opens=java.base/java.net=ALL-UNNAMED --add-opens=java.base/java.util.concurrent=ALL-UNNAMED --add-opens=java.base/java.util.concurrent.atomic=ALL-UNNAMED --add-opens=java.xml/javax.xml.namespace=ALL-UNNAMED --add-opens=java.base/java.time=ALL-UNNAMED --enable-native-access=ALL-UNNAMED -XX:MaxMetaspaceSize=4G -XX:ReservedCodeCacheSize=512m -XX:+HeapDumpOnOutOfMemoryError -Xmx8G -Dfile.encoding=UTF-8 -Duser.country=BR -Duser.language=pt -Duser.variant -javaagent:C:\Users\othon\.gradle\wrapper\dists\gradle-9.3.1-all\9ot9r568e8zfvvd4mn8rbu1j0\gradle-9.3.1\lib\agents\gradle-instrumentation-agent-9.3.1.jar org.gradle.launcher.daemon.bootstrap.GradleDaemon 9.3.1

Host: AMD Ryzen 7 7735HS with Radeon Graphics        , 16 cores, 5G,  Windows 11 , 64 bit Build 26100 (10.0.26100.9168)
Time: Thu Aug 27 12:51:26 2026 Hora oficial do Brasil elapsed time: 64.445178 seconds (0d 0h 1m 4s)

---------------  T H R E A D  ---------------

Current thread (0x0000017c6e067740):  VMThread "VM Thread"          [id=2092, stack(0x0000003aa6100000,0x0000003aa6200000) (1024K)]

Stack: [0x0000003aa6100000,0x0000003aa6200000]
Native frames: (J=compiled Java code, j=interpreted, Vv=VM code, C=native code)
V  [jvm.dll+0x7bd439]  (no source info available)
V  [jvm.dll+0x78763d]  (no source info available)
V  [jvm.dll+0xa0c885]  (no source info available)
V  [jvm.dll+0xa0ef04]  (no source info available)
V  [jvm.dll+0xa0f603]  (no source info available)
V  [jvm.dll+0x309bf6]  (no source info available)
V  [jvm.dll+0x7b9545]  (no source info available)
V  [jvm.dll+0x7ac047]  (no source info available)
V  [jvm.dll+0x3fdeab]  (no source info available)
V  [jvm.dll+0x406066]  (no source info available)
V  [jvm.dll+0x3f2516]  (no source info available)
V  [jvm.dll+0x3f27f8]  (no source info available)
V  [jvm.dll+0x3c7b82]  (no source info available)
V  [jvm.dll+0x3c7c1a]  (no source info available)
V  [jvm.dll+0x4172d0]  (no source info available)
V  [jvm.dll+0x415bf1]  (no source info available)
V  [jvm.dll+0x3c72b7]  (no source info available)
V  [jvm.dll+0x41502f]  (no source info available)
V  [jvm.dll+0xa158ca]  (no source info available)
V  [jvm.dll+0xa16bd1]  (no source info available)
V  [jvm.dll+0xa17148]  (no source info available)
V  [jvm.dll+0xa173d3]  (no source info available)
V  [jvm.dll+0x9ab9c8]  (no source info available)
V  [jvm.dll+0x7bb985]  (no source info available)
C  [ucrtbase.dll+0x2cd30]  (no source info available)
C  [KERNEL32.DLL+0x2ccb7]  (no source info available)
C  [ntdll.dll+0xaad6c]  (no source info available)

VM_Operation (0x0000003ab58fdbd0): G1CollectForAllocation, mode: safepoint, requested by thread 0x0000017c262695a0


---------------  P R O C E S S  ---------------

Threads class SMR info:
_java_thread_list=0x0000017c2f0a9ea0, length=274, elements={
0x0000017c5d9d9610, 0x0000017c6e086040, 0x0000017c7503a610, 0x0000017c7500b610,
0x0000017c7501a660, 0x0000017c7501ba80, 0x0000017c7501e650, 0x0000017c7504b6d0,
0x0000017c7501f940, 0x0000017c7505b8c0, 0x0000017c75424490, 0x0000017c77b7be50,
0x0000017c77fa9380, 0x0000017c77bbe0d0, 0x0000017c77f758c0, 0x0000017c77f740c0,
0x0000017c77d41180, 0x0000017c77c920b0, 0x0000017c77c91110, 0x0000017c77c93820,
0x0000017c77ef69f0, 0x0000017c77ef71c0, 0x0000017c77ef7990, 0x0000017c77efcf80,
0x0000017c77efc7b0, 0x0000017c77efb810, 0x0000017c77efbfe0, 0x0000017c788bee30,
0x0000017c788c24e0, 0x0000017c788c2cb0, 0x0000017c788c3480, 0x0000017c788c3c50,
0x0000017c78a50ca0, 0x0000017c78a52410, 0x0000017c78a4fd00, 0x0000017c78a4ed60,
0x0000017c78a51c40, 0x0000017c78a552f0, 0x0000017c78a53b80, 0x0000017c78a54b20,
0x0000017c78d73f90, 0x0000017c78d72050, 0x0000017c78d74760, 0x0000017c78d75ed0,
0x0000017c78d76e70, 0x0000017c78d77640, 0x0000017c78d78db0, 0x0000017c78cbd770,
0x0000017c78cbb060, 0x0000017c78cbc7d0, 0x0000017c78cbeee0, 0x0000017c78cbf6b0,
0x0000017c78cc0650, 0x0000017c78cc0e20, 0x0000017c78cc1dc0, 0x0000017c7989a2c0,
0x0000017c7989b260, 0x0000017c7989ba30, 0x0000017c7989c200, 0x0000017c79899af0,
0x0000017c798a0080, 0x0000017c7989e910, 0x0000017c798a0850, 0x0000017c7a348130,
0x0000017c7a34b7e0, 0x0000017c7a3490d0, 0x0000017c7a34a070, 0x0000017c7a34bfb0,
0x0000017c7a34def0, 0x0000017c7a34cf50, 0x0000017c7a34d720, 0x0000017c7a2a2290,
0x0000017c7a2a0b20, 0x0000017c7a29f3b0, 0x0000017c7a29fb80, 0x0000017c7a2a3a00,
0x0000017c7a2a68e0, 0x0000017c7a2a41d0, 0x0000017c7a2a49a0, 0x0000017c7a2a6110,
0x0000017c7a2a9f90, 0x0000017c7a2a8ff0, 0x0000017c7a2aaf30, 0x0000017c7a2ac6a0,
0x0000017c7a2abed0, 0x0000017c7a2ae5e0, 0x0000017c7a2ad640, 0x0000017c7b11d840,
0x0000017c7b11efb0, 0x0000017c7b11e7e0, 0x0000017c7b11f780, 0x0000017c7b122660,
0x0000017c7b121e90, 0x0000017c7b122e30, 0x0000017c7b123dd0, 0x0000017c7b1245a0,
0x0000017c7b125540, 0x0000017c7b1264e0, 0x0000017c7b128420, 0x0000017c7b124d70,
0x0000017c7b1293c0, 0x0000017c7b12ab30, 0x0000017c7b067d60, 0x0000017c7b06bbe0,
0x0000017c7b068d00, 0x0000017c7b06ac40, 0x0000017c7b06fa60, 0x0000017c7b06eac0,
0x0000017c7b070230, 0x0000017c7b06cb80, 0x0000017c7b0711d0, 0x0000017c7b0719a0,
0x0000017c7b075050, 0x0000017c7b0738e0, 0x0000017c7b0740b0, 0x0000017c7b072940,
0x0000017c7b072170, 0x0000017c7b076f90, 0x0000017c7afe8e70, 0x0000017c7afe6f30,
0x0000017c7afe5f90, 0x0000017c7afea5e0, 0x0000017c7afeb580, 0x0000017c7afe7ed0,
0x0000017c7afeccf0, 0x0000017c7aff0b70, 0x0000017c7afee460, 0x0000017c7aff1340,
0x0000017c7aff1b10, 0x0000017c7afeec30, 0x0000017c7afefbd0, 0x0000017c7aff3a50,
0x0000017c7aff4220, 0x0000017c7aff51c0, 0x0000017c7b047d40, 0x0000017c7b04a450,
0x0000017c7b048510, 0x0000017c7b04c390, 0x0000017c7b0494b0, 0x0000017c7b049c80,
0x0000017c7b04fa40, 0x0000017c7b050210, 0x0000017c7b04f270, 0x0000017c7b0511b0,
0x0000017c7b052150, 0x0000017c7b0538c0, 0x0000017c7b055fd0, 0x0000017c7b054090,
0x0000017c7b0530f0, 0x0000017c7b059e50, 0x0000017c7b0586e0, 0x0000017c7b059680,
0x0000017c7b05a620, 0x0000017c7b05e4a0, 0x0000017c7b05cd30, 0x0000017c7b05dcd0,
0x0000017c7b05b5c0, 0x0000017c7b05bd90, 0x0000017c7b0632c0, 0x0000017c7b0603e0,
0x0000017c7b064260, 0x0000017c7b064a30, 0x0000017c7b061380, 0x0000017c7b061b50,
0x0000017c7b066970, 0x0000017c7b067140, 0x0000017c7ac2c790, 0x0000017c7ac2d730,
0x0000017c7ac2e6d0, 0x0000017c7ac2cf60, 0x0000017c7ac315b0, 0x0000017c7ac32550,
0x0000017c7ac363d0, 0x0000017c7ac35430, 0x0000017c7ac334f0, 0x0000017c7ac3a250,
0x0000017c7ac37370, 0x0000017c7ac3b9c0, 0x0000017c7ac3b1f0, 0x0000017c7ac3c190,
0x0000017c7ac3f070, 0x0000017c7ac3d130, 0x0000017c7ac3d900, 0x0000017c7ac3c960,
0x0000017c7ac407e0, 0x0000017c7ac42720, 0x0000017c7ac40fb0, 0x0000017c7ac484e0,
0x0000017c7ac49480, 0x0000017c78311210, 0x0000017c783121b0, 0x0000017c78313150,
0x0000017c78310a40, 0x0000017c78315090, 0x0000017c78316800, 0x0000017c783140f0,
0x0000017c783177a0, 0x0000017c783148c0, 0x0000017c78318740, 0x0000017c78318f10,
0x0000017c7831cd90, 0x0000017c7831d560, 0x0000017c78319eb0, 0x0000017c7831ae50,
0x0000017c7831fc70, 0x0000017c78320c10, 0x0000017c783213e0, 0x0000017c7831ecd0,
0x0000017c783242c0, 0x0000017c78325260, 0x0000017c78324a90, 0x0000017c78322b50,
0x0000017c783271a0, 0x0000017c783298b0, 0x0000017c7832a080, 0x0000017c7832a850,
0x0000017c78328140, 0x0000017c7832df00, 0x0000017c25747d40, 0x0000017c25749c80,
0x0000017c2574a450, 0x0000017c2574ac20, 0x0000017c2574cb60, 0x0000017c2574c390,
0x0000017c257530f0, 0x0000017c25752920, 0x0000017c25755800, 0x0000017c750517a0,
0x0000017c26265720, 0x0000017c26afd6b0, 0x0000017c2626bcb0, 0x0000017c2626cc50,
0x0000017c262695a0, 0x0000017c26275120, 0x0000017c26274950, 0x0000017c262787d0,
0x0000017c26277830, 0x0000017c2627b6b0, 0x0000017c26279770, 0x0000017c2627a710,
0x0000017c26280ca0, 0x0000017c2627d5f0, 0x0000017c2627f530, 0x0000017c262804d0,
0x0000017c26281470, 0x0000017c26282be0, 0x0000017c262833b0, 0x0000017c293015f0,
0x0000017c29300e20, 0x0000017c29302d60, 0x0000017c29301dc0, 0x0000017c29306410,
0x0000017c29305c40, 0x0000017c29305470, 0x0000017c2930aa60, 0x0000017c2930a290,
0x0000017c2930ba00, 0x0000017c29309ac0, 0x0000017c29310050, 0x0000017c2930d940,
0x0000017c2930e110, 0x0000017c29311f90, 0x0000017c2930f0b0, 0x0000017c29312760,
0x0000017c268438b0, 0x0000017c76fa00d0, 0x0000017c29231390, 0x0000017c24414c10,
0x0000017c29319c90, 0x0000017c2931c3a0, 0x0000017c2931d340, 0x0000017c292e50d0,
0x0000017c292ea6c0, 0x0000017c292eb660
}

Java Threads: ( => current thread )
  0x0000017c5d9d9610 JavaThread "main"                              [_thread_blocked, id=1624, stack(0x0000003aa5a00000,0x0000003aa5b00000) (1024K)]
  0x0000017c6e086040 JavaThread "Common-Cleaner"             daemon [_thread_blocked, id=4160, stack(0x0000003aa6200000,0x0000003aa6300000) (1024K)]
  0x0000017c7503a610 JavaThread "Reference Handler"          daemon [_thread_blocked, id=18796, stack(0x0000003aa6300000,0x0000003aa6400000) (1024K)]
  0x0000017c7500b610 JavaThread "Finalizer"                  daemon [_thread_blocked, id=19392, stack(0x0000003aa6400000,0x0000003aa6500000) (1024K)]
  0x0000017c7501a660 JavaThread "Signal Dispatcher"          daemon [_thread_blocked, id=25392, stack(0x0000003aa6500000,0x0000003aa6600000) (1024K)]
  0x0000017c7501ba80 JavaThread "Attach Listener"            daemon [_thread_blocked, id=13208, stack(0x0000003aa6600000,0x0000003aa6700000) (1024K)]
  0x0000017c7501e650 JavaThread "Service Thread"             daemon [_thread_blocked, id=24608, stack(0x0000003aa6700000,0x0000003aa6800000) (1024K)]
  0x0000017c7504b6d0 JavaThread "Monitor Deflation Thread"   daemon [_thread_blocked, id=21380, stack(0x0000003aa6800000,0x0000003aa6900000) (1024K)]
  0x0000017c7501f940 JavaThread "C2 CompilerThread0"         daemon [_thread_blocked, id=26016, stack(0x0000003aa6900000,0x0000003aa6a00000) (1024K)]
  0x0000017c7505b8c0 JavaThread "C1 CompilerThread0"         daemon [_thread_blocked, id=17348, stack(0x0000003aa6a00000,0x0000003aa6b00000) (1024K)]
  0x0000017c75424490 JavaThread "Notification Thread"        daemon [_thread_blocked, id=16112, stack(0x0000003aa6c00000,0x0000003aa6d00000) (1024K)]
  0x0000017c77b7be50 JavaThread "Daemon health stats"               [_thread_blocked, id=20048, stack(0x0000003aa7200000,0x0000003aa7300000) (1024K)]
  0x0000017c77fa9380 JavaThread "Incoming local TCP Connector on port 59736"        [_thread_in_native, id=11388, stack(0x0000003aa7300000,0x0000003aa7400000) (1024K)]
  0x0000017c77bbe0d0 JavaThread "Daemon periodic checks"            [_thread_blocked, id=25252, stack(0x0000003aa7400000,0x0000003aa7500000) (1024K)]
  0x0000017c77f758c0 JavaThread "Daemon"                            [_thread_blocked, id=14228, stack(0x0000003aa7e00000,0x0000003aa7f00000) (1024K)]
  0x0000017c77f740c0 JavaThread "Handler for socket connection from /127.0.0.1:59736 to /127.0.0.1:59737"        [_thread_in_native, id=24268, stack(0x0000003aa7f00000,0x0000003aa8000000) (1024K)]
  0x0000017c77d41180 JavaThread "Cancel handler"                    [_thread_blocked, id=17112, stack(0x0000003aa8000000,0x0000003aa8100000) (1024K)]
  0x0000017c77c920b0 JavaThread "Daemon worker"                     [_thread_blocked, id=8848, stack(0x0000003aa8100000,0x0000003aa8200000) (1024K)]
  0x0000017c77c91110 JavaThread "Asynchronous log dispatcher for DefaultDaemonConnection: socket connection from /127.0.0.1:59736 to /127.0.0.1:59737"        [_thread_blocked, id=26232, stack(0x0000003aa8200000,0x0000003aa8300000) (1024K)]
  0x0000017c77c93820 JavaThread "Stdin handler"                     [_thread_blocked, id=20948, stack(0x0000003aa8300000,0x0000003aa8400000) (1024K)]
  0x0000017c77ef69f0 JavaThread "Daemon client event forwarder"        [_thread_blocked, id=14284, stack(0x0000003aa8400000,0x0000003aa8500000) (1024K)]
  0x0000017c77ef71c0 JavaThread "Cache worker for journal cache (C:\Users\othon\.gradle\caches\journal-1)"        [_thread_blocked, id=26328, stack(0x0000003aa8500000,0x0000003aa8600000) (1024K)]
  0x0000017c77ef7990 JavaThread "File lock request listener"        [_thread_in_native, id=9492, stack(0x0000003aa8600000,0x0000003aa8700000) (1024K)]
  0x0000017c77efcf80 JavaThread "Cache worker for file hash cache (C:\Users\othon\.gradle\caches\9.3.1\fileHashes)"        [_thread_blocked, id=21628, stack(0x0000003aa8700000,0x0000003aa8800000) (1024K)]
  0x0000017c77efc7b0 JavaThread "Cache worker for file hash cache (C:\Users\othon\Documents\clima\weather_app\android\.gradle\9.3.1\fileHashes)"        [_thread_blocked, id=14584, stack(0x0000003aa8800000,0x0000003aa8900000) (1024K)]
  0x0000017c77efb810 JavaThread "Cache worker for Build Output Cleanup Cache (C:\Users\othon\Documents\clima\weather_app\android\.gradle\buildOutputCleanup)"        [_thread_blocked, id=12436, stack(0x0000003aa8900000,0x0000003aa8a00000) (1024K)]
  0x0000017c77efbfe0 JavaThread "File watcher server"        daemon [_thread_blocked, id=15760, stack(0x0000003aa8a00000,0x0000003aa8b00000) (1024K)]
  0x0000017c788bee30 JavaThread "File watcher consumer"      daemon [_thread_blocked, id=13196, stack(0x0000003aa8b00000,0x0000003aa8c00000) (1024K)]
  0x0000017c788c24e0 JavaThread "Cache worker for checksums cache (C:\Users\othon\Documents\clima\weather_app\android\.gradle\9.3.1\checksums)"        [_thread_blocked, id=17952, stack(0x0000003aa8c00000,0x0000003aa8d00000) (1024K)]
  0x0000017c788c2cb0 JavaThread "Cache worker for file content cache (C:\Users\othon\.gradle\caches\9.3.1\fileContent)"        [_thread_blocked, id=26500, stack(0x0000003aa8d00000,0x0000003aa8e00000) (1024K)]
  0x0000017c788c3480 JavaThread "Cache worker for cache directory md-supplier (C:\Users\othon\.gradle\caches\9.3.1\md-supplier)"        [_thread_blocked, id=26204, stack(0x0000003aa8e00000,0x0000003aa8f00000) (1024K)]
  0x0000017c788c3c50 JavaThread "Cache worker for cache directory md-rule (C:\Users\othon\.gradle\caches\9.3.1\md-rule)"        [_thread_blocked, id=1840, stack(0x0000003aa8f00000,0x0000003aa9000000) (1024K)]
  0x0000017c78a50ca0 JavaThread "Cache worker for Build Output Cleanup Cache (C:\src\flutter\packages\flutter_tools\gradle\.gradle\buildOutputCleanup)"        [_thread_blocked, id=8092, stack(0x0000003aa9000000,0x0000003aa9100000) (1024K)]
  0x0000017c78a52410 JavaThread "Unconstrained build operations"        [_thread_blocked, id=4344, stack(0x0000003aa9100000,0x0000003aa9200000) (1024K)]
  0x0000017c78a4fd00 JavaThread "Unconstrained build operations Thread 2"        [_thread_blocked, id=22228, stack(0x0000003aa9200000,0x0000003aa9300000) (1024K)]
  0x0000017c78a4ed60 JavaThread "Unconstrained build operations Thread 3"        [_thread_blocked, id=24204, stack(0x0000003aa9300000,0x0000003aa9400000) (1024K)]
  0x0000017c78a51c40 JavaThread "Unconstrained build operations Thread 4"        [_thread_blocked, id=10684, stack(0x0000003aa9400000,0x0000003aa9500000) (1024K)]
  0x0000017c78a552f0 JavaThread "Unconstrained build operations Thread 5"        [_thread_blocked, id=836, stack(0x0000003aa9500000,0x0000003aa9600000) (1024K)]
  0x0000017c78a53b80 JavaThread "Unconstrained build operations Thread 6"        [_thread_blocked, id=16924, stack(0x0000003aa9600000,0x0000003aa9700000) (1024K)]
  0x0000017c78a54b20 JavaThread "Unconstrained build operations Thread 7"        [_thread_blocked, id=12836, stack(0x0000003aa9700000,0x0000003aa9800000) (1024K)]
  0x0000017c78d73f90 JavaThread "Unconstrained build operations Thread 8"        [_thread_blocked, id=3880, stack(0x0000003aa9800000,0x0000003aa9900000) (1024K)]
  0x0000017c78d72050 JavaThread "Unconstrained build operations Thread 9"        [_thread_blocked, id=25800, stack(0x0000003aa9900000,0x0000003aa9a00000) (1024K)]
  0x0000017c78d74760 JavaThread "Unconstrained build operations Thread 10"        [_thread_blocked, id=8876, stack(0x0000003aa9a00000,0x0000003aa9b00000) (1024K)]
  0x0000017c78d75ed0 JavaThread "Unconstrained build operations Thread 11"        [_thread_blocked, id=8120, stack(0x0000003aa9b00000,0x0000003aa9c00000) (1024K)]
  0x0000017c78d76e70 JavaThread "Unconstrained build operations Thread 12"        [_thread_blocked, id=26172, stack(0x0000003aa9c00000,0x0000003aa9d00000) (1024K)]
  0x0000017c78d77640 JavaThread "Unconstrained build operations Thread 13"        [_thread_blocked, id=25908, stack(0x0000003aa9d00000,0x0000003aa9e00000) (1024K)]
  0x0000017c78d78db0 JavaThread "Unconstrained build operations Thread 14"        [_thread_blocked, id=19112, stack(0x0000003aa9e00000,0x0000003aa9f00000) (1024K)]
  0x0000017c78cbd770 JavaThread "Unconstrained build operations Thread 15"        [_thread_blocked, id=25980, stack(0x0000003aa9f00000,0x0000003aaa000000) (1024K)]
  0x0000017c78cbb060 JavaThread "Unconstrained build operations Thread 16"        [_thread_blocked, id=26184, stack(0x0000003aaa000000,0x0000003aaa100000) (1024K)]
  0x0000017c78cbc7d0 JavaThread "Unconstrained build operations Thread 17"        [_thread_blocked, id=26456, stack(0x0000003aaa100000,0x0000003aaa200000) (1024K)]
  0x0000017c78cbeee0 JavaThread "Unconstrained build operations Thread 18"        [_thread_blocked, id=5200, stack(0x0000003aaa200000,0x0000003aaa300000) (1024K)]
  0x0000017c78cbf6b0 JavaThread "Unconstrained build operations Thread 19"        [_thread_blocked, id=7800, stack(0x0000003aaa300000,0x0000003aaa400000) (1024K)]
  0x0000017c78cc0650 JavaThread "Unconstrained build operations Thread 20"        [_thread_blocked, id=5004, stack(0x0000003aaa400000,0x0000003aaa500000) (1024K)]
  0x0000017c78cc0e20 JavaThread "Unconstrained build operations Thread 21"        [_thread_blocked, id=21368, stack(0x0000003aaa500000,0x0000003aaa600000) (1024K)]
  0x0000017c78cc1dc0 JavaThread "Unconstrained build operations Thread 22"        [_thread_blocked, id=3200, stack(0x0000003aaa600000,0x0000003aaa700000) (1024K)]
  0x0000017c7989a2c0 JavaThread "Unconstrained build operations Thread 23"        [_thread_blocked, id=7756, stack(0x0000003aaa700000,0x0000003aaa800000) (1024K)]
  0x0000017c7989b260 JavaThread "Unconstrained build operations Thread 24"        [_thread_blocked, id=24356, stack(0x0000003aaa800000,0x0000003aaa900000) (1024K)]
  0x0000017c7989ba30 JavaThread "Unconstrained build operations Thread 25"        [_thread_blocked, id=13452, stack(0x0000003aaa900000,0x0000003aaaa00000) (1024K)]
  0x0000017c7989c200 JavaThread "Unconstrained build operations Thread 26"        [_thread_blocked, id=21868, stack(0x0000003aaaa00000,0x0000003aaab00000) (1024K)]
  0x0000017c79899af0 JavaThread "Unconstrained build operations Thread 27"        [_thread_blocked, id=6824, stack(0x0000003aaab00000,0x0000003aaac00000) (1024K)]
  0x0000017c798a0080 JavaThread "Unconstrained build operations Thread 28"        [_thread_blocked, id=3532, stack(0x0000003aaac00000,0x0000003aaad00000) (1024K)]
  0x0000017c7989e910 JavaThread "Unconstrained build operations Thread 29"        [_thread_blocked, id=25244, stack(0x0000003aaad00000,0x0000003aaae00000) (1024K)]
  0x0000017c798a0850 JavaThread "Unconstrained build operations Thread 30"        [_thread_blocked, id=6084, stack(0x0000003aaae00000,0x0000003aaaf00000) (1024K)]
  0x0000017c7a348130 JavaThread "Unconstrained build operations Thread 31"        [_thread_blocked, id=4724, stack(0x0000003aaaf00000,0x0000003aab000000) (1024K)]
  0x0000017c7a34b7e0 JavaThread "Unconstrained build operations Thread 32"        [_thread_blocked, id=20852, stack(0x0000003aab000000,0x0000003aab100000) (1024K)]
  0x0000017c7a3490d0 JavaThread "Unconstrained build operations Thread 33"        [_thread_blocked, id=9736, stack(0x0000003aab100000,0x0000003aab200000) (1024K)]
  0x0000017c7a34a070 JavaThread "Unconstrained build operations Thread 34"        [_thread_blocked, id=13408, stack(0x0000003aab200000,0x0000003aab300000) (1024K)]
  0x0000017c7a34bfb0 JavaThread "Unconstrained build operations Thread 35"        [_thread_blocked, id=16988, stack(0x0000003aab300000,0x0000003aab400000) (1024K)]
  0x0000017c7a34def0 JavaThread "Unconstrained build operations Thread 36"        [_thread_blocked, id=9532, stack(0x0000003aab400000,0x0000003aab500000) (1024K)]
  0x0000017c7a34cf50 JavaThread "Unconstrained build operations Thread 37"        [_thread_blocked, id=10704, stack(0x0000003aab500000,0x0000003aab600000) (1024K)]
  0x0000017c7a34d720 JavaThread "Unconstrained build operations Thread 38"        [_thread_blocked, id=11128, stack(0x0000003aab600000,0x0000003aab700000) (1024K)]
  0x0000017c7a2a2290 JavaThread "Unconstrained build operations Thread 39"        [_thread_blocked, id=24692, stack(0x0000003aab700000,0x0000003aab800000) (1024K)]
  0x0000017c7a2a0b20 JavaThread "Unconstrained build operations Thread 40"        [_thread_blocked, id=17832, stack(0x0000003aab800000,0x0000003aab900000) (1024K)]
  0x0000017c7a29f3b0 JavaThread "Unconstrained build operations Thread 41"        [_thread_blocked, id=8100, stack(0x0000003aab900000,0x0000003aaba00000) (1024K)]
  0x0000017c7a29fb80 JavaThread "Unconstrained build operations Thread 42"        [_thread_blocked, id=2240, stack(0x0000003aaba00000,0x0000003aabb00000) (1024K)]
  0x0000017c7a2a3a00 JavaThread "Unconstrained build operations Thread 43"        [_thread_blocked, id=21092, stack(0x0000003aabb00000,0x0000003aabc00000) (1024K)]
  0x0000017c7a2a68e0 JavaThread "Unconstrained build operations Thread 44"        [_thread_blocked, id=1388, stack(0x0000003aabc00000,0x0000003aabd00000) (1024K)]
  0x0000017c7a2a41d0 JavaThread "Unconstrained build operations Thread 45"        [_thread_blocked, id=16472, stack(0x0000003aabd00000,0x0000003aabe00000) (1024K)]
  0x0000017c7a2a49a0 JavaThread "Memory manager"                    [_thread_blocked, id=10236, stack(0x0000003aabe00000,0x0000003aabf00000) (1024K)]
  0x0000017c7a2a6110 JavaThread "build event listener"              [_thread_blocked, id=17816, stack(0x0000003aabf00000,0x0000003aac000000) (1024K)]
  0x0000017c7a2a9f90 JavaThread "included builds"                   [_thread_blocked, id=16520, stack(0x0000003aac000000,0x0000003aac100000) (1024K)]
  0x0000017c7a2a8ff0 JavaThread "Execution worker"                  [_thread_blocked, id=22992, stack(0x0000003aac100000,0x0000003aac200000) (1024K)]
  0x0000017c7a2aaf30 JavaThread "Execution worker Thread 2"         [_thread_blocked, id=25316, stack(0x0000003aac200000,0x0000003aac300000) (1024K)]
  0x0000017c7a2ac6a0 JavaThread "Execution worker Thread 3"         [_thread_blocked, id=21800, stack(0x0000003aac300000,0x0000003aac400000) (1024K)]
  0x0000017c7a2abed0 JavaThread "Execution worker Thread 4"         [_thread_blocked, id=4228, stack(0x0000003aac400000,0x0000003aac500000) (1024K)]
  0x0000017c7a2ae5e0 JavaThread "Execution worker Thread 5"         [_thread_blocked, id=19144, stack(0x0000003aac500000,0x0000003aac600000) (1024K)]
  0x0000017c7a2ad640 JavaThread "Execution worker Thread 6"         [_thread_blocked, id=26600, stack(0x0000003aac600000,0x0000003aac700000) (1024K)]
  0x0000017c7b11d840 JavaThread "Execution worker Thread 7"         [_thread_blocked, id=3572, stack(0x0000003aac700000,0x0000003aac800000) (1024K)]
  0x0000017c7b11efb0 JavaThread "Execution worker Thread 8"         [_thread_blocked, id=24652, stack(0x0000003aac800000,0x0000003aac900000) (1024K)]
  0x0000017c7b11e7e0 JavaThread "Execution worker Thread 9"         [_thread_blocked, id=26272, stack(0x0000003aac900000,0x0000003aaca00000) (1024K)]
  0x0000017c7b11f780 JavaThread "Execution worker Thread 10"        [_thread_blocked, id=3216, stack(0x0000003aaca00000,0x0000003aacb00000) (1024K)]
  0x0000017c7b122660 JavaThread "Execution worker Thread 11"        [_thread_blocked, id=25280, stack(0x0000003aacb00000,0x0000003aacc00000) (1024K)]
  0x0000017c7b121e90 JavaThread "Execution worker Thread 12"        [_thread_blocked, id=5372, stack(0x0000003aacc00000,0x0000003aacd00000) (1024K)]
  0x0000017c7b122e30 JavaThread "Execution worker Thread 13"        [_thread_blocked, id=25624, stack(0x0000003aacd00000,0x0000003aace00000) (1024K)]
  0x0000017c7b123dd0 JavaThread "Execution worker Thread 14"        [_thread_blocked, id=10280, stack(0x0000003aace00000,0x0000003aacf00000) (1024K)]
  0x0000017c7b1245a0 JavaThread "Execution worker Thread 15"        [_thread_blocked, id=2100, stack(0x0000003aacf00000,0x0000003aad000000) (1024K)]
  0x0000017c7b125540 JavaThread "Cache worker for execution history cache (C:\src\flutter\packages\flutter_tools\gradle\.gradle\9.3.1\executionHistory)"        [_thread_blocked, id=24804, stack(0x0000003aad000000,0x0000003aad100000) (1024K)]
  0x0000017c7b1264e0 JavaThread "Unconstrained build operations Thread 46"        [_thread_blocked, id=10840, stack(0x0000003aad100000,0x0000003aad200000) (1024K)]
  0x0000017c7b128420 JavaThread "Unconstrained build operations Thread 47"        [_thread_blocked, id=14360, stack(0x0000003aad200000,0x0000003aad300000) (1024K)]
  0x0000017c7b124d70 JavaThread "Unconstrained build operations Thread 48"        [_thread_blocked, id=23068, stack(0x0000003aad300000,0x0000003aad400000) (1024K)]
  0x0000017c7b1293c0 JavaThread "Unconstrained build operations Thread 49"        [_thread_blocked, id=17436, stack(0x0000003aad400000,0x0000003aad500000) (1024K)]
  0x0000017c7b12ab30 JavaThread "Unconstrained build operations Thread 50"        [_thread_blocked, id=21104, stack(0x0000003aad500000,0x0000003aad600000) (1024K)]
  0x0000017c7b067d60 JavaThread "Unconstrained build operations Thread 51"        [_thread_blocked, id=23700, stack(0x0000003aad600000,0x0000003aad700000) (1024K)]
  0x0000017c7b06bbe0 JavaThread "Unconstrained build operations Thread 52"        [_thread_blocked, id=11876, stack(0x0000003aad700000,0x0000003aad800000) (1024K)]
  0x0000017c7b068d00 JavaThread "Unconstrained build operations Thread 53"        [_thread_blocked, id=19976, stack(0x0000003aad800000,0x0000003aad900000) (1024K)]
  0x0000017c7b06ac40 JavaThread "Unconstrained build operations Thread 54"        [_thread_blocked, id=25332, stack(0x0000003aad900000,0x0000003aada00000) (1024K)]
  0x0000017c7b06fa60 JavaThread "Unconstrained build operations Thread 55"        [_thread_blocked, id=19672, stack(0x0000003aada00000,0x0000003aadb00000) (1024K)]
  0x0000017c7b06eac0 JavaThread "Unconstrained build operations Thread 56"        [_thread_blocked, id=22136, stack(0x0000003aadb00000,0x0000003aadc00000) (1024K)]
  0x0000017c7b070230 JavaThread "Unconstrained build operations Thread 57"        [_thread_blocked, id=17808, stack(0x0000003aadc00000,0x0000003aadd00000) (1024K)]
  0x0000017c7b06cb80 JavaThread "Unconstrained build operations Thread 58"        [_thread_blocked, id=2564, stack(0x0000003aadd00000,0x0000003aade00000) (1024K)]
  0x0000017c7b0711d0 JavaThread "Unconstrained build operations Thread 59"        [_thread_blocked, id=6828, stack(0x0000003aade00000,0x0000003aadf00000) (1024K)]
  0x0000017c7b0719a0 JavaThread "Unconstrained build operations Thread 60"        [_thread_blocked, id=11480, stack(0x0000003aadf00000,0x0000003aae000000) (1024K)]
  0x0000017c7b075050 JavaThread "Unconstrained build operations Thread 61"        [_thread_blocked, id=25640, stack(0x0000003aae000000,0x0000003aae100000) (1024K)]
  0x0000017c7b0738e0 JavaThread "Unconstrained build operations Thread 62"        [_thread_blocked, id=3888, stack(0x0000003aae100000,0x0000003aae200000) (1024K)]
  0x0000017c7b0740b0 JavaThread "Unconstrained build operations Thread 63"        [_thread_blocked, id=26484, stack(0x0000003aae200000,0x0000003aae300000) (1024K)]
  0x0000017c7b072940 JavaThread "Unconstrained build operations Thread 64"        [_thread_blocked, id=23408, stack(0x0000003aae300000,0x0000003aae400000) (1024K)]
  0x0000017c7b072170 JavaThread "Unconstrained build operations Thread 65"        [_thread_blocked, id=5436, stack(0x0000003aae400000,0x0000003aae500000) (1024K)]
  0x0000017c7b076f90 JavaThread "Unconstrained build operations Thread 66"        [_thread_blocked, id=22032, stack(0x0000003aae500000,0x0000003aae600000) (1024K)]
  0x0000017c7afe8e70 JavaThread "Unconstrained build operations Thread 67"        [_thread_blocked, id=4520, stack(0x0000003aae600000,0x0000003aae700000) (1024K)]
  0x0000017c7afe6f30 JavaThread "Unconstrained build operations Thread 68"        [_thread_blocked, id=17780, stack(0x0000003aae700000,0x0000003aae800000) (1024K)]
  0x0000017c7afe5f90 JavaThread "Unconstrained build operations Thread 69"        [_thread_blocked, id=9436, stack(0x0000003aae800000,0x0000003aae900000) (1024K)]
  0x0000017c7afea5e0 JavaThread "Unconstrained build operations Thread 70"        [_thread_blocked, id=10900, stack(0x0000003aae900000,0x0000003aaea00000) (1024K)]
  0x0000017c7afeb580 JavaThread "Unconstrained build operations Thread 71"        [_thread_blocked, id=24560, stack(0x0000003aaea00000,0x0000003aaeb00000) (1024K)]
  0x0000017c7afe7ed0 JavaThread "Unconstrained build operations Thread 72"        [_thread_blocked, id=2924, stack(0x0000003aaeb00000,0x0000003aaec00000) (1024K)]
  0x0000017c7afeccf0 JavaThread "Unconstrained build operations Thread 73"        [_thread_blocked, id=9812, stack(0x0000003aaec00000,0x0000003aaed00000) (1024K)]
  0x0000017c7aff0b70 JavaThread "Unconstrained build operations Thread 74"        [_thread_blocked, id=7700, stack(0x0000003aaed00000,0x0000003aaee00000) (1024K)]
  0x0000017c7afee460 JavaThread "Unconstrained build operations Thread 75"        [_thread_blocked, id=26268, stack(0x0000003aaee00000,0x0000003aaef00000) (1024K)]
  0x0000017c7aff1340 JavaThread "Unconstrained build operations Thread 76"        [_thread_blocked, id=8148, stack(0x0000003aaef00000,0x0000003aaf000000) (1024K)]
  0x0000017c7aff1b10 JavaThread "Unconstrained build operations Thread 77"        [_thread_blocked, id=18832, stack(0x0000003aaf000000,0x0000003aaf100000) (1024K)]
  0x0000017c7afeec30 JavaThread "Unconstrained build operations Thread 78"        [_thread_blocked, id=19128, stack(0x0000003aaf100000,0x0000003aaf200000) (1024K)]
  0x0000017c7afefbd0 JavaThread "Unconstrained build operations Thread 79"        [_thread_blocked, id=21900, stack(0x0000003aaf200000,0x0000003aaf300000) (1024K)]
  0x0000017c7aff3a50 JavaThread "Unconstrained build operations Thread 80"        [_thread_blocked, id=21020, stack(0x0000003aaf300000,0x0000003aaf400000) (1024K)]
  0x0000017c7aff4220 JavaThread "Unconstrained build operations Thread 81"        [_thread_blocked, id=17612, stack(0x0000003aaf400000,0x0000003aaf500000) (1024K)]
  0x0000017c7aff51c0 JavaThread "Unconstrained build operations Thread 82"        [_thread_blocked, id=15544, stack(0x0000003aaf500000,0x0000003aaf600000) (1024K)]
  0x0000017c7b047d40 JavaThread "Unconstrained build operations Thread 83"        [_thread_blocked, id=25668, stack(0x0000003aaf600000,0x0000003aaf700000) (1024K)]
  0x0000017c7b04a450 JavaThread "Unconstrained build operations Thread 84"        [_thread_blocked, id=24656, stack(0x0000003aaf700000,0x0000003aaf800000) (1024K)]
  0x0000017c7b048510 JavaThread "Unconstrained build operations Thread 85"        [_thread_blocked, id=18104, stack(0x0000003aaf800000,0x0000003aaf900000) (1024K)]
  0x0000017c7b04c390 JavaThread "Unconstrained build operations Thread 86"        [_thread_blocked, id=9568, stack(0x0000003aaf900000,0x0000003aafa00000) (1024K)]
  0x0000017c7b0494b0 JavaThread "Unconstrained build operations Thread 87"        [_thread_blocked, id=15712, stack(0x0000003aafa00000,0x0000003aafb00000) (1024K)]
  0x0000017c7b049c80 JavaThread "Unconstrained build operations Thread 88"        [_thread_blocked, id=14308, stack(0x0000003aafb00000,0x0000003aafc00000) (1024K)]
  0x0000017c7b04fa40 JavaThread "Unconstrained build operations Thread 89"        [_thread_blocked, id=8628, stack(0x0000003aafc00000,0x0000003aafd00000) (1024K)]
  0x0000017c7b050210 JavaThread "Unconstrained build operations Thread 90"        [_thread_blocked, id=13476, stack(0x0000003aafd00000,0x0000003aafe00000) (1024K)]
  0x0000017c7b04f270 JavaThread "Unconstrained build operations Thread 91"        [_thread_blocked, id=24624, stack(0x0000003aafe00000,0x0000003aaff00000) (1024K)]
  0x0000017c7b0511b0 JavaThread "Unconstrained build operations Thread 92"        [_thread_blocked, id=4948, stack(0x0000003aaff00000,0x0000003ab0000000) (1024K)]
  0x0000017c7b052150 JavaThread "Unconstrained build operations Thread 93"        [_thread_blocked, id=6748, stack(0x0000003ab0000000,0x0000003ab0100000) (1024K)]
  0x0000017c7b0538c0 JavaThread "Unconstrained build operations Thread 94"        [_thread_blocked, id=12448, stack(0x0000003ab0100000,0x0000003ab0200000) (1024K)]
  0x0000017c7b055fd0 JavaThread "Unconstrained build operations Thread 95"        [_thread_blocked, id=11248, stack(0x0000003ab0200000,0x0000003ab0300000) (1024K)]
  0x0000017c7b054090 JavaThread "Unconstrained build operations Thread 96"        [_thread_blocked, id=15524, stack(0x0000003ab0300000,0x0000003ab0400000) (1024K)]
  0x0000017c7b0530f0 JavaThread "Unconstrained build operations Thread 97"        [_thread_blocked, id=17312, stack(0x0000003ab0400000,0x0000003ab0500000) (1024K)]
  0x0000017c7b059e50 JavaThread "Unconstrained build operations Thread 98"        [_thread_blocked, id=18752, stack(0x0000003ab0500000,0x0000003ab0600000) (1024K)]
  0x0000017c7b0586e0 JavaThread "Unconstrained build operations Thread 99"        [_thread_blocked, id=24724, stack(0x0000003ab0600000,0x0000003ab0700000) (1024K)]
  0x0000017c7b059680 JavaThread "Unconstrained build operations Thread 100"        [_thread_blocked, id=23116, stack(0x0000003ab0700000,0x0000003ab0800000) (1024K)]
  0x0000017c7b05a620 JavaThread "Unconstrained build operations Thread 101"        [_thread_blocked, id=7504, stack(0x0000003ab0800000,0x0000003ab0900000) (1024K)]
  0x0000017c7b05e4a0 JavaThread "Unconstrained build operations Thread 102"        [_thread_blocked, id=14620, stack(0x0000003ab0900000,0x0000003ab0a00000) (1024K)]
  0x0000017c7b05cd30 JavaThread "Unconstrained build operations Thread 103"        [_thread_blocked, id=23564, stack(0x0000003ab0a00000,0x0000003ab0b00000) (1024K)]
  0x0000017c7b05dcd0 JavaThread "Unconstrained build operations Thread 104"        [_thread_blocked, id=7900, stack(0x0000003ab0b00000,0x0000003ab0c00000) (1024K)]
  0x0000017c7b05b5c0 JavaThread "Unconstrained build operations Thread 105"        [_thread_blocked, id=18848, stack(0x0000003ab0c00000,0x0000003ab0d00000) (1024K)]
  0x0000017c7b05bd90 JavaThread "Unconstrained build operations Thread 106"        [_thread_blocked, id=20468, stack(0x0000003ab0d00000,0x0000003ab0e00000) (1024K)]
  0x0000017c7b0632c0 JavaThread "Unconstrained build operations Thread 107"        [_thread_blocked, id=1320, stack(0x0000003ab0e00000,0x0000003ab0f00000) (1024K)]
  0x0000017c7b0603e0 JavaThread "Unconstrained build operations Thread 108"        [_thread_blocked, id=25472, stack(0x0000003ab0f00000,0x0000003ab1000000) (1024K)]
  0x0000017c7b064260 JavaThread "Unconstrained build operations Thread 109"        [_thread_blocked, id=24424, stack(0x0000003ab1000000,0x0000003ab1100000) (1024K)]
  0x0000017c7b064a30 JavaThread "Unconstrained build operations Thread 110"        [_thread_blocked, id=15672, stack(0x0000003ab1100000,0x0000003ab1200000) (1024K)]
  0x0000017c7b061380 JavaThread "Unconstrained build operations Thread 111"        [_thread_blocked, id=13172, stack(0x0000003ab1200000,0x0000003ab1300000) (1024K)]
  0x0000017c7b061b50 JavaThread "Unconstrained build operations Thread 112"        [_thread_blocked, id=8348, stack(0x0000003ab1300000,0x0000003ab1400000) (1024K)]
  0x0000017c7b066970 JavaThread "Unconstrained build operations Thread 113"        [_thread_blocked, id=11896, stack(0x0000003ab1400000,0x0000003ab1500000) (1024K)]
  0x0000017c7b067140 JavaThread "Unconstrained build operations Thread 114"        [_thread_blocked, id=2812, stack(0x0000003ab1500000,0x0000003ab1600000) (1024K)]
  0x0000017c7ac2c790 JavaThread "Unconstrained build operations Thread 115"        [_thread_blocked, id=12120, stack(0x0000003ab1600000,0x0000003ab1700000) (1024K)]
  0x0000017c7ac2d730 JavaThread "Unconstrained build operations Thread 116"        [_thread_blocked, id=8808, stack(0x0000003ab1700000,0x0000003ab1800000) (1024K)]
  0x0000017c7ac2e6d0 JavaThread "Unconstrained build operations Thread 117"        [_thread_blocked, id=26148, stack(0x0000003ab1800000,0x0000003ab1900000) (1024K)]
  0x0000017c7ac2cf60 JavaThread "Unconstrained build operations Thread 118"        [_thread_blocked, id=12604, stack(0x0000003ab1900000,0x0000003ab1a00000) (1024K)]
  0x0000017c7ac315b0 JavaThread "Unconstrained build operations Thread 119"        [_thread_blocked, id=8524, stack(0x0000003ab1a00000,0x0000003ab1b00000) (1024K)]
  0x0000017c7ac32550 JavaThread "Unconstrained build operations Thread 120"        [_thread_blocked, id=21172, stack(0x0000003ab1b00000,0x0000003ab1c00000) (1024K)]
  0x0000017c7ac363d0 JavaThread "Unconstrained build operations Thread 121"        [_thread_blocked, id=11956, stack(0x0000003ab1c00000,0x0000003ab1d00000) (1024K)]
  0x0000017c7ac35430 JavaThread "Unconstrained build operations Thread 122"        [_thread_blocked, id=24484, stack(0x0000003ab1d00000,0x0000003ab1e00000) (1024K)]
  0x0000017c7ac334f0 JavaThread "Unconstrained build operations Thread 123"        [_thread_blocked, id=12824, stack(0x0000003ab1e00000,0x0000003ab1f00000) (1024K)]
  0x0000017c7ac3a250 JavaThread "Unconstrained build operations Thread 124"        [_thread_blocked, id=21096, stack(0x0000003ab1f00000,0x0000003ab2000000) (1024K)]
  0x0000017c7ac37370 JavaThread "Unconstrained build operations Thread 125"        [_thread_blocked, id=9872, stack(0x0000003ab2000000,0x0000003ab2100000) (1024K)]
  0x0000017c7ac3b9c0 JavaThread "Unconstrained build operations Thread 126"        [_thread_blocked, id=12524, stack(0x0000003ab2100000,0x0000003ab2200000) (1024K)]
  0x0000017c7ac3b1f0 JavaThread "Unconstrained build operations Thread 127"        [_thread_blocked, id=23684, stack(0x0000003ab2200000,0x0000003ab2300000) (1024K)]
  0x0000017c7ac3c190 JavaThread "Unconstrained build operations Thread 128"        [_thread_blocked, id=26440, stack(0x0000003ab2300000,0x0000003ab2400000) (1024K)]
  0x0000017c7ac3f070 JavaThread "Unconstrained build operations Thread 129"        [_thread_blocked, id=18392, stack(0x0000003ab2400000,0x0000003ab2500000) (1024K)]
  0x0000017c7ac3d130 JavaThread "Unconstrained build operations Thread 130"        [_thread_blocked, id=17868, stack(0x0000003ab2500000,0x0000003ab2600000) (1024K)]
  0x0000017c7ac3d900 JavaThread "Unconstrained build operations Thread 131"        [_thread_blocked, id=3256, stack(0x0000003ab2600000,0x0000003ab2700000) (1024K)]
  0x0000017c7ac3c960 JavaThread "Unconstrained build operations Thread 132"        [_thread_blocked, id=25560, stack(0x0000003ab2700000,0x0000003ab2800000) (1024K)]
  0x0000017c7ac407e0 JavaThread "Unconstrained build operations Thread 133"        [_thread_blocked, id=7188, stack(0x0000003ab2800000,0x0000003ab2900000) (1024K)]
  0x0000017c7ac42720 JavaThread "Unconstrained build operations Thread 134"        [_thread_blocked, id=18276, stack(0x0000003ab2900000,0x0000003ab2a00000) (1024K)]
  0x0000017c7ac40fb0 JavaThread "Unconstrained build operations Thread 135"        [_thread_blocked, id=21076, stack(0x0000003ab2a00000,0x0000003ab2b00000) (1024K)]
  0x0000017c7ac484e0 JavaThread "build event listener"              [_thread_blocked, id=22912, stack(0x0000003ab2b00000,0x0000003ab2c00000) (1024K)]
  0x0000017c7ac49480 JavaThread "build event listener"              [_thread_blocked, id=21016, stack(0x0000003ab2c00000,0x0000003ab2d00000) (1024K)]
  0x0000017c78311210 JavaThread "Problems report writer"            [_thread_blocked, id=12776, stack(0x0000003ab2d00000,0x0000003ab2e00000) (1024K)]
  0x0000017c783121b0 JavaThread "jar transforms"                    [_thread_blocked, id=10496, stack(0x0000003ab2e00000,0x0000003ab2f00000) (1024K)]
  0x0000017c78313150 JavaThread "Unconstrained build operations Thread 136"        [_thread_blocked, id=10748, stack(0x0000003ab2f00000,0x0000003ab3000000) (1024K)]
  0x0000017c78310a40 JavaThread "Unconstrained build operations Thread 137"        [_thread_blocked, id=5468, stack(0x0000003ab3000000,0x0000003ab3100000) (1024K)]
  0x0000017c78315090 JavaThread "Unconstrained build operations Thread 138"        [_thread_blocked, id=20824, stack(0x0000003ab3100000,0x0000003ab3200000) (1024K)]
  0x0000017c78316800 JavaThread "Unconstrained build operations Thread 139"        [_thread_blocked, id=24488, stack(0x0000003ab3200000,0x0000003ab3300000) (1024K)]
  0x0000017c783140f0 JavaThread "Unconstrained build operations Thread 140"        [_thread_blocked, id=11892, stack(0x0000003ab3300000,0x0000003ab3400000) (1024K)]
  0x0000017c783177a0 JavaThread "Unconstrained build operations Thread 141"        [_thread_blocked, id=25772, stack(0x0000003ab3400000,0x0000003ab3500000) (1024K)]
  0x0000017c783148c0 JavaThread "Unconstrained build operations Thread 142"        [_thread_blocked, id=7748, stack(0x0000003ab3500000,0x0000003ab3600000) (1024K)]
  0x0000017c78318740 JavaThread "Unconstrained build operations Thread 143"        [_thread_blocked, id=2076, stack(0x0000003ab3600000,0x0000003ab3700000) (1024K)]
  0x0000017c78318f10 JavaThread "Unconstrained build operations Thread 144"        [_thread_blocked, id=25748, stack(0x0000003ab3700000,0x0000003ab3800000) (1024K)]
  0x0000017c7831cd90 JavaThread "Unconstrained build operations Thread 145"        [_thread_blocked, id=8900, stack(0x0000003ab3800000,0x0000003ab3900000) (1024K)]
  0x0000017c7831d560 JavaThread "Unconstrained build operations Thread 146"        [_thread_blocked, id=13472, stack(0x0000003ab3900000,0x0000003ab3a00000) (1024K)]
  0x0000017c78319eb0 JavaThread "Unconstrained build operations Thread 147"        [_thread_blocked, id=19996, stack(0x0000003ab3a00000,0x0000003ab3b00000) (1024K)]
  0x0000017c7831ae50 JavaThread "Unconstrained build operations Thread 148"        [_thread_blocked, id=22976, stack(0x0000003ab3b00000,0x0000003ab3c00000) (1024K)]
  0x0000017c7831fc70 JavaThread "Unconstrained build operations Thread 149"        [_thread_blocked, id=18556, stack(0x0000003ab3c00000,0x0000003ab3d00000) (1024K)]
  0x0000017c78320c10 JavaThread "Unconstrained build operations Thread 150"        [_thread_blocked, id=11636, stack(0x0000003ab3d00000,0x0000003ab3e00000) (1024K)]
  0x0000017c783213e0 JavaThread "Unconstrained build operations Thread 151"        [_thread_blocked, id=21284, stack(0x0000003ab3e00000,0x0000003ab3f00000) (1024K)]
  0x0000017c7831ecd0 JavaThread "Unconstrained build operations Thread 152"        [_thread_blocked, id=13396, stack(0x0000003ab3f00000,0x0000003ab4000000) (1024K)]
  0x0000017c783242c0 JavaThread "Unconstrained build operations Thread 153"        [_thread_blocked, id=16164, stack(0x0000003ab4000000,0x0000003ab4100000) (1024K)]
  0x0000017c78325260 JavaThread "Unconstrained build operations Thread 154"        [_thread_blocked, id=11548, stack(0x0000003ab4100000,0x0000003ab4200000) (1024K)]
  0x0000017c78324a90 JavaThread "Unconstrained build operations Thread 155"        [_thread_blocked, id=15076, stack(0x0000003ab4200000,0x0000003ab4300000) (1024K)]
  0x0000017c78322b50 JavaThread "Unconstrained build operations Thread 156"        [_thread_blocked, id=16720, stack(0x0000003ab4300000,0x0000003ab4400000) (1024K)]
  0x0000017c783271a0 JavaThread "Unconstrained build operations Thread 157"        [_thread_blocked, id=4580, stack(0x0000003ab4400000,0x0000003ab4500000) (1024K)]
  0x0000017c783298b0 JavaThread "Unconstrained build operations Thread 158"        [_thread_blocked, id=17300, stack(0x0000003ab4500000,0x0000003ab4600000) (1024K)]
  0x0000017c7832a080 JavaThread "Unconstrained build operations Thread 159"        [_thread_blocked, id=19116, stack(0x0000003ab4600000,0x0000003ab4700000) (1024K)]
  0x0000017c7832a850 JavaThread "Unconstrained build operations Thread 160"        [_thread_blocked, id=12296, stack(0x0000003ab4700000,0x0000003ab4800000) (1024K)]
  0x0000017c78328140 JavaThread "jar transforms Thread 2"           [_thread_blocked, id=18960, stack(0x0000003ab4800000,0x0000003ab4900000) (1024K)]
  0x0000017c7832df00 JavaThread "jar transforms Thread 3"           [_thread_blocked, id=16324, stack(0x0000003ab4900000,0x0000003ab4a00000) (1024K)]
  0x0000017c25747d40 JavaThread "jar transforms Thread 4"           [_thread_blocked, id=9408, stack(0x0000003ab4a00000,0x0000003ab4b00000) (1024K)]
  0x0000017c25749c80 JavaThread "jar transforms Thread 5"           [_thread_blocked, id=5588, stack(0x0000003ab4b00000,0x0000003ab4c00000) (1024K)]
  0x0000017c2574a450 JavaThread "jar transforms Thread 6"           [_thread_blocked, id=9140, stack(0x0000003ab4c00000,0x0000003ab4d00000) (1024K)]
  0x0000017c2574ac20 JavaThread "jar transforms Thread 7"           [_thread_blocked, id=25672, stack(0x0000003aa6b00000,0x0000003aa6c00000) (1024K)]
  0x0000017c2574cb60 JavaThread "jar transforms Thread 8"           [_thread_blocked, id=11916, stack(0x0000003ab4d00000,0x0000003ab4e00000) (1024K)]
  0x0000017c2574c390 JavaThread "jar transforms Thread 9"           [_thread_blocked, id=25080, stack(0x0000003ab4e00000,0x0000003ab4f00000) (1024K)]
  0x0000017c257530f0 JavaThread "jar transforms Thread 10"          [_thread_blocked, id=24996, stack(0x0000003ab4f00000,0x0000003ab5000000) (1024K)]
  0x0000017c25752920 JavaThread "Cache worker for execution history cache (C:\Users\othon\Documents\clima\weather_app\android\.gradle\9.3.1\executionHistory)"        [_thread_blocked, id=20044, stack(0x0000003aa5800000,0x0000003aa5900000) (1024K)]
  0x0000017c25755800 JavaThread "Exec process"                      [_thread_blocked, id=4272, stack(0x0000003aa5900000,0x0000003aa5a00000) (1024K)]
  0x0000017c750517a0 JavaThread "Exec process Thread 2"             [_thread_blocked, id=9828, stack(0x0000003ab5100000,0x0000003ab5200000) (1024K)]
  0x0000017c26265720 JavaThread "Exec process Thread 3"             [_thread_blocked, id=10488, stack(0x0000003ab5200000,0x0000003ab5300000) (1024K)]
  0x0000017c26afd6b0 JavaThread "C1 CompilerThread1"         daemon [_thread_blocked, id=23268, stack(0x0000003ab5000000,0x0000003ab5100000) (1024K)]
  0x0000017c2626bcb0 JavaThread "WorkerExecutor Queue"              [_thread_blocked, id=9292, stack(0x0000003ab5400000,0x0000003ab5500000) (1024K)]
  0x0000017c2626cc50 JavaThread "WorkerExecutor Queue Thread 2"        [_thread_blocked, id=26556, stack(0x0000003ab5500000,0x0000003ab5600000) (1024K)]
  0x0000017c262695a0 JavaThread "WorkerExecutor Queue Thread 3"        [_thread_blocked, id=2012, stack(0x0000003ab5800000,0x0000003ab5900000) (1024K)]
  0x0000017c26275120 JavaThread "WorkerExecutor Queue Thread 4"        [_thread_blocked, id=7196, stack(0x0000003ab5300000,0x0000003ab5400000) (1024K)]
  0x0000017c26274950 JavaThread "WorkerExecutor Queue Thread 5"        [_thread_blocked, id=6924, stack(0x0000003ab5900000,0x0000003ab5a00000) (1024K)]
  0x0000017c262787d0 JavaThread "WorkerExecutor Queue Thread 7"        [_thread_blocked, id=9732, stack(0x0000003ab5b00000,0x0000003ab5c00000) (1024K)]
  0x0000017c26277830 JavaThread "ForkJoinPool-1-worker-1"    daemon [_thread_blocked, id=14980, stack(0x0000003ab5c00000,0x0000003ab5d00000) (1024K)]
  0x0000017c2627b6b0 JavaThread "ForkJoinPool-1-worker-2"    daemon [_thread_blocked, id=8200, stack(0x0000003ab5d00000,0x0000003ab5e00000) (1024K)]
  0x0000017c26279770 JavaThread "ForkJoinPool-1-worker-3"    daemon [_thread_blocked, id=11848, stack(0x0000003ab5e00000,0x0000003ab5f00000) (1024K)]
  0x0000017c2627a710 JavaThread "ForkJoinPool-1-worker-4"    daemon [_thread_blocked, id=23708, stack(0x0000003ab5f00000,0x0000003ab6000000) (1024K)]
  0x0000017c26280ca0 JavaThread "ForkJoinPool-1-worker-5"    daemon [_thread_blocked, id=24300, stack(0x0000003ab6000000,0x0000003ab6100000) (1024K)]
  0x0000017c2627d5f0 JavaThread "ForkJoinPool-1-worker-6"    daemon [_thread_blocked, id=2304, stack(0x0000003ab6100000,0x0000003ab6200000) (1024K)]
  0x0000017c2627f530 JavaThread "ForkJoinPool-1-worker-7"    daemon [_thread_blocked, id=25412, stack(0x0000003ab6200000,0x0000003ab6300000) (1024K)]
  0x0000017c262804d0 JavaThread "ForkJoinPool-1-worker-8"    daemon [_thread_blocked, id=24168, stack(0x0000003ab6300000,0x0000003ab6400000) (1024K)]
  0x0000017c26281470 JavaThread "ForkJoinPool-1-worker-9"    daemon [_thread_blocked, id=25232, stack(0x0000003ab6400000,0x0000003ab6500000) (1024K)]
  0x0000017c26282be0 JavaThread "ForkJoinPool-1-worker-10"   daemon [_thread_blocked, id=24144, stack(0x0000003ab6500000,0x0000003ab6600000) (1024K)]
  0x0000017c262833b0 JavaThread "ForkJoinPool-1-worker-11"   daemon [_thread_blocked, id=24516, stack(0x0000003ab6600000,0x0000003ab6700000) (1024K)]
  0x0000017c293015f0 JavaThread "ForkJoinPool-1-worker-12"   daemon [_thread_blocked, id=10356, stack(0x0000003ab6700000,0x0000003ab6800000) (1024K)]
  0x0000017c29300e20 JavaThread "ForkJoinPool-1-worker-13"   daemon [_thread_blocked, id=19928, stack(0x0000003ab6800000,0x0000003ab6900000) (1024K)]
  0x0000017c29302d60 JavaThread "ForkJoinPool-1-worker-14"   daemon [_thread_blocked, id=8592, stack(0x0000003ab6900000,0x0000003ab6a00000) (1024K)]
  0x0000017c29301dc0 JavaThread "ForkJoinPool-1-worker-15"   daemon [_thread_blocked, id=11204, stack(0x0000003ab6a00000,0x0000003ab6b00000) (1024K)]
  0x0000017c29306410 JavaThread "ForkJoinPool-1-worker-16"   daemon [_thread_blocked, id=20020, stack(0x0000003ab6b00000,0x0000003ab6c00000) (1024K)]
  0x0000017c29305c40 JavaThread "DefaultDispatcher-worker-1" daemon [_thread_blocked, id=22636, stack(0x0000003ab5a00000,0x0000003ab5b00000) (1024K)]
  0x0000017c29305470 JavaThread "DefaultDispatcher-worker-2" daemon [_thread_blocked, id=14076, stack(0x0000003ab6c00000,0x0000003ab6d00000) (1024K)]
  0x0000017c2930aa60 JavaThread "DefaultDispatcher-worker-3" daemon [_thread_blocked, id=16548, stack(0x0000003ab6d00000,0x0000003ab6e00000) (1024K)]
  0x0000017c2930a290 JavaThread "DefaultDispatcher-worker-4" daemon [_thread_blocked, id=10796, stack(0x0000003ab6e00000,0x0000003ab6f00000) (1024K)]
  0x0000017c2930ba00 JavaThread "DefaultDispatcher-worker-5" daemon [_thread_blocked, id=12320, stack(0x0000003ab6f00000,0x0000003ab7000000) (1024K)]
  0x0000017c29309ac0 JavaThread "DefaultDispatcher-worker-6" daemon [_thread_blocked, id=14444, stack(0x0000003ab7000000,0x0000003ab7100000) (1024K)]
  0x0000017c29310050 JavaThread "DefaultDispatcher-worker-7" daemon [_thread_blocked, id=10072, stack(0x0000003ab7100000,0x0000003ab7200000) (1024K)]
  0x0000017c2930d940 JavaThread "DefaultDispatcher-worker-8" daemon [_thread_blocked, id=16104, stack(0x0000003ab7200000,0x0000003ab7300000) (1024K)]
  0x0000017c2930e110 JavaThread "DefaultDispatcher-worker-9" daemon [_thread_blocked, id=13648, stack(0x0000003ab7300000,0x0000003ab7400000) (1024K)]
  0x0000017c29311f90 JavaThread "DefaultDispatcher-worker-10" daemon [_thread_blocked, id=17628, stack(0x0000003ab7400000,0x0000003ab7500000) (1024K)]
  0x0000017c2930f0b0 JavaThread "DefaultDispatcher-worker-11" daemon [_thread_blocked, id=15468, stack(0x0000003ab7500000,0x0000003ab7600000) (1024K)]
  0x0000017c29312760 JavaThread "DefaultDispatcher-worker-12" daemon [_thread_blocked, id=16228, stack(0x0000003ab7600000,0x0000003ab7700000) (1024K)]
  0x0000017c268438b0 JavaThread "C2 CompilerThread1"         daemon [_thread_blocked, id=25024, stack(0x0000003ab7700000,0x0000003ab7800000) (1024K)]
  0x0000017c76fa00d0 JavaThread "C1 CompilerThread2"         daemon [_thread_blocked, id=16768, stack(0x0000003ab7800000,0x0000003ab7900000) (1024K)]
  0x0000017c29231390 JavaThread "C2 CompilerThread2"         daemon [_thread_blocked, id=15036, stack(0x0000003ab7a00000,0x0000003ab7b00000) (1024K)]
  0x0000017c24414c10 JavaThread "C2 CompilerThread3"         daemon [_thread_blocked, id=6676, stack(0x0000003ab7b00000,0x0000003ab7c00000) (1024K)]
  0x0000017c29319c90 JavaThread "Periodic tasks thread"      daemon [_thread_blocked, id=14560, stack(0x0000003ab7c00000,0x0000003ab7d00000) (1024K)]
  0x0000017c2931c3a0 JavaThread "ApplicationImpl pooled thread 1"        [_thread_blocked, id=5936, stack(0x0000003ab7d00000,0x0000003ab7e00000) (1024K)]
  0x0000017c2931d340 JavaThread "ForkJoinPool.commonPool-worker-1" daemon [_thread_blocked, id=11316, stack(0x0000003ab7f00000,0x0000003ab8000000) (1024K)]
  0x0000017c292e50d0 JavaThread "ForkJoinPool.commonPool-worker-2" daemon [_thread_blocked, id=4156, stack(0x0000003ab8000000,0x0000003ab8100000) (1024K)]
  0x0000017c292ea6c0 JavaThread "Java2D Disposer"            daemon [_thread_blocked, id=19240, stack(0x0000003ab8300000,0x0000003ab8400000) (1024K)]
  0x0000017c292eb660 JavaThread "AWT-Windows"                daemon [_thread_in_native, id=18836, stack(0x0000003ab8500000,0x0000003ab8600000) (1024K)]
Total: 274

Other Threads:
=>0x0000017c6e067740 VMThread "VM Thread"                           [id=2092, stack(0x0000003aa6100000,0x0000003aa6200000) (1024K)]
  0x0000017c6e026190 WatcherThread "VM Periodic Task Thread"        [id=17608, stack(0x0000003aa6000000,0x0000003aa6100000) (1024K)]
  0x0000017c5fdcc040 WorkerThread "GC Thread#0"                     [id=828, stack(0x0000003aa5b00000,0x0000003aa5c00000) (1024K)]
  0x0000017c759892a0 WorkerThread "GC Thread#1"                     [id=25512, stack(0x0000003aa6d00000,0x0000003aa6e00000) (1024K)]
  0x0000017c75a1b8c0 WorkerThread "GC Thread#2"                     [id=15312, stack(0x0000003aa6e00000,0x0000003aa6f00000) (1024K)]
  0x0000017c75a1bcf0 WorkerThread "GC Thread#3"                     [id=14872, stack(0x0000003aa6f00000,0x0000003aa7000000) (1024K)]
  0x0000017c75eb4a00 WorkerThread "GC Thread#4"                     [id=18588, stack(0x0000003aa7000000,0x0000003aa7100000) (1024K)]
  0x0000017c75eb3d10 WorkerThread "GC Thread#5"                     [id=25864, stack(0x0000003aa7100000,0x0000003aa7200000) (1024K)]
  0x0000017c75eb45b0 WorkerThread "GC Thread#6"                     [id=2108, stack(0x0000003aa7500000,0x0000003aa7600000) (1024K)]
  0x0000017c75eb52a0 WorkerThread "GC Thread#7"                     [id=10668, stack(0x0000003aa7600000,0x0000003aa7700000) (1024K)]
  0x0000017c75eb2780 WorkerThread "GC Thread#8"                     [id=12148, stack(0x0000003aa7700000,0x0000003aa7800000) (1024K)]
  0x0000017c75eb2bd0 WorkerThread "GC Thread#9"                     [id=14616, stack(0x0000003aa7800000,0x0000003aa7900000) (1024K)]
  0x0000017c77c9b790 WorkerThread "GC Thread#10"                    [id=25008, stack(0x0000003aa7900000,0x0000003aa7a00000) (1024K)]
  0x0000017c77c9c480 WorkerThread "GC Thread#11"                    [id=8360, stack(0x0000003aa7a00000,0x0000003aa7b00000) (1024K)]
  0x0000017c77c9da10 WorkerThread "GC Thread#12"                    [id=22596, stack(0x0000003aa7b00000,0x0000003aa7c00000) (1024K)]
  0x0000017c5fddd300 ConcurrentGCThread "G1 Main Marker"            [id=4868, stack(0x0000003aa5c00000,0x0000003aa5d00000) (1024K)]
  0x0000017c5fddeb80 WorkerThread "G1 Conc#0"                       [id=23196, stack(0x0000003aa5d00000,0x0000003aa5e00000) (1024K)]
  0x0000017c77c9cd20 WorkerThread "G1 Conc#1"                       [id=21248, stack(0x0000003aa7c00000,0x0000003aa7d00000) (1024K)]
  0x0000017c77c9d170 WorkerThread "G1 Conc#2"                       [id=5732, stack(0x0000003aa7d00000,0x0000003aa7e00000) (1024K)]
  0x0000017c6def4e90 ConcurrentGCThread "G1 Refine#0"               [id=6968, stack(0x0000003aa5e00000,0x0000003aa5f00000) (1024K)]
  0x0000017c6def78b0 ConcurrentGCThread "G1 Service"                [id=25296, stack(0x0000003aa5f00000,0x0000003aa6000000) (1024K)]
Total: 21

Threads with active compile tasks:
C2 CompilerThread2  64655 34644   !   4       com.android.tools.lint.checks.LibraryVersionLabels$Builder::mergeFrom (252 bytes)
C2 CompilerThread3  64655 34637   !   4       com.android.tools.lint.checks.LibraryVersion$Builder::mergeFrom (180 bytes)
Total: 2

VM state: at safepoint (normal execution)

VM Mutex/Monitor currently owned by a thread:  ([mutex/lock_event])
[0x00007fff56414698] Threads_lock - owner thread: 0x0000017c6e067740
[0x00007fff56414818] Heap_lock - owner thread: 0x0000017c262695a0

Heap address: 0x0000000600000000, size: 8192 MB, Compressed Oops mode: Zero based, Oop shift amount: 3

CDS archive(s) not mapped
Compressed class space mapped at: 0x0000000039000000-0x0000000079000000, reserved size: 1073741824
UseCompressedClassPointers 1, UseCompactObjectHeaders 0
Narrow klass pointer bits 32, Max shift 3
Narrow klass base: 0x0000000000000000, Narrow klass shift: 0
Encoding Range: [0x0000000000000000 - 0x0000000100000000), (4294967296 bytes)
Klass Range:    [0x0000000039000000 - 0x0000000079000000), (1073741824 bytes)
Klass ID Range:  [956301312 - 2030043129) (1073741817)
No protection zone.

GC Precious Log:
 CardTable entry size: 512
 Card Set container configuration: InlinePtr #cards 4 size 8 Array Of Cards #cards 32 size 80 Howl #buckets 8 coarsen threshold 7372 Howl Bitmap #cards 1024 size 144 coarsen threshold 921 Card regions per heap region 1 cards per card region 8192
 CPUs: 16 total, 16 available
 Memory: 5828M
 Large Page Support: Disabled
 NUMA Support: Disabled
 Compressed Oops: Enabled (Zero based)
 Heap Region Size: 4M
 Heap Min Capacity: 8M
 Heap Initial Capacity: 92M
 Heap Max Capacity: 8G
 Pre-touch: Disabled
 Parallel Workers: 13
 Concurrent Workers: 3
 Concurrent Refinement Workers: 13
 Periodic GC: Disabled

Heap:
 garbage-first heap   total reserved 8388608K, committed 1822720K, used 644453K [0x0000000600000000, 0x0000000800000000)
  region size 4096K, 28 young (114688K), 28 survivors (114688K)

Heap Regions: E=young(eden), S=young(survivor), O=old, HS=humongous(starts), HC=humongous(continues), CS=collection set, F=free, TAMS=top-at-mark-start, PB=parsable bottom
|   0|0x0000000600000000, 0x0000000600400000, 0x0000000600400000|100%|HS|  |TAMS 0x0000000600400000| PB 0x0000000600000000| Complete |  0
|   1|0x0000000600400000, 0x0000000600800000, 0x0000000600800000|100%| O|  |TAMS 0x0000000600800000| PB 0x0000000600400000| Untracked |  0
|   2|0x0000000600800000, 0x0000000600c00000, 0x0000000600c00000|100%| O|  |TAMS 0x0000000600c00000| PB 0x0000000600800000| Untracked |  0
|   3|0x0000000600c00000, 0x0000000601000000, 0x0000000601000000|100%| O|  |TAMS 0x0000000601000000| PB 0x0000000600c00000| Untracked |  0
|   4|0x0000000601000000, 0x0000000601400000, 0x0000000601400000|100%| O|  |TAMS 0x0000000601400000| PB 0x0000000601000000| Untracked |  0
|   5|0x0000000601400000, 0x0000000601800000, 0x0000000601800000|100%| O|  |TAMS 0x0000000601800000| PB 0x0000000601400000| Untracked |  0
|   6|0x0000000601800000, 0x0000000601c00000, 0x0000000601c00000|100%| O|  |TAMS 0x0000000601c00000| PB 0x0000000601800000| Untracked |  0
|   7|0x0000000601c00000, 0x0000000602000000, 0x0000000602000000|100%| O|  |TAMS 0x0000000602000000| PB 0x0000000601c00000| Untracked |  0
|   8|0x0000000602000000, 0x0000000602400000, 0x0000000602400000|100%| O|  |TAMS 0x0000000602400000| PB 0x0000000602000000| Untracked |  0
|   9|0x0000000602400000, 0x0000000602800000, 0x0000000602800000|100%| O|  |TAMS 0x0000000602800000| PB 0x0000000602400000| Untracked |  0
|  10|0x0000000602800000, 0x0000000602c00000, 0x0000000602c00000|100%| O|  |TAMS 0x0000000602c00000| PB 0x0000000602800000| Untracked |  0
|  11|0x0000000602c00000, 0x0000000603000000, 0x0000000603000000|100%| O|  |TAMS 0x0000000603000000| PB 0x0000000602c00000| Untracked |  0
|  12|0x0000000603000000, 0x0000000603400000, 0x0000000603400000|100%| O|  |TAMS 0x0000000603400000| PB 0x0000000603000000| Untracked |  0
|  13|0x0000000603400000, 0x0000000603800000, 0x0000000603800000|100%| O|  |TAMS 0x0000000603800000| PB 0x0000000603400000| Untracked |  0
|  14|0x0000000603800000, 0x0000000603c00000, 0x0000000603c00000|100%| O|  |TAMS 0x0000000603c00000| PB 0x0000000603800000| Untracked |  0
|  15|0x0000000603c00000, 0x0000000604000000, 0x0000000604000000|100%| O|  |TAMS 0x0000000604000000| PB 0x0000000603c00000| Untracked |  0
|  16|0x0000000604000000, 0x0000000604400000, 0x0000000604400000|100%| O|  |TAMS 0x0000000604400000| PB 0x0000000604000000| Untracked |  0
|  17|0x0000000604400000, 0x0000000604800000, 0x0000000604800000|100%| O|  |TAMS 0x0000000604800000| PB 0x0000000604400000| Untracked |  0
|  18|0x0000000604800000, 0x0000000604c00000, 0x0000000604c00000|100%| O|  |TAMS 0x0000000604c00000| PB 0x0000000604800000| Untracked |  0
|  19|0x0000000604c00000, 0x0000000605000000, 0x0000000605000000|100%| O|  |TAMS 0x0000000605000000| PB 0x0000000604c00000| Untracked |  0
|  20|0x0000000605000000, 0x0000000605400000, 0x0000000605400000|100%| O|  |TAMS 0x0000000605400000| PB 0x0000000605000000| Untracked |  0
|  21|0x0000000605400000, 0x0000000605800000, 0x0000000605800000|100%| O|  |TAMS 0x0000000605800000| PB 0x0000000605400000| Untracked |  0
|  22|0x0000000605800000, 0x0000000605c00000, 0x0000000605c00000|100%| O|  |TAMS 0x0000000605c00000| PB 0x0000000605800000| Untracked |  0
|  23|0x0000000605c00000, 0x0000000606000000, 0x0000000606000000|100%|HS|  |TAMS 0x0000000606000000| PB 0x0000000605c00000| Complete |  0
|  24|0x0000000606000000, 0x0000000606400000, 0x0000000606400000|100%| O|  |TAMS 0x0000000606400000| PB 0x0000000606000000| Untracked |  0
|  25|0x0000000606400000, 0x0000000606800000, 0x0000000606800000|100%| O|  |TAMS 0x0000000606800000| PB 0x0000000606400000| Untracked |  0
|  26|0x0000000606800000, 0x0000000606c00000, 0x0000000606c00000|100%| O|  |TAMS 0x0000000606c00000| PB 0x0000000606800000| Untracked |  0
|  27|0x0000000606c00000, 0x0000000607000000, 0x0000000607000000|100%| O|  |TAMS 0x0000000607000000| PB 0x0000000606c00000| Untracked |  0
|  28|0x0000000607000000, 0x0000000607400000, 0x0000000607400000|100%| O|  |TAMS 0x0000000607400000| PB 0x0000000607000000| Untracked |  0
|  29|0x0000000607400000, 0x0000000607800000, 0x0000000607800000|100%|HS|  |TAMS 0x0000000607800000| PB 0x0000000607400000| Complete |  0
|  30|0x0000000607800000, 0x0000000607c00000, 0x0000000607c00000|100%| O|  |TAMS 0x0000000607c00000| PB 0x0000000607800000| Untracked |  0
|  31|0x0000000607c00000, 0x0000000608000000, 0x0000000608000000|100%| O|  |TAMS 0x0000000608000000| PB 0x0000000607c00000| Untracked |  0
|  32|0x0000000608000000, 0x0000000608400000, 0x0000000608400000|100%| O|  |TAMS 0x0000000608400000| PB 0x0000000608000000| Untracked |  0
|  33|0x0000000608400000, 0x00000006087a3868, 0x0000000608800000| 90%| O|  |TAMS 0x00000006087a3868| PB 0x0000000608400000| Untracked |  0
|  34|0x0000000608800000, 0x0000000608c00000, 0x0000000608c00000|100%| O|  |TAMS 0x0000000608c00000| PB 0x0000000608800000| Untracked |  0
|  35|0x0000000608c00000, 0x0000000609000000, 0x0000000609000000|100%| O|  |TAMS 0x0000000609000000| PB 0x0000000608c00000| Untracked |  0
|  36|0x0000000609000000, 0x0000000609400000, 0x0000000609400000|100%| O|  |TAMS 0x0000000609400000| PB 0x0000000609000000| Untracked |  0
|  37|0x0000000609400000, 0x0000000609800000, 0x0000000609800000|100%| O|  |TAMS 0x0000000609800000| PB 0x0000000609400000| Untracked |  0
|  38|0x0000000609800000, 0x0000000609c00000, 0x0000000609c00000|100%| O|  |TAMS 0x0000000609c00000| PB 0x0000000609800000| Untracked |  0
|  39|0x0000000609c00000, 0x000000060a000000, 0x000000060a000000|100%| O|  |TAMS 0x000000060a000000| PB 0x0000000609c00000| Untracked |  0
|  40|0x000000060a000000, 0x000000060a400000, 0x000000060a400000|100%| O|  |TAMS 0x000000060a400000| PB 0x000000060a000000| Untracked |  0
|  41|0x000000060a400000, 0x000000060a800000, 0x000000060a800000|100%| O|  |TAMS 0x000000060a800000| PB 0x000000060a400000| Untracked |  0
|  42|0x000000060a800000, 0x000000060ac00000, 0x000000060ac00000|100%| O|  |TAMS 0x000000060ac00000| PB 0x000000060a800000| Untracked |  0
|  43|0x000000060ac00000, 0x000000060b000000, 0x000000060b000000|100%| O|  |TAMS 0x000000060b000000| PB 0x000000060ac00000| Untracked |  0
|  44|0x000000060b000000, 0x000000060b400000, 0x000000060b400000|100%| O|  |TAMS 0x000000060b400000| PB 0x000000060b000000| Untracked |  0
|  45|0x000000060b400000, 0x000000060b800000, 0x000000060b800000|100%| O|  |TAMS 0x000000060b800000| PB 0x000000060b400000| Untracked |  0
|  46|0x000000060b800000, 0x000000060bc00000, 0x000000060bc00000|100%| O|  |TAMS 0x000000060bc00000| PB 0x000000060b800000| Untracked |  0
|  47|0x000000060bc00000, 0x000000060c000000, 0x000000060c000000|100%| O|  |TAMS 0x000000060c000000| PB 0x000000060bc00000| Untracked |  0
|  48|0x000000060c000000, 0x000000060c400000, 0x000000060c400000|100%| O|  |TAMS 0x000000060c400000| PB 0x000000060c000000| Untracked |  0
|  49|0x000000060c400000, 0x000000060c800000, 0x000000060c800000|100%| O|  |TAMS 0x000000060c800000| PB 0x000000060c400000| Untracked |  0
|  50|0x000000060c800000, 0x000000060cc00000, 0x000000060cc00000|100%| O|  |TAMS 0x000000060cc00000| PB 0x000000060c800000| Untracked |  0
|  51|0x000000060cc00000, 0x000000060d000000, 0x000000060d000000|100%| O|  |TAMS 0x000000060d000000| PB 0x000000060cc00000| Untracked |  0
|  52|0x000000060d000000, 0x000000060d400000, 0x000000060d400000|100%| O|  |TAMS 0x000000060d400000| PB 0x000000060d000000| Untracked |  0
|  53|0x000000060d400000, 0x000000060d800000, 0x000000060d800000|100%| O|  |TAMS 0x000000060d800000| PB 0x000000060d400000| Untracked |  0
|  54|0x000000060d800000, 0x000000060dc00000, 0x000000060dc00000|100%| O|  |TAMS 0x000000060dc00000| PB 0x000000060d800000| Untracked |  0
|  55|0x000000060dc00000, 0x000000060e000000, 0x000000060e000000|100%| O|  |TAMS 0x000000060e000000| PB 0x000000060dc00000| Untracked |  0
|  56|0x000000060e000000, 0x000000060e400000, 0x000000060e400000|100%| O|  |TAMS 0x000000060e400000| PB 0x000000060e000000| Untracked |  0
|  57|0x000000060e400000, 0x000000060e800000, 0x000000060e800000|100%| O|  |TAMS 0x000000060e800000| PB 0x000000060e400000| Untracked |  0
|  58|0x000000060e800000, 0x000000060ec00000, 0x000000060ec00000|100%| O|  |TAMS 0x000000060ec00000| PB 0x000000060e800000| Untracked |  0
|  59|0x000000060ec00000, 0x000000060f000000, 0x000000060f000000|100%| O|  |TAMS 0x000000060f000000| PB 0x000000060ec00000| Untracked |  0
|  60|0x000000060f000000, 0x000000060f400000, 0x000000060f400000|100%| O|  |TAMS 0x000000060f400000| PB 0x000000060f000000| Untracked |  0
|  61|0x000000060f400000, 0x000000060f800000, 0x000000060f800000|100%| O|  |TAMS 0x000000060f800000| PB 0x000000060f400000| Untracked |  0
|  62|0x000000060f800000, 0x000000060fc00000, 0x000000060fc00000|100%| O|  |TAMS 0x000000060fc00000| PB 0x000000060f800000| Untracked |  0
|  63|0x000000060fc00000, 0x0000000610000000, 0x0000000610000000|100%| O|  |TAMS 0x0000000610000000| PB 0x000000060fc00000| Untracked |  0
|  64|0x0000000610000000, 0x0000000610400000, 0x0000000610400000|100%| O|  |TAMS 0x0000000610400000| PB 0x0000000610000000| Untracked |  0
|  65|0x0000000610400000, 0x0000000610800000, 0x0000000610800000|100%| O|  |TAMS 0x0000000610800000| PB 0x0000000610400000| Untracked |  0
|  66|0x0000000610800000, 0x0000000610c00000, 0x0000000610c00000|100%| O|  |TAMS 0x0000000610c00000| PB 0x0000000610800000| Untracked |  0
|  67|0x0000000610c00000, 0x0000000611000000, 0x0000000611000000|100%| O|  |TAMS 0x0000000611000000| PB 0x0000000610c00000| Untracked |  0
|  68|0x0000000611000000, 0x0000000611400000, 0x0000000611400000|100%| O|  |TAMS 0x0000000611400000| PB 0x0000000611000000| Untracked |  0
|  69|0x0000000611400000, 0x0000000611800000, 0x0000000611800000|100%| O|  |TAMS 0x0000000611800000| PB 0x0000000611400000| Untracked |  0
|  70|0x0000000611800000, 0x0000000611c00000, 0x0000000611c00000|100%| O|  |TAMS 0x0000000611c00000| PB 0x0000000611800000| Untracked |  0
|  71|0x0000000611c00000, 0x0000000612000000, 0x0000000612000000|100%| O|  |TAMS 0x0000000612000000| PB 0x0000000611c00000| Untracked |  0
|  72|0x0000000612000000, 0x0000000612400000, 0x0000000612400000|100%| O|  |TAMS 0x0000000612400000| PB 0x0000000612000000| Untracked |  0
|  73|0x0000000612400000, 0x0000000612800000, 0x0000000612800000|100%| O|  |TAMS 0x0000000612800000| PB 0x0000000612400000| Untracked |  0
|  74|0x0000000612800000, 0x0000000612c00000, 0x0000000612c00000|100%| O|  |TAMS 0x0000000612c00000| PB 0x0000000612800000| Untracked |  0
|  75|0x0000000612c00000, 0x0000000613000000, 0x0000000613000000|100%| O|  |TAMS 0x0000000613000000| PB 0x0000000612c00000| Untracked |  0
|  76|0x0000000613000000, 0x0000000613400000, 0x0000000613400000|100%| O|  |TAMS 0x0000000613400000| PB 0x0000000613000000| Untracked |  0
|  77|0x0000000613400000, 0x0000000613800000, 0x0000000613800000|100%| O|  |TAMS 0x0000000613800000| PB 0x0000000613400000| Untracked |  0
|  78|0x0000000613800000, 0x0000000613c00000, 0x0000000613c00000|100%| O|  |TAMS 0x0000000613c00000| PB 0x0000000613800000| Untracked |  0
|  79|0x0000000613c00000, 0x0000000614000000, 0x0000000614000000|100%| O|  |TAMS 0x0000000614000000| PB 0x0000000613c00000| Untracked |  0
|  80|0x0000000614000000, 0x0000000614400000, 0x0000000614400000|100%| O|  |TAMS 0x0000000614400000| PB 0x0000000614000000| Untracked |  0
|  81|0x0000000614400000, 0x0000000614800000, 0x0000000614800000|100%| O|  |TAMS 0x0000000614800000| PB 0x0000000614400000| Untracked |  0
|  82|0x0000000614800000, 0x0000000614c00000, 0x0000000614c00000|100%| O|  |TAMS 0x0000000614c00000| PB 0x0000000614800000| Untracked |  0
|  83|0x0000000614c00000, 0x0000000615000000, 0x0000000615000000|100%| O|  |TAMS 0x0000000615000000| PB 0x0000000614c00000| Untracked |  0
|  84|0x0000000615000000, 0x0000000615400000, 0x0000000615400000|100%| O|  |TAMS 0x0000000615400000| PB 0x0000000615000000| Untracked |  0
|  85|0x0000000615400000, 0x0000000615800000, 0x0000000615800000|100%| O|  |TAMS 0x0000000615800000| PB 0x0000000615400000| Untracked |  0
|  86|0x0000000615800000, 0x0000000615c00000, 0x0000000615c00000|100%| O|  |TAMS 0x0000000615c00000| PB 0x0000000615800000| Untracked |  0
|  87|0x0000000615c00000, 0x0000000616000000, 0x0000000616000000|100%| O|  |TAMS 0x0000000616000000| PB 0x0000000615c00000| Untracked |  0
|  88|0x0000000616000000, 0x0000000616400000, 0x0000000616400000|100%| O|  |TAMS 0x0000000616400000| PB 0x0000000616000000| Untracked |  0
|  89|0x0000000616400000, 0x0000000616800000, 0x0000000616800000|100%| O|  |TAMS 0x0000000616800000| PB 0x0000000616400000| Untracked |  0
|  90|0x0000000616800000, 0x0000000616c00000, 0x0000000616c00000|100%| O|  |TAMS 0x0000000616c00000| PB 0x0000000616800000| Untracked |  0
|  91|0x0000000616c00000, 0x0000000617000000, 0x0000000617000000|100%| O|  |TAMS 0x0000000617000000| PB 0x0000000616c00000| Untracked |  0
|  92|0x0000000617000000, 0x0000000617400000, 0x0000000617400000|100%| O|  |TAMS 0x0000000617400000| PB 0x0000000617000000| Untracked |  0
|  93|0x0000000617400000, 0x0000000617800000, 0x0000000617800000|100%| O|  |TAMS 0x0000000617800000| PB 0x0000000617400000| Untracked |  0
|  94|0x0000000617800000, 0x0000000617c00000, 0x0000000617c00000|100%| O|  |TAMS 0x0000000617c00000| PB 0x0000000617800000| Untracked |  0
|  95|0x0000000617c00000, 0x0000000618000000, 0x0000000618000000|100%| O|  |TAMS 0x0000000618000000| PB 0x0000000617c00000| Untracked |  0
|  96|0x0000000618000000, 0x0000000618400000, 0x0000000618400000|100%| O|  |TAMS 0x0000000618400000| PB 0x0000000618000000| Untracked |  0
|  97|0x0000000618400000, 0x0000000618800000, 0x0000000618800000|100%| O|  |TAMS 0x0000000618800000| PB 0x0000000618400000| Untracked |  0
|  98|0x0000000618800000, 0x0000000618c00000, 0x0000000618c00000|100%| O|  |TAMS 0x0000000618c00000| PB 0x0000000618800000| Untracked |  0
|  99|0x0000000618c00000, 0x0000000619000000, 0x0000000619000000|100%| O|  |TAMS 0x0000000619000000| PB 0x0000000618c00000| Untracked |  0
| 100|0x0000000619000000, 0x0000000619400000, 0x0000000619400000|100%| O|  |TAMS 0x0000000619400000| PB 0x0000000619000000| Untracked |  0
| 101|0x0000000619400000, 0x0000000619800000, 0x0000000619800000|100%| O|  |TAMS 0x0000000619800000| PB 0x0000000619400000| Untracked |  0
| 102|0x0000000619800000, 0x0000000619c00000, 0x0000000619c00000|100%| O|  |TAMS 0x0000000619c00000| PB 0x0000000619800000| Untracked |  0
| 103|0x0000000619c00000, 0x000000061a000000, 0x000000061a000000|100%| O|  |TAMS 0x000000061a000000| PB 0x0000000619c00000| Untracked |  0
| 104|0x000000061a000000, 0x000000061a400000, 0x000000061a400000|100%| O|  |TAMS 0x000000061a400000| PB 0x000000061a000000| Untracked |  0
| 105|0x000000061a400000, 0x000000061a800000, 0x000000061a800000|100%| O|  |TAMS 0x000000061a800000| PB 0x000000061a400000| Untracked |  0
| 106|0x000000061a800000, 0x000000061ac00000, 0x000000061ac00000|100%| O|  |TAMS 0x000000061ac00000| PB 0x000000061a800000| Untracked |  0
| 107|0x000000061ac00000, 0x000000061b000000, 0x000000061b000000|100%| O|  |TAMS 0x000000061b000000| PB 0x000000061ac00000| Untracked |  0
| 108|0x000000061b000000, 0x000000061b400000, 0x000000061b400000|100%| O|  |TAMS 0x000000061b400000| PB 0x000000061b000000| Untracked |  0
| 109|0x000000061b400000, 0x000000061b800000, 0x000000061b800000|100%| O|  |TAMS 0x000000061b800000| PB 0x000000061b400000| Untracked |  0
| 110|0x000000061b800000, 0x000000061bc00000, 0x000000061bc00000|100%| O|  |TAMS 0x000000061bc00000| PB 0x000000061b800000| Untracked |  0
| 111|0x000000061bc00000, 0x000000061c000000, 0x000000061c000000|100%| O|  |TAMS 0x000000061c000000| PB 0x000000061bc00000| Untracked |  0
| 112|0x000000061c000000, 0x000000061c400000, 0x000000061c400000|100%| O|  |TAMS 0x000000061c400000| PB 0x000000061c000000| Untracked |  0
| 113|0x000000061c400000, 0x000000061c800000, 0x000000061c800000|100%| O|  |TAMS 0x000000061c800000| PB 0x000000061c400000| Untracked |  0
| 114|0x000000061c800000, 0x000000061cc00000, 0x000000061cc00000|100%| O|  |TAMS 0x000000061cc00000| PB 0x000000061c800000| Untracked |  0
| 115|0x000000061cc00000, 0x000000061d000000, 0x000000061d000000|100%| O|  |TAMS 0x000000061d000000| PB 0x000000061cc00000| Untracked |  0
| 116|0x000000061d000000, 0x000000061d400000, 0x000000061d400000|100%| O|  |TAMS 0x000000061d400000| PB 0x000000061d000000| Untracked |  0
| 117|0x000000061d400000, 0x000000061d600000, 0x000000061d800000| 50%| O|  |TAMS 0x000000061d600000| PB 0x000000061d400000| Untracked |  0
| 118|0x000000061d800000, 0x000000061d800000, 0x000000061dc00000|  0%| F|  |TAMS 0x000000061d800000| PB 0x000000061d800000| Untracked |  0
| 119|0x000000061dc00000, 0x000000061dc00000, 0x000000061e000000|  0%| F|  |TAMS 0x000000061dc00000| PB 0x000000061dc00000| Untracked |  0
| 120|0x000000061e000000, 0x000000061e000000, 0x000000061e400000|  0%| F|  |TAMS 0x000000061e000000| PB 0x000000061e000000| Untracked |  0
| 121|0x000000061e400000, 0x000000061e800000, 0x000000061e800000|100%|HS|  |TAMS 0x000000061e400000| PB 0x000000061e400000| Complete |  0
| 122|0x000000061e800000, 0x000000061ec00000, 0x000000061ec00000|100%|HC|  |TAMS 0x000000061e800000| PB 0x000000061e800000| Complete |  0
| 123|0x000000061ec00000, 0x000000061f000000, 0x000000061f000000|100%|HS|  |TAMS 0x000000061ec00000| PB 0x000000061ec00000| Complete |  0
| 124|0x000000061f000000, 0x000000061f400000, 0x000000061f400000|100%|HC|  |TAMS 0x000000061f000000| PB 0x000000061f000000| Complete |  0
| 125|0x000000061f400000, 0x000000061f800000, 0x000000061f800000|100%|HC|  |TAMS 0x000000061f400000| PB 0x000000061f400000| Complete |  0
| 126|0x000000061f800000, 0x000000061fc00000, 0x000000061fc00000|100%|HC|  |TAMS 0x000000061f800000| PB 0x000000061f800000| Complete |  0
| 127|0x000000061fc00000, 0x0000000620000000, 0x0000000620000000|100%|HC|  |TAMS 0x000000061fc00000| PB 0x000000061fc00000| Complete |  0
| 128|0x0000000620000000, 0x0000000620000000, 0x0000000620400000|  0%| F|  |TAMS 0x0000000620000000| PB 0x0000000620000000| Untracked |  0
| 129|0x0000000620400000, 0x0000000620400000, 0x0000000620800000|  0%| F|  |TAMS 0x0000000620400000| PB 0x0000000620400000| Untracked |  0
| 130|0x0000000620800000, 0x0000000620800000, 0x0000000620c00000|  0%| F|  |TAMS 0x0000000620800000| PB 0x0000000620800000| Untracked |  0
| 131|0x0000000620c00000, 0x0000000620c00000, 0x0000000621000000|  0%| F|  |TAMS 0x0000000620c00000| PB 0x0000000620c00000| Untracked |  0
| 132|0x0000000621000000, 0x0000000621000000, 0x0000000621400000|  0%| F|  |TAMS 0x0000000621000000| PB 0x0000000621000000| Untracked |  0
| 133|0x0000000621400000, 0x0000000621400000, 0x0000000621800000|  0%| F|  |TAMS 0x0000000621400000| PB 0x0000000621400000| Untracked |  0
| 134|0x0000000621800000, 0x0000000621800000, 0x0000000621c00000|  0%| F|  |TAMS 0x0000000621800000| PB 0x0000000621800000| Untracked |  0
| 135|0x0000000621c00000, 0x0000000621c00000, 0x0000000622000000|  0%| F|  |TAMS 0x0000000621c00000| PB 0x0000000621c00000| Untracked |  0
| 136|0x0000000622000000, 0x0000000622000000, 0x0000000622400000|  0%| F|  |TAMS 0x0000000622000000| PB 0x0000000622000000| Untracked |  0
| 137|0x0000000622400000, 0x0000000622400000, 0x0000000622800000|  0%| F|  |TAMS 0x0000000622400000| PB 0x0000000622400000| Untracked |  0
| 138|0x0000000622800000, 0x0000000622800000, 0x0000000622c00000|  0%| F|  |TAMS 0x0000000622800000| PB 0x0000000622800000| Untracked |  0
| 139|0x0000000622c00000, 0x0000000622c00000, 0x0000000623000000|  0%| F|  |TAMS 0x0000000622c00000| PB 0x0000000622c00000| Untracked |  0
| 140|0x0000000623000000, 0x0000000623000000, 0x0000000623400000|  0%| F|  |TAMS 0x0000000623000000| PB 0x0000000623000000| Untracked |  0
| 141|0x0000000623400000, 0x0000000623400000, 0x0000000623800000|  0%| F|  |TAMS 0x0000000623400000| PB 0x0000000623400000| Untracked |  0
| 142|0x0000000623800000, 0x0000000623800000, 0x0000000623c00000|  0%| F|  |TAMS 0x0000000623800000| PB 0x0000000623800000| Untracked |  0
| 143|0x0000000623c00000, 0x0000000623c00000, 0x0000000624000000|  0%| F|  |TAMS 0x0000000623c00000| PB 0x0000000623c00000| Untracked |  0
| 144|0x0000000624000000, 0x0000000624000000, 0x0000000624400000|  0%| F|  |TAMS 0x0000000624000000| PB 0x0000000624000000| Untracked |  0
| 145|0x0000000624400000, 0x0000000624400000, 0x0000000624800000|  0%| F|  |TAMS 0x0000000624400000| PB 0x0000000624400000| Untracked |  0
| 146|0x0000000624800000, 0x0000000624bb5f00, 0x0000000624c00000| 92%| S|CS|TAMS 0x0000000624800000| PB 0x0000000624800000| Complete |  0
| 147|0x0000000624c00000, 0x0000000625000000, 0x0000000625000000|100%| S|CS|TAMS 0x0000000624c00000| PB 0x0000000624c00000| Complete |  0
| 148|0x0000000625000000, 0x0000000625400000, 0x0000000625400000|100%| S|CS|TAMS 0x0000000625000000| PB 0x0000000625000000| Complete |  0
| 149|0x0000000625400000, 0x0000000625800000, 0x0000000625800000|100%| S|CS|TAMS 0x0000000625400000| PB 0x0000000625400000| Complete |  0
| 150|0x0000000625800000, 0x0000000625c00000, 0x0000000625c00000|100%| S|CS|TAMS 0x0000000625800000| PB 0x0000000625800000| Complete |  0
| 151|0x0000000625c00000, 0x0000000626000000, 0x0000000626000000|100%| S|CS|TAMS 0x0000000625c00000| PB 0x0000000625c00000| Complete |  0
| 152|0x0000000626000000, 0x0000000626400000, 0x0000000626400000|100%| S|CS|TAMS 0x0000000626000000| PB 0x0000000626000000| Complete |  0
| 153|0x0000000626400000, 0x0000000626800000, 0x0000000626800000|100%| S|CS|TAMS 0x0000000626400000| PB 0x0000000626400000| Complete |  0
| 154|0x0000000626800000, 0x0000000626c00000, 0x0000000626c00000|100%| S|CS|TAMS 0x0000000626800000| PB 0x0000000626800000| Complete |  0
| 155|0x0000000626c00000, 0x0000000627000000, 0x0000000627000000|100%| S|CS|TAMS 0x0000000626c00000| PB 0x0000000626c00000| Complete |  0
| 156|0x0000000627000000, 0x0000000627400000, 0x0000000627400000|100%| S|CS|TAMS 0x0000000627000000| PB 0x0000000627000000| Complete |  0
| 157|0x0000000627400000, 0x0000000627800000, 0x0000000627800000|100%| S|CS|TAMS 0x0000000627400000| PB 0x0000000627400000| Complete |  0
| 158|0x0000000627800000, 0x0000000627c00000, 0x0000000627c00000|100%| S|CS|TAMS 0x0000000627800000| PB 0x0000000627800000| Complete |  0
| 159|0x0000000627c00000, 0x0000000628000000, 0x0000000628000000|100%| S|CS|TAMS 0x0000000627c00000| PB 0x0000000627c00000| Complete |  0
| 160|0x0000000628000000, 0x0000000628400000, 0x0000000628400000|100%| S|CS|TAMS 0x0000000628000000| PB 0x0000000628000000| Complete |  0
| 161|0x0000000628400000, 0x0000000628800000, 0x0000000628800000|100%| S|CS|TAMS 0x0000000628400000| PB 0x0000000628400000| Complete |  0
| 162|0x0000000628800000, 0x0000000628c00000, 0x0000000628c00000|100%| S|CS|TAMS 0x0000000628800000| PB 0x0000000628800000| Complete |  0
| 163|0x0000000628c00000, 0x0000000629000000, 0x0000000629000000|100%| S|CS|TAMS 0x0000000628c00000| PB 0x0000000628c00000| Complete |  0
| 164|0x0000000629000000, 0x0000000629400000, 0x0000000629400000|100%| S|CS|TAMS 0x0000000629000000| PB 0x0000000629000000| Complete |  0
| 165|0x0000000629400000, 0x0000000629800000, 0x0000000629800000|100%| S|CS|TAMS 0x0000000629400000| PB 0x0000000629400000| Complete |  0
| 166|0x0000000629800000, 0x0000000629c00000, 0x0000000629c00000|100%| S|CS|TAMS 0x0000000629800000| PB 0x0000000629800000| Complete |  0
| 167|0x0000000629c00000, 0x000000062a000000, 0x000000062a000000|100%| S|CS|TAMS 0x0000000629c00000| PB 0x0000000629c00000| Complete |  0
| 168|0x000000062a000000, 0x000000062a400000, 0x000000062a400000|100%| S|CS|TAMS 0x000000062a000000| PB 0x000000062a000000| Complete |  0
| 169|0x000000062a400000, 0x000000062a800000, 0x000000062a800000|100%| S|CS|TAMS 0x000000062a400000| PB 0x000000062a400000| Complete |  0
| 170|0x000000062a800000, 0x000000062ac00000, 0x000000062ac00000|100%| S|CS|TAMS 0x000000062a800000| PB 0x000000062a800000| Complete |  0
| 171|0x000000062ac00000, 0x000000062b000000, 0x000000062b000000|100%| S|CS|TAMS 0x000000062ac00000| PB 0x000000062ac00000| Complete |  0
| 172|0x000000062b000000, 0x000000062b400000, 0x000000062b400000|100%| S|CS|TAMS 0x000000062b000000| PB 0x000000062b000000| Complete |  0
| 173|0x000000062b400000, 0x000000062b800000, 0x000000062b800000|100%| S|CS|TAMS 0x000000062b400000| PB 0x000000062b400000| Complete |  0
| 174|0x000000062b800000, 0x000000062b800000, 0x000000062bc00000|  0%| F|  |TAMS 0x000000062b800000| PB 0x000000062b800000| Untracked |  0
| 175|0x000000062bc00000, 0x000000062bc00000, 0x000000062c000000|  0%| F|  |TAMS 0x000000062bc00000| PB 0x000000062bc00000| Untracked |  0
| 176|0x000000062c000000, 0x000000062c000000, 0x000000062c400000|  0%| F|  |TAMS 0x000000062c000000| PB 0x000000062c000000| Untracked |  0
| 177|0x000000062c400000, 0x000000062c400000, 0x000000062c800000|  0%| F|  |TAMS 0x000000062c400000| PB 0x000000062c400000| Untracked |  0
| 178|0x000000062c800000, 0x000000062c800000, 0x000000062cc00000|  0%| F|  |TAMS 0x000000062c800000| PB 0x000000062c800000| Untracked |  0
| 179|0x000000062cc00000, 0x000000062cc00000, 0x000000062d000000|  0%| F|  |TAMS 0x000000062cc00000| PB 0x000000062cc00000| Untracked |  0
| 180|0x000000062d000000, 0x000000062d000000, 0x000000062d400000|  0%| F|  |TAMS 0x000000062d000000| PB 0x000000062d000000| Untracked |  0
| 181|0x000000062d400000, 0x000000062d800000, 0x000000062d800000|100%| O|Cr|TAMS 0x000000062d400000| PB 0x000000062d400000| Complete |  2
| 182|0x000000062d800000, 0x000000062d800000, 0x000000062dc00000|  0%| F|  |TAMS 0x000000062d800000| PB 0x000000062d800000| Untracked |  0
| 183|0x000000062dc00000, 0x000000062dc00000, 0x000000062e000000|  0%| F|  |TAMS 0x000000062dc00000| PB 0x000000062dc00000| Untracked |  0
| 184|0x000000062e000000, 0x000000062e000000, 0x000000062e400000|  0%| F|  |TAMS 0x000000062e000000| PB 0x000000062e000000| Untracked |  0
| 185|0x000000062e400000, 0x000000062e400000, 0x000000062e800000|  0%| F|  |TAMS 0x000000062e400000| PB 0x000000062e400000| Untracked |  0
| 186|0x000000062e800000, 0x000000062e800000, 0x000000062ec00000|  0%| F|  |TAMS 0x000000062e800000| PB 0x000000062e800000| Untracked |  0
| 187|0x000000062ec00000, 0x000000062ec00000, 0x000000062f000000|  0%| F|  |TAMS 0x000000062ec00000| PB 0x000000062ec00000| Untracked |  0
| 188|0x000000062f000000, 0x000000062f000000, 0x000000062f400000|  0%| F|  |TAMS 0x000000062f000000| PB 0x000000062f000000| Untracked |  0
| 189|0x000000062f400000, 0x000000062f400000, 0x000000062f800000|  0%| F|  |TAMS 0x000000062f400000| PB 0x000000062f400000| Untracked |  0
| 190|0x000000062f800000, 0x000000062f800000, 0x000000062fc00000|  0%| F|  |TAMS 0x000000062f800000| PB 0x000000062f800000| Untracked |  0
| 191|0x000000062fc00000, 0x000000062fc00000, 0x0000000630000000|  0%| F|  |TAMS 0x000000062fc00000| PB 0x000000062fc00000| Untracked |  0
| 192|0x0000000630000000, 0x0000000630000000, 0x0000000630400000|  0%| F|  |TAMS 0x0000000630000000| PB 0x0000000630000000| Untracked |  0
| 193|0x0000000630400000, 0x0000000630400000, 0x0000000630800000|  0%| F|  |TAMS 0x0000000630400000| PB 0x0000000630400000| Untracked |  0
| 194|0x0000000630800000, 0x0000000630800000, 0x0000000630c00000|  0%| F|  |TAMS 0x0000000630800000| PB 0x0000000630800000| Untracked |  0
| 195|0x0000000630c00000, 0x0000000630c00000, 0x0000000631000000|  0%| F|  |TAMS 0x0000000630c00000| PB 0x0000000630c00000| Untracked |  0
| 196|0x0000000631000000, 0x0000000631000000, 0x0000000631400000|  0%| F|  |TAMS 0x0000000631000000| PB 0x0000000631000000| Untracked |  0
| 197|0x0000000631400000, 0x0000000631400000, 0x0000000631800000|  0%| F|  |TAMS 0x0000000631400000| PB 0x0000000631400000| Untracked |  0
| 198|0x0000000631800000, 0x0000000631800000, 0x0000000631c00000|  0%| F|  |TAMS 0x0000000631800000| PB 0x0000000631800000| Untracked |  0
| 199|0x0000000631c00000, 0x0000000631c00000, 0x0000000632000000|  0%| F|  |TAMS 0x0000000631c00000| PB 0x0000000631c00000| Untracked |  0
| 200|0x0000000632000000, 0x0000000632000000, 0x0000000632400000|  0%| F|  |TAMS 0x0000000632000000| PB 0x0000000632000000| Untracked |  0
| 201|0x0000000632400000, 0x0000000632400000, 0x0000000632800000|  0%| F|  |TAMS 0x0000000632400000| PB 0x0000000632400000| Untracked |  0
| 202|0x0000000632800000, 0x0000000632800000, 0x0000000632c00000|  0%| F|  |TAMS 0x0000000632800000| PB 0x0000000632800000| Untracked |  0
| 203|0x0000000632c00000, 0x0000000632c00000, 0x0000000633000000|  0%| F|  |TAMS 0x0000000632c00000| PB 0x0000000632c00000| Untracked |  0
| 204|0x0000000633000000, 0x0000000633000000, 0x0000000633400000|  0%| F|  |TAMS 0x0000000633000000| PB 0x0000000633000000| Untracked |  0
| 205|0x0000000633400000, 0x0000000633400000, 0x0000000633800000|  0%| F|  |TAMS 0x0000000633400000| PB 0x0000000633400000| Untracked |  0
| 206|0x0000000633800000, 0x0000000633800000, 0x0000000633c00000|  0%| F|  |TAMS 0x0000000633800000| PB 0x0000000633800000| Untracked |  0
| 207|0x0000000633c00000, 0x0000000633c00000, 0x0000000634000000|  0%| F|  |TAMS 0x0000000633c00000| PB 0x0000000633c00000| Untracked |  0
| 208|0x0000000634000000, 0x0000000634000000, 0x0000000634400000|  0%| F|  |TAMS 0x0000000634000000| PB 0x0000000634000000| Untracked |  0
| 209|0x0000000634400000, 0x0000000634400000, 0x0000000634800000|  0%| F|  |TAMS 0x0000000634400000| PB 0x0000000634400000| Untracked |  0
| 210|0x0000000634800000, 0x0000000634800000, 0x0000000634c00000|  0%| F|  |TAMS 0x0000000634800000| PB 0x0000000634800000| Untracked |  0
| 211|0x0000000634c00000, 0x0000000634c00000, 0x0000000635000000|  0%| F|  |TAMS 0x0000000634c00000| PB 0x0000000634c00000| Untracked |  0
| 212|0x0000000635000000, 0x0000000635000000, 0x0000000635400000|  0%| F|  |TAMS 0x0000000635000000| PB 0x0000000635000000| Untracked |  0
| 213|0x0000000635400000, 0x0000000635400000, 0x0000000635800000|  0%| F|  |TAMS 0x0000000635400000| PB 0x0000000635400000| Untracked |  0
| 214|0x0000000635800000, 0x0000000635800000, 0x0000000635c00000|  0%| F|  |TAMS 0x0000000635800000| PB 0x0000000635800000| Untracked |  0
| 215|0x0000000635c00000, 0x0000000635c00000, 0x0000000636000000|  0%| F|  |TAMS 0x0000000635c00000| PB 0x0000000635c00000| Untracked |  0
| 216|0x0000000636000000, 0x0000000636000000, 0x0000000636400000|  0%| F|  |TAMS 0x0000000636000000| PB 0x0000000636000000| Untracked |  0
| 217|0x0000000636400000, 0x0000000636400000, 0x0000000636800000|  0%| F|  |TAMS 0x0000000636400000| PB 0x0000000636400000| Untracked |  0
| 218|0x0000000636800000, 0x0000000636800000, 0x0000000636c00000|  0%| F|  |TAMS 0x0000000636800000| PB 0x0000000636800000| Untracked |  0
| 219|0x0000000636c00000, 0x0000000636c00000, 0x0000000637000000|  0%| F|  |TAMS 0x0000000636c00000| PB 0x0000000636c00000| Untracked |  0
| 220|0x0000000637000000, 0x0000000637000000, 0x0000000637400000|  0%| F|  |TAMS 0x0000000637000000| PB 0x0000000637000000| Untracked |  0
| 221|0x0000000637400000, 0x0000000637400000, 0x0000000637800000|  0%| F|  |TAMS 0x0000000637400000| PB 0x0000000637400000| Untracked |  0
| 222|0x0000000637800000, 0x0000000637800000, 0x0000000637c00000|  0%| F|  |TAMS 0x0000000637800000| PB 0x0000000637800000| Untracked |  0
| 223|0x0000000637c00000, 0x0000000637c00000, 0x0000000638000000|  0%| F|  |TAMS 0x0000000637c00000| PB 0x0000000637c00000| Untracked |  0
| 224|0x0000000638000000, 0x0000000638000000, 0x0000000638400000|  0%| F|  |TAMS 0x0000000638000000| PB 0x0000000638000000| Untracked |  0
| 225|0x0000000638400000, 0x0000000638400000, 0x0000000638800000|  0%| F|  |TAMS 0x0000000638400000| PB 0x0000000638400000| Untracked |  0
| 226|0x0000000638800000, 0x0000000638800000, 0x0000000638c00000|  0%| F|  |TAMS 0x0000000638800000| PB 0x0000000638800000| Untracked |  0
| 227|0x0000000638c00000, 0x0000000638c00000, 0x0000000639000000|  0%| F|  |TAMS 0x0000000638c00000| PB 0x0000000638c00000| Untracked |  0
| 228|0x0000000639000000, 0x0000000639000000, 0x0000000639400000|  0%| F|  |TAMS 0x0000000639000000| PB 0x0000000639000000| Untracked |  0
| 229|0x0000000639400000, 0x0000000639400000, 0x0000000639800000|  0%| F|  |TAMS 0x0000000639400000| PB 0x0000000639400000| Untracked |  0
| 230|0x0000000639800000, 0x0000000639800000, 0x0000000639c00000|  0%| F|  |TAMS 0x0000000639800000| PB 0x0000000639800000| Untracked |  0
| 231|0x0000000639c00000, 0x0000000639c00000, 0x000000063a000000|  0%| F|  |TAMS 0x0000000639c00000| PB 0x0000000639c00000| Untracked |  0
| 232|0x000000063a000000, 0x000000063a000000, 0x000000063a400000|  0%| F|  |TAMS 0x000000063a000000| PB 0x000000063a000000| Untracked |  0
| 233|0x000000063a400000, 0x000000063a400000, 0x000000063a800000|  0%| F|  |TAMS 0x000000063a400000| PB 0x000000063a400000| Untracked |  0
| 234|0x000000063a800000, 0x000000063a800000, 0x000000063ac00000|  0%| F|  |TAMS 0x000000063a800000| PB 0x000000063a800000| Untracked |  0
| 235|0x000000063ac00000, 0x000000063ac00000, 0x000000063b000000|  0%| F|  |TAMS 0x000000063ac00000| PB 0x000000063ac00000| Untracked |  0
| 236|0x000000063b000000, 0x000000063b000000, 0x000000063b400000|  0%| F|  |TAMS 0x000000063b000000| PB 0x000000063b000000| Untracked |  0
| 237|0x000000063b400000, 0x000000063b400000, 0x000000063b800000|  0%| F|  |TAMS 0x000000063b400000| PB 0x000000063b400000| Untracked |  0
| 238|0x000000063b800000, 0x000000063b800000, 0x000000063bc00000|  0%| F|  |TAMS 0x000000063b800000| PB 0x000000063b800000| Untracked |  0
| 239|0x000000063bc00000, 0x000000063bc00000, 0x000000063c000000|  0%| F|  |TAMS 0x000000063bc00000| PB 0x000000063bc00000| Untracked |  0
| 240|0x000000063c000000, 0x000000063c000000, 0x000000063c400000|  0%| F|  |TAMS 0x000000063c000000| PB 0x000000063c000000| Untracked |  0
| 241|0x000000063c400000, 0x000000063c400000, 0x000000063c800000|  0%| F|  |TAMS 0x000000063c400000| PB 0x000000063c400000| Untracked |  0
| 242|0x000000063c800000, 0x000000063c800000, 0x000000063cc00000|  0%| F|  |TAMS 0x000000063c800000| PB 0x000000063c800000| Untracked |  0
| 243|0x000000063cc00000, 0x000000063cc00000, 0x000000063d000000|  0%| F|  |TAMS 0x000000063cc00000| PB 0x000000063cc00000| Untracked |  0
| 244|0x000000063d000000, 0x000000063d000000, 0x000000063d400000|  0%| F|  |TAMS 0x000000063d000000| PB 0x000000063d000000| Untracked |  0
| 245|0x000000063d400000, 0x000000063d400000, 0x000000063d800000|  0%| F|  |TAMS 0x000000063d400000| PB 0x000000063d400000| Untracked |  0
| 246|0x000000063d800000, 0x000000063d800000, 0x000000063dc00000|  0%| F|  |TAMS 0x000000063d800000| PB 0x000000063d800000| Untracked |  0
| 247|0x000000063dc00000, 0x000000063dc00000, 0x000000063e000000|  0%| F|  |TAMS 0x000000063dc00000| PB 0x000000063dc00000| Untracked |  0
| 248|0x000000063e000000, 0x000000063e000000, 0x000000063e400000|  0%| F|  |TAMS 0x000000063e000000| PB 0x000000063e000000| Untracked |  0
| 249|0x000000063e400000, 0x000000063e400000, 0x000000063e800000|  0%| F|  |TAMS 0x000000063e400000| PB 0x000000063e400000| Untracked |  0
| 250|0x000000063e800000, 0x000000063e800000, 0x000000063ec00000|  0%| F|  |TAMS 0x000000063e800000| PB 0x000000063e800000| Untracked |  0
| 251|0x000000063ec00000, 0x000000063ec00000, 0x000000063f000000|  0%| F|  |TAMS 0x000000063ec00000| PB 0x000000063ec00000| Untracked |  0
| 252|0x000000063f000000, 0x000000063f000000, 0x000000063f400000|  0%| F|  |TAMS 0x000000063f000000| PB 0x000000063f000000| Untracked |  0
| 253|0x000000063f400000, 0x000000063f400000, 0x000000063f800000|  0%| F|  |TAMS 0x000000063f400000| PB 0x000000063f400000| Untracked |  0
| 254|0x000000063f800000, 0x000000063f800000, 0x000000063fc00000|  0%| F|  |TAMS 0x000000063f800000| PB 0x000000063f800000| Untracked |  0
| 255|0x000000063fc00000, 0x000000063fc00000, 0x0000000640000000|  0%| F|  |TAMS 0x000000063fc00000| PB 0x000000063fc00000| Untracked |  0
| 256|0x0000000640000000, 0x0000000640000000, 0x0000000640400000|  0%| F|  |TAMS 0x0000000640000000| PB 0x0000000640000000| Untracked |  0
| 257|0x0000000640400000, 0x0000000640400000, 0x0000000640800000|  0%| F|  |TAMS 0x0000000640400000| PB 0x0000000640400000| Untracked |  0
| 258|0x0000000640800000, 0x0000000640800000, 0x0000000640c00000|  0%| F|  |TAMS 0x0000000640800000| PB 0x0000000640800000| Untracked |  0
| 259|0x0000000640c00000, 0x0000000640c00000, 0x0000000641000000|  0%| F|  |TAMS 0x0000000640c00000| PB 0x0000000640c00000| Untracked |  0
| 260|0x0000000641000000, 0x0000000641000000, 0x0000000641400000|  0%| F|  |TAMS 0x0000000641000000| PB 0x0000000641000000| Untracked |  0
| 261|0x0000000641400000, 0x0000000641400000, 0x0000000641800000|  0%| F|  |TAMS 0x0000000641400000| PB 0x0000000641400000| Untracked |  0
| 262|0x0000000641800000, 0x0000000641800000, 0x0000000641c00000|  0%| F|  |TAMS 0x0000000641800000| PB 0x0000000641800000| Untracked |  0
| 263|0x0000000641c00000, 0x0000000641c00000, 0x0000000642000000|  0%| F|  |TAMS 0x0000000641c00000| PB 0x0000000641c00000| Untracked |  0
| 264|0x0000000642000000, 0x0000000642000000, 0x0000000642400000|  0%| F|  |TAMS 0x0000000642000000| PB 0x0000000642000000| Untracked |  0
| 265|0x0000000642400000, 0x0000000642400000, 0x0000000642800000|  0%| F|  |TAMS 0x0000000642400000| PB 0x0000000642400000| Untracked |  0
| 266|0x0000000642800000, 0x0000000642800000, 0x0000000642c00000|  0%| F|  |TAMS 0x0000000642800000| PB 0x0000000642800000| Untracked |  0
| 267|0x0000000642c00000, 0x0000000642c00000, 0x0000000643000000|  0%| F|  |TAMS 0x0000000642c00000| PB 0x0000000642c00000| Untracked |  0
| 268|0x0000000643000000, 0x0000000643000000, 0x0000000643400000|  0%| F|  |TAMS 0x0000000643000000| PB 0x0000000643000000| Untracked |  0
| 269|0x0000000643400000, 0x0000000643400000, 0x0000000643800000|  0%| F|  |TAMS 0x0000000643400000| PB 0x0000000643400000| Untracked |  0
| 270|0x0000000643800000, 0x0000000643800000, 0x0000000643c00000|  0%| F|  |TAMS 0x0000000643800000| PB 0x0000000643800000| Untracked |  0
| 271|0x0000000643c00000, 0x0000000643c00000, 0x0000000644000000|  0%| F|  |TAMS 0x0000000643c00000| PB 0x0000000643c00000| Untracked |  0
| 272|0x0000000644000000, 0x0000000644000000, 0x0000000644400000|  0%| F|  |TAMS 0x0000000644000000| PB 0x0000000644000000| Untracked |  0
| 273|0x0000000644400000, 0x0000000644400000, 0x0000000644800000|  0%| F|  |TAMS 0x0000000644400000| PB 0x0000000644400000| Untracked |  0
| 274|0x0000000644800000, 0x0000000644800000, 0x0000000644c00000|  0%| F|  |TAMS 0x0000000644800000| PB 0x0000000644800000| Untracked |  0
| 275|0x0000000644c00000, 0x0000000644c00000, 0x0000000645000000|  0%| F|  |TAMS 0x0000000644c00000| PB 0x0000000644c00000| Untracked |  0
| 276|0x0000000645000000, 0x0000000645000000, 0x0000000645400000|  0%| F|  |TAMS 0x0000000645000000| PB 0x0000000645000000| Untracked |  0
| 277|0x0000000645400000, 0x0000000645400000, 0x0000000645800000|  0%| F|  |TAMS 0x0000000645400000| PB 0x0000000645400000| Untracked |  0
| 278|0x0000000645800000, 0x0000000645800000, 0x0000000645c00000|  0%| F|  |TAMS 0x0000000645800000| PB 0x0000000645800000| Untracked |  0
| 279|0x0000000645c00000, 0x0000000645c00000, 0x0000000646000000|  0%| F|  |TAMS 0x0000000645c00000| PB 0x0000000645c00000| Untracked |  0
| 280|0x0000000646000000, 0x0000000646000000, 0x0000000646400000|  0%| F|  |TAMS 0x0000000646000000| PB 0x0000000646000000| Untracked |  0
| 281|0x0000000646400000, 0x0000000646400000, 0x0000000646800000|  0%| F|  |TAMS 0x0000000646400000| PB 0x0000000646400000| Untracked |  0
| 282|0x0000000646800000, 0x0000000646800000, 0x0000000646c00000|  0%| F|  |TAMS 0x0000000646800000| PB 0x0000000646800000| Untracked |  0
| 283|0x0000000646c00000, 0x0000000646c00000, 0x0000000647000000|  0%| F|  |TAMS 0x0000000646c00000| PB 0x0000000646c00000| Untracked |  0
| 284|0x0000000647000000, 0x0000000647000000, 0x0000000647400000|  0%| F|  |TAMS 0x0000000647000000| PB 0x0000000647000000| Untracked |  0
| 285|0x0000000647400000, 0x0000000647400000, 0x0000000647800000|  0%| F|  |TAMS 0x0000000647400000| PB 0x0000000647400000| Untracked |  0
| 286|0x0000000647800000, 0x0000000647800000, 0x0000000647c00000|  0%| F|  |TAMS 0x0000000647800000| PB 0x0000000647800000| Untracked |  0
| 287|0x0000000647c00000, 0x0000000647c00000, 0x0000000648000000|  0%| F|  |TAMS 0x0000000647c00000| PB 0x0000000647c00000| Untracked |  0
| 288|0x0000000648000000, 0x0000000648000000, 0x0000000648400000|  0%| F|  |TAMS 0x0000000648000000| PB 0x0000000648000000| Untracked |  0
| 289|0x0000000648400000, 0x0000000648400000, 0x0000000648800000|  0%| F|  |TAMS 0x0000000648400000| PB 0x0000000648400000| Untracked |  0
| 290|0x0000000648800000, 0x0000000648800000, 0x0000000648c00000|  0%| F|  |TAMS 0x0000000648800000| PB 0x0000000648800000| Untracked |  0
| 291|0x0000000648c00000, 0x0000000648c00000, 0x0000000649000000|  0%| F|  |TAMS 0x0000000648c00000| PB 0x0000000648c00000| Untracked |  0
| 292|0x0000000649000000, 0x0000000649000000, 0x0000000649400000|  0%| F|  |TAMS 0x0000000649000000| PB 0x0000000649000000| Untracked |  0
| 293|0x0000000649400000, 0x0000000649400000, 0x0000000649800000|  0%| F|  |TAMS 0x0000000649400000| PB 0x0000000649400000| Untracked |  0
| 294|0x0000000649800000, 0x0000000649800000, 0x0000000649c00000|  0%| F|  |TAMS 0x0000000649800000| PB 0x0000000649800000| Untracked |  0
| 295|0x0000000649c00000, 0x0000000649c00000, 0x000000064a000000|  0%| F|  |TAMS 0x0000000649c00000| PB 0x0000000649c00000| Untracked |  0
| 296|0x000000064a000000, 0x000000064a000000, 0x000000064a400000|  0%| F|  |TAMS 0x000000064a000000| PB 0x000000064a000000| Untracked |  0
| 297|0x000000064a400000, 0x000000064a400000, 0x000000064a800000|  0%| F|  |TAMS 0x000000064a400000| PB 0x000000064a400000| Untracked |  0
| 298|0x000000064a800000, 0x000000064a800000, 0x000000064ac00000|  0%| F|  |TAMS 0x000000064a800000| PB 0x000000064a800000| Untracked |  0
| 299|0x000000064ac00000, 0x000000064ac00000, 0x000000064b000000|  0%| F|  |TAMS 0x000000064ac00000| PB 0x000000064ac00000| Untracked |  0
| 300|0x000000064b000000, 0x000000064b000000, 0x000000064b400000|  0%| F|  |TAMS 0x000000064b000000| PB 0x000000064b000000| Untracked |  0
| 301|0x000000064b400000, 0x000000064b400000, 0x000000064b800000|  0%| F|  |TAMS 0x000000064b400000| PB 0x000000064b400000| Untracked |  0
| 302|0x000000064b800000, 0x000000064b800000, 0x000000064bc00000|  0%| F|  |TAMS 0x000000064b800000| PB 0x000000064b800000| Untracked |  0
| 303|0x000000064bc00000, 0x000000064bc00000, 0x000000064c000000|  0%| F|  |TAMS 0x000000064bc00000| PB 0x000000064bc00000| Untracked |  0
| 304|0x000000064c000000, 0x000000064c000000, 0x000000064c400000|  0%| F|  |TAMS 0x000000064c000000| PB 0x000000064c000000| Untracked |  0
| 305|0x000000064c400000, 0x000000064c400000, 0x000000064c800000|  0%| F|  |TAMS 0x000000064c400000| PB 0x000000064c400000| Untracked |  0
| 306|0x000000064c800000, 0x000000064c800000, 0x000000064cc00000|  0%| F|  |TAMS 0x000000064c800000| PB 0x000000064c800000| Untracked |  0
| 307|0x000000064cc00000, 0x000000064cc00000, 0x000000064d000000|  0%| F|  |TAMS 0x000000064cc00000| PB 0x000000064cc00000| Untracked |  0
| 308|0x000000064d000000, 0x000000064d000000, 0x000000064d400000|  0%| F|  |TAMS 0x000000064d000000| PB 0x000000064d000000| Untracked |  0
| 309|0x000000064d400000, 0x000000064d400000, 0x000000064d800000|  0%| F|  |TAMS 0x000000064d400000| PB 0x000000064d400000| Untracked |  0
| 310|0x000000064d800000, 0x000000064d800000, 0x000000064dc00000|  0%| F|  |TAMS 0x000000064d800000| PB 0x000000064d800000| Untracked |  0
| 311|0x000000064dc00000, 0x000000064dc00000, 0x000000064e000000|  0%| F|  |TAMS 0x000000064dc00000| PB 0x000000064dc00000| Untracked |  0
| 312|0x000000064e000000, 0x000000064e000000, 0x000000064e400000|  0%| F|  |TAMS 0x000000064e000000| PB 0x000000064e000000| Untracked |  0
| 313|0x000000064e400000, 0x000000064e400000, 0x000000064e800000|  0%| F|  |TAMS 0x000000064e400000| PB 0x000000064e400000| Untracked |  0
| 314|0x000000064e800000, 0x000000064e800000, 0x000000064ec00000|  0%| F|  |TAMS 0x000000064e800000| PB 0x000000064e800000| Untracked |  0
| 315|0x000000064ec00000, 0x000000064ec00000, 0x000000064f000000|  0%| F|  |TAMS 0x000000064ec00000| PB 0x000000064ec00000| Untracked |  0
| 316|0x000000064f000000, 0x000000064f000000, 0x000000064f400000|  0%| F|  |TAMS 0x000000064f000000| PB 0x000000064f000000| Untracked |  0
| 317|0x000000064f400000, 0x000000064f400000, 0x000000064f800000|  0%| F|  |TAMS 0x000000064f400000| PB 0x000000064f400000| Untracked |  0
| 318|0x000000064f800000, 0x000000064f800000, 0x000000064fc00000|  0%| F|  |TAMS 0x000000064f800000| PB 0x000000064f800000| Untracked |  0
| 319|0x000000064fc00000, 0x000000064fc00000, 0x0000000650000000|  0%| F|  |TAMS 0x000000064fc00000| PB 0x000000064fc00000| Untracked |  0
| 320|0x0000000650000000, 0x0000000650000000, 0x0000000650400000|  0%| F|  |TAMS 0x0000000650000000| PB 0x0000000650000000| Untracked |  0
| 321|0x0000000650400000, 0x0000000650400000, 0x0000000650800000|  0%| F|  |TAMS 0x0000000650400000| PB 0x0000000650400000| Untracked |  0
| 322|0x0000000650800000, 0x0000000650800000, 0x0000000650c00000|  0%| F|  |TAMS 0x0000000650800000| PB 0x0000000650800000| Untracked |  0
| 323|0x0000000650c00000, 0x0000000650c00000, 0x0000000651000000|  0%| F|  |TAMS 0x0000000650c00000| PB 0x0000000650c00000| Untracked |  0
| 324|0x0000000651000000, 0x0000000651000000, 0x0000000651400000|  0%| F|  |TAMS 0x0000000651000000| PB 0x0000000651000000| Untracked |  0
| 325|0x0000000651400000, 0x0000000651400000, 0x0000000651800000|  0%| F|  |TAMS 0x0000000651400000| PB 0x0000000651400000| Untracked |  0
| 326|0x0000000651800000, 0x0000000651800000, 0x0000000651c00000|  0%| F|  |TAMS 0x0000000651800000| PB 0x0000000651800000| Untracked |  0
| 327|0x0000000651c00000, 0x0000000651c00000, 0x0000000652000000|  0%| F|  |TAMS 0x0000000651c00000| PB 0x0000000651c00000| Untracked |  0
| 328|0x0000000652000000, 0x0000000652000000, 0x0000000652400000|  0%| F|  |TAMS 0x0000000652000000| PB 0x0000000652000000| Untracked |  0
| 329|0x0000000652400000, 0x0000000652400000, 0x0000000652800000|  0%| F|  |TAMS 0x0000000652400000| PB 0x0000000652400000| Untracked |  0
| 330|0x0000000652800000, 0x0000000652800000, 0x0000000652c00000|  0%| F|  |TAMS 0x0000000652800000| PB 0x0000000652800000| Untracked |  0
| 331|0x0000000652c00000, 0x0000000652c00000, 0x0000000653000000|  0%| F|  |TAMS 0x0000000652c00000| PB 0x0000000652c00000| Untracked |  0
| 332|0x0000000653000000, 0x0000000653000000, 0x0000000653400000|  0%| F|  |TAMS 0x0000000653000000| PB 0x0000000653000000| Untracked |  0
| 333|0x0000000653400000, 0x0000000653400000, 0x0000000653800000|  0%| F|  |TAMS 0x0000000653400000| PB 0x0000000653400000| Untracked |  0
| 334|0x0000000653800000, 0x0000000653800000, 0x0000000653c00000|  0%| F|  |TAMS 0x0000000653800000| PB 0x0000000653800000| Untracked |  0
| 335|0x0000000653c00000, 0x0000000653c00000, 0x0000000654000000|  0%| F|  |TAMS 0x0000000653c00000| PB 0x0000000653c00000| Untracked |  0
| 336|0x0000000654000000, 0x0000000654000000, 0x0000000654400000|  0%| F|  |TAMS 0x0000000654000000| PB 0x0000000654000000| Untracked |  0
| 337|0x0000000654400000, 0x0000000654400000, 0x0000000654800000|  0%| F|  |TAMS 0x0000000654400000| PB 0x0000000654400000| Untracked |  0
| 338|0x0000000654800000, 0x0000000654800000, 0x0000000654c00000|  0%| F|  |TAMS 0x0000000654800000| PB 0x0000000654800000| Untracked |  0
| 339|0x0000000654c00000, 0x0000000654c00000, 0x0000000655000000|  0%| F|  |TAMS 0x0000000654c00000| PB 0x0000000654c00000| Untracked |  0
| 340|0x0000000655000000, 0x0000000655000000, 0x0000000655400000|  0%| F|  |TAMS 0x0000000655000000| PB 0x0000000655000000| Untracked |  0
| 341|0x0000000655400000, 0x0000000655400000, 0x0000000655800000|  0%| F|  |TAMS 0x0000000655400000| PB 0x0000000655400000| Untracked |  0
| 342|0x0000000655800000, 0x0000000655800000, 0x0000000655c00000|  0%| F|  |TAMS 0x0000000655800000| PB 0x0000000655800000| Untracked |  0
| 343|0x0000000655c00000, 0x0000000655c00000, 0x0000000656000000|  0%| F|  |TAMS 0x0000000655c00000| PB 0x0000000655c00000| Untracked |  0
| 344|0x0000000656000000, 0x0000000656000000, 0x0000000656400000|  0%| F|  |TAMS 0x0000000656000000| PB 0x0000000656000000| Untracked |  0
| 345|0x0000000656400000, 0x0000000656400000, 0x0000000656800000|  0%| F|  |TAMS 0x0000000656400000| PB 0x0000000656400000| Untracked |  0
| 346|0x0000000656800000, 0x0000000656800000, 0x0000000656c00000|  0%| F|  |TAMS 0x0000000656800000| PB 0x0000000656800000| Untracked |  0
| 347|0x0000000656c00000, 0x0000000656c00000, 0x0000000657000000|  0%| F|  |TAMS 0x0000000656c00000| PB 0x0000000656c00000| Untracked |  0
| 348|0x0000000657000000, 0x0000000657000000, 0x0000000657400000|  0%| F|  |TAMS 0x0000000657000000| PB 0x0000000657000000| Untracked |  0
| 349|0x0000000657400000, 0x0000000657400000, 0x0000000657800000|  0%| F|  |TAMS 0x0000000657400000| PB 0x0000000657400000| Untracked |  0
| 350|0x0000000657800000, 0x0000000657800000, 0x0000000657c00000|  0%| F|  |TAMS 0x0000000657800000| PB 0x0000000657800000| Untracked |  0
| 351|0x0000000657c00000, 0x0000000657c00000, 0x0000000658000000|  0%| F|  |TAMS 0x0000000657c00000| PB 0x0000000657c00000| Untracked |  0
| 352|0x0000000658000000, 0x0000000658000000, 0x0000000658400000|  0%| F|  |TAMS 0x0000000658000000| PB 0x0000000658000000| Untracked |  0
| 353|0x0000000658400000, 0x0000000658400000, 0x0000000658800000|  0%| F|  |TAMS 0x0000000658400000| PB 0x0000000658400000| Untracked |  0
| 354|0x0000000658800000, 0x0000000658800000, 0x0000000658c00000|  0%| F|  |TAMS 0x0000000658800000| PB 0x0000000658800000| Untracked |  0
| 355|0x0000000658c00000, 0x0000000658c00000, 0x0000000659000000|  0%| F|  |TAMS 0x0000000658c00000| PB 0x0000000658c00000| Untracked |  0
| 356|0x0000000659000000, 0x0000000659000000, 0x0000000659400000|  0%| F|  |TAMS 0x0000000659000000| PB 0x0000000659000000| Untracked |  0
| 357|0x0000000659400000, 0x0000000659400000, 0x0000000659800000|  0%| F|  |TAMS 0x0000000659400000| PB 0x0000000659400000| Untracked |  0
| 358|0x0000000659800000, 0x0000000659800000, 0x0000000659c00000|  0%| F|  |TAMS 0x0000000659800000| PB 0x0000000659800000| Untracked |  0
| 359|0x0000000659c00000, 0x0000000659c00000, 0x000000065a000000|  0%| F|  |TAMS 0x0000000659c00000| PB 0x0000000659c00000| Untracked |  0
| 360|0x000000065a000000, 0x000000065a000000, 0x000000065a400000|  0%| F|  |TAMS 0x000000065a000000| PB 0x000000065a000000| Untracked |  0
| 361|0x000000065a400000, 0x000000065a400000, 0x000000065a800000|  0%| F|  |TAMS 0x000000065a400000| PB 0x000000065a400000| Untracked |  0
| 362|0x000000065a800000, 0x000000065a800000, 0x000000065ac00000|  0%| F|  |TAMS 0x000000065a800000| PB 0x000000065a800000| Untracked |  0
| 363|0x000000065ac00000, 0x000000065ac00000, 0x000000065b000000|  0%| F|  |TAMS 0x000000065ac00000| PB 0x000000065ac00000| Untracked |  0
| 364|0x000000065b000000, 0x000000065b000000, 0x000000065b400000|  0%| F|  |TAMS 0x000000065b000000| PB 0x000000065b000000| Untracked |  0
| 365|0x000000065b400000, 0x000000065b400000, 0x000000065b800000|  0%| F|  |TAMS 0x000000065b400000| PB 0x000000065b400000| Untracked |  0
| 366|0x000000065b800000, 0x000000065b800000, 0x000000065bc00000|  0%| F|  |TAMS 0x000000065b800000| PB 0x000000065b800000| Untracked |  0
| 367|0x000000065bc00000, 0x000000065bc00000, 0x000000065c000000|  0%| F|  |TAMS 0x000000065bc00000| PB 0x000000065bc00000| Untracked |  0
| 368|0x000000065c000000, 0x000000065c000000, 0x000000065c400000|  0%| F|  |TAMS 0x000000065c000000| PB 0x000000065c000000| Untracked |  0
| 369|0x000000065c400000, 0x000000065c400000, 0x000000065c800000|  0%| F|  |TAMS 0x000000065c400000| PB 0x000000065c400000| Untracked |  0
| 370|0x000000065c800000, 0x000000065c800000, 0x000000065cc00000|  0%| F|  |TAMS 0x000000065c800000| PB 0x000000065c800000| Untracked |  0
| 371|0x000000065cc00000, 0x000000065cc00000, 0x000000065d000000|  0%| F|  |TAMS 0x000000065cc00000| PB 0x000000065cc00000| Untracked |  0
| 372|0x000000065d000000, 0x000000065d000000, 0x000000065d400000|  0%| F|  |TAMS 0x000000065d000000| PB 0x000000065d000000| Untracked |  0
| 373|0x000000065d400000, 0x000000065d400000, 0x000000065d800000|  0%| F|  |TAMS 0x000000065d400000| PB 0x000000065d400000| Untracked |  0
| 374|0x000000065d800000, 0x000000065d800000, 0x000000065dc00000|  0%| F|  |TAMS 0x000000065d800000| PB 0x000000065d800000| Untracked |  0
| 375|0x000000065dc00000, 0x000000065dc00000, 0x000000065e000000|  0%| F|  |TAMS 0x000000065dc00000| PB 0x000000065dc00000| Untracked |  0
| 376|0x000000065e000000, 0x000000065e000000, 0x000000065e400000|  0%| F|  |TAMS 0x000000065e000000| PB 0x000000065e000000| Untracked |  0
| 377|0x000000065e400000, 0x000000065e400000, 0x000000065e800000|  0%| F|  |TAMS 0x000000065e400000| PB 0x000000065e400000| Untracked |  0
| 378|0x000000065e800000, 0x000000065e800000, 0x000000065ec00000|  0%| F|  |TAMS 0x000000065e800000| PB 0x000000065e800000| Untracked |  0
| 379|0x000000065ec00000, 0x000000065ec00000, 0x000000065f000000|  0%| F|  |TAMS 0x000000065ec00000| PB 0x000000065ec00000| Untracked |  0
| 380|0x000000065f000000, 0x000000065f000000, 0x000000065f400000|  0%| F|  |TAMS 0x000000065f000000| PB 0x000000065f000000| Untracked |  0
| 381|0x000000065f400000, 0x000000065f400000, 0x000000065f800000|  0%| F|  |TAMS 0x000000065f400000| PB 0x000000065f400000| Untracked |  0
| 382|0x000000065f800000, 0x000000065f800000, 0x000000065fc00000|  0%| F|  |TAMS 0x000000065f800000| PB 0x000000065f800000| Untracked |  0
| 383|0x000000065fc00000, 0x000000065fc00000, 0x0000000660000000|  0%| F|  |TAMS 0x000000065fc00000| PB 0x000000065fc00000| Untracked |  0
| 384|0x0000000660000000, 0x0000000660000000, 0x0000000660400000|  0%| F|  |TAMS 0x0000000660000000| PB 0x0000000660000000| Untracked |  0
| 385|0x0000000660400000, 0x0000000660400000, 0x0000000660800000|  0%| F|  |TAMS 0x0000000660400000| PB 0x0000000660400000| Untracked |  0
| 386|0x0000000660800000, 0x0000000660800000, 0x0000000660c00000|  0%| F|  |TAMS 0x0000000660800000| PB 0x0000000660800000| Untracked |  0
| 387|0x0000000660c00000, 0x0000000660c00000, 0x0000000661000000|  0%| F|  |TAMS 0x0000000660c00000| PB 0x0000000660c00000| Untracked |  0
| 388|0x0000000661000000, 0x0000000661000000, 0x0000000661400000|  0%| F|  |TAMS 0x0000000661000000| PB 0x0000000661000000| Untracked |  0
| 389|0x0000000661400000, 0x0000000661400000, 0x0000000661800000|  0%| F|  |TAMS 0x0000000661400000| PB 0x0000000661400000| Untracked |  0
| 390|0x0000000661800000, 0x0000000661800000, 0x0000000661c00000|  0%| F|  |TAMS 0x0000000661800000| PB 0x0000000661800000| Untracked |  0
| 391|0x0000000661c00000, 0x0000000661c00000, 0x0000000662000000|  0%| F|  |TAMS 0x0000000661c00000| PB 0x0000000661c00000| Untracked |  0
| 392|0x0000000662000000, 0x0000000662000000, 0x0000000662400000|  0%| F|  |TAMS 0x0000000662000000| PB 0x0000000662000000| Untracked |  0
| 393|0x0000000662400000, 0x0000000662400000, 0x0000000662800000|  0%| F|  |TAMS 0x0000000662400000| PB 0x0000000662400000| Untracked |  0
| 394|0x0000000662800000, 0x0000000662800000, 0x0000000662c00000|  0%| F|  |TAMS 0x0000000662800000| PB 0x0000000662800000| Untracked |  0
| 395|0x0000000662c00000, 0x0000000662c00000, 0x0000000663000000|  0%| F|  |TAMS 0x0000000662c00000| PB 0x0000000662c00000| Untracked |  0
| 396|0x0000000663000000, 0x0000000663000000, 0x0000000663400000|  0%| F|  |TAMS 0x0000000663000000| PB 0x0000000663000000| Untracked |  0
| 397|0x0000000663400000, 0x0000000663400000, 0x0000000663800000|  0%| F|  |TAMS 0x0000000663400000| PB 0x0000000663400000| Untracked |  0
| 398|0x0000000663800000, 0x0000000663800000, 0x0000000663c00000|  0%| F|  |TAMS 0x0000000663800000| PB 0x0000000663800000| Untracked |  0
| 399|0x0000000663c00000, 0x0000000663c00000, 0x0000000664000000|  0%| F|  |TAMS 0x0000000663c00000| PB 0x0000000663c00000| Untracked |  0
| 400|0x0000000664000000, 0x0000000664000000, 0x0000000664400000|  0%| F|  |TAMS 0x0000000664000000| PB 0x0000000664000000| Untracked |  0
| 401|0x0000000664400000, 0x0000000664400000, 0x0000000664800000|  0%| F|  |TAMS 0x0000000664400000| PB 0x0000000664400000| Untracked |  0
| 402|0x0000000664800000, 0x0000000664800000, 0x0000000664c00000|  0%| F|  |TAMS 0x0000000664800000| PB 0x0000000664800000| Untracked |  0
| 403|0x0000000664c00000, 0x0000000664c00000, 0x0000000665000000|  0%| F|  |TAMS 0x0000000664c00000| PB 0x0000000664c00000| Untracked |  0
| 404|0x0000000665000000, 0x0000000665000000, 0x0000000665400000|  0%| F|  |TAMS 0x0000000665000000| PB 0x0000000665000000| Untracked |  0
| 405|0x0000000665400000, 0x0000000665400000, 0x0000000665800000|  0%| F|  |TAMS 0x0000000665400000| PB 0x0000000665400000| Untracked |  0
| 406|0x0000000665800000, 0x0000000665800000, 0x0000000665c00000|  0%| F|  |TAMS 0x0000000665800000| PB 0x0000000665800000| Untracked |  0
| 407|0x0000000665c00000, 0x0000000665c00000, 0x0000000666000000|  0%| F|  |TAMS 0x0000000665c00000| PB 0x0000000665c00000| Untracked |  0
| 408|0x0000000666000000, 0x0000000666000000, 0x0000000666400000|  0%| F|  |TAMS 0x0000000666000000| PB 0x0000000666000000| Untracked |  0
| 409|0x0000000666400000, 0x0000000666400000, 0x0000000666800000|  0%| F|  |TAMS 0x0000000666400000| PB 0x0000000666400000| Untracked |  0
| 410|0x0000000666800000, 0x0000000666800000, 0x0000000666c00000|  0%| F|  |TAMS 0x0000000666800000| PB 0x0000000666800000| Untracked |  0
| 411|0x0000000666c00000, 0x0000000666c00000, 0x0000000667000000|  0%| F|  |TAMS 0x0000000666c00000| PB 0x0000000666c00000| Untracked |  0
| 412|0x0000000667000000, 0x0000000667000000, 0x0000000667400000|  0%| F|  |TAMS 0x0000000667000000| PB 0x0000000667000000| Untracked |  0
| 413|0x0000000667400000, 0x0000000667400000, 0x0000000667800000|  0%| F|  |TAMS 0x0000000667400000| PB 0x0000000667400000| Untracked |  0
| 414|0x0000000667800000, 0x0000000667800000, 0x0000000667c00000|  0%| F|  |TAMS 0x0000000667800000| PB 0x0000000667800000| Untracked |  0
| 415|0x0000000667c00000, 0x0000000667c00000, 0x0000000668000000|  0%| F|  |TAMS 0x0000000667c00000| PB 0x0000000667c00000| Untracked |  0
| 416|0x0000000668000000, 0x0000000668000000, 0x0000000668400000|  0%| F|  |TAMS 0x0000000668000000| PB 0x0000000668000000| Untracked |  0
| 417|0x0000000668400000, 0x0000000668400000, 0x0000000668800000|  0%| F|  |TAMS 0x0000000668400000| PB 0x0000000668400000| Untracked |  0
| 418|0x0000000668800000, 0x0000000668800000, 0x0000000668c00000|  0%| F|  |TAMS 0x0000000668800000| PB 0x0000000668800000| Untracked |  0
| 419|0x0000000668c00000, 0x0000000668c00000, 0x0000000669000000|  0%| F|  |TAMS 0x0000000668c00000| PB 0x0000000668c00000| Untracked |  0
| 420|0x0000000669000000, 0x0000000669000000, 0x0000000669400000|  0%| F|  |TAMS 0x0000000669000000| PB 0x0000000669000000| Untracked |  0
| 421|0x0000000669400000, 0x0000000669400000, 0x0000000669800000|  0%| F|  |TAMS 0x0000000669400000| PB 0x0000000669400000| Untracked |  0
| 422|0x0000000669800000, 0x0000000669800000, 0x0000000669c00000|  0%| F|  |TAMS 0x0000000669800000| PB 0x0000000669800000| Untracked |  0
| 423|0x0000000669c00000, 0x0000000669c00000, 0x000000066a000000|  0%| F|  |TAMS 0x0000000669c00000| PB 0x0000000669c00000| Untracked |  0
| 424|0x000000066a000000, 0x000000066a000000, 0x000000066a400000|  0%| F|  |TAMS 0x000000066a000000| PB 0x000000066a000000| Untracked |  0
| 425|0x000000066a400000, 0x000000066a400000, 0x000000066a800000|  0%| F|  |TAMS 0x000000066a400000| PB 0x000000066a400000| Untracked |  0
| 426|0x000000066a800000, 0x000000066a800000, 0x000000066ac00000|  0%| F|  |TAMS 0x000000066a800000| PB 0x000000066a800000| Untracked |  0
| 427|0x000000066ac00000, 0x000000066ac00000, 0x000000066b000000|  0%| F|  |TAMS 0x000000066ac00000| PB 0x000000066ac00000| Untracked |  0
| 428|0x000000066b000000, 0x000000066b000000, 0x000000066b400000|  0%| F|  |TAMS 0x000000066b000000| PB 0x000000066b000000| Untracked |  0
| 429|0x000000066b400000, 0x000000066b400000, 0x000000066b800000|  0%| F|  |TAMS 0x000000066b400000| PB 0x000000066b400000| Untracked |  0
| 430|0x000000066b800000, 0x000000066b800000, 0x000000066bc00000|  0%| F|  |TAMS 0x000000066b800000| PB 0x000000066b800000| Untracked |  0
| 431|0x000000066bc00000, 0x000000066bc00000, 0x000000066c000000|  0%| F|  |TAMS 0x000000066bc00000| PB 0x000000066bc00000| Untracked |  0
| 432|0x000000066c000000, 0x000000066c000000, 0x000000066c400000|  0%| F|  |TAMS 0x000000066c000000| PB 0x000000066c000000| Untracked |  0
| 433|0x000000066c400000, 0x000000066c400000, 0x000000066c800000|  0%| F|  |TAMS 0x000000066c400000| PB 0x000000066c400000| Untracked |  0
| 434|0x000000066c800000, 0x000000066c800000, 0x000000066cc00000|  0%| F|  |TAMS 0x000000066c800000| PB 0x000000066c800000| Untracked |  0
| 435|0x000000066cc00000, 0x000000066cc00000, 0x000000066d000000|  0%| F|  |TAMS 0x000000066cc00000| PB 0x000000066cc00000| Untracked |  0
| 436|0x000000066d000000, 0x000000066d000000, 0x000000066d400000|  0%| F|  |TAMS 0x000000066d000000| PB 0x000000066d000000| Untracked |  0
| 437|0x000000066d400000, 0x000000066d400000, 0x000000066d800000|  0%| F|  |TAMS 0x000000066d400000| PB 0x000000066d400000| Untracked |  0
| 438|0x000000066d800000, 0x000000066d800000, 0x000000066dc00000|  0%| F|  |TAMS 0x000000066d800000| PB 0x000000066d800000| Untracked |  0
| 439|0x000000066dc00000, 0x000000066dc00000, 0x000000066e000000|  0%| F|  |TAMS 0x000000066dc00000| PB 0x000000066dc00000| Untracked |  0
|2043|0x00000007fec00000, 0x00000007ff000000, 0x00000007ff000000|100%| O|  |TAMS 0x00000007ff000000| PB 0x00000007fec00000| Untracked |  0
|2044|0x00000007ff000000, 0x00000007ff400000, 0x00000007ff400000|100%| O|  |TAMS 0x00000007ff400000| PB 0x00000007ff000000| Untracked |  0
|2045|0x00000007ff400000, 0x00000007ff400000, 0x00000007ff800000|  0%| F|  |TAMS 0x00000007ff400000| PB 0x00000007ff400000| Untracked |  0
|2046|0x00000007ff800000, 0x00000007ffc00000, 0x00000007ffc00000|100%| O|  |TAMS 0x00000007ffc00000| PB 0x00000007ff800000| Untracked |  0
|2047|0x00000007ffc00000, 0x0000000800000000, 0x0000000800000000|100%| O|  |TAMS 0x0000000800000000| PB 0x00000007ffc00000| Untracked |  0

Card table byte_map: [0x0000017c64dc0000,0x0000017c65dc0000] _byte_map_base: 0x0000017c61dc0000

Marking Bits: (CMBitMap*) 0x0000017c5fdcc7d0
 Bits: [0x0000017c65dc0000, 0x0000017c6ddc0000)

Polling page: 0x0000017c5dd60000

Metaspace:
Metaspace        used 249251K, committed 251904K, reserved 1310720K
 class space     used 35336K, committed 36544K, reserved 1048576K

Usage:
  Non-class:    208.90 MB used.
      Class:     34.51 MB used.
       Both:    243.41 MB used.

Virtual space:
  Non-class space:      256.00 MB reserved,     210.31 MB ( 82%) committed,  4 nodes.
      Class space:        1.00 GB reserved,      35.69 MB (  3%) committed,  1 nodes.
             Both:        1.25 GB reserved,     246.00 MB ( 19%) committed. 

Chunk freelists:
   Non-Class:  13.34 MB
       Class:  12.36 MB
        Both:  25.70 MB

MaxMetaspaceSize: 4.00 GB
CompressedClassSpaceSize: 1.00 GB
Initial GC threshold: 21.00 MB
Current GC threshold: 246.19 MB
CDS: off
 - commit_granule_bytes: 65536.
 - commit_granule_words: 8192.
 - virtual_space_node_default_size: 8388608.
 - enlarge_chunks_in_place: 1.
UseCompressedClassPointers 1, UseCompactObjectHeaders 0
Narrow klass pointer bits 32, Max shift 3
Narrow klass base: 0x0000000000000000, Narrow klass shift: 0
Encoding Range: [0x0000000000000000 - 0x0000000100000000), (4294967296 bytes)
Klass Range:    [0x0000000039000000 - 0x0000000079000000), (1073741824 bytes)
Klass ID Range:  [956301312 - 2030043129) (1073741817)
No protection zone.


Internal statistics:

num_allocs_failed_limit: 343.
num_arena_births: 4704.
num_arena_deaths: 0.
num_vsnodes_births: 5.
num_vsnodes_deaths: 0.
num_space_committed: 3934.
num_space_uncommitted: 0.
num_chunks_returned_to_freelist: 343.
num_chunks_taken_from_freelist: 15217.
num_chunk_merges: 340.
num_chunk_splits: 10643.
num_chunks_enlarged: 6879.
num_inconsistent_stats: 0.

CodeHeap 'non-profiled nmethods': size=258496Kb used=16974Kb max_used=16974Kb free=241521Kb
 bounds [0x0000017c10390000, 0x0000017c11430000, 0x0000017c20000000]
CodeHeap 'profiled nmethods': size=258368Kb used=52933Kb max_used=52933Kb free=205435Kb
 bounds [0x0000017c00000000, 0x0000017c033c0000, 0x0000017c0fc50000]
CodeHeap 'non-nmethods': size=7424Kb used=3531Kb max_used=4222Kb free=3892Kb
 bounds [0x0000017c0fc50000, 0x0000017c10090000, 0x0000017c10390000]
CodeCache: size=524288Kb, used=73438Kb, max_used=74129Kb, free=450848Kb
 total_blobs=34345, nmethods=33105, adapters=1138, full_count=0
Compilation: enabled, stopped_count=0, restarted_count=0

Compilation events (20 events):
Event: 64.289 Thread 0x0000017c7501f940 34646       4       com.android.tools.r8.internal.l53$b$a::d (101 bytes)
Event: 64.289 Thread 0x0000017c268438b0 nmethod 34645 0x0000017c11422688 code [0x0000017c11422780, 0x0000017c11422a60]
Event: 64.289 Thread 0x0000017c76fa00d0 nmethod 34647 0x0000017c11422a88 code [0x0000017c11422b80, 0x0000017c11422c48]
Event: 64.289 Thread 0x0000017c7505b8c0 34648       3       com.android.tools.r8.internal.sd4$$Lambda/0x000000003b31ecc8::test (9 bytes)
Event: 64.289 Thread 0x0000017c76fa00d0 34649       3       com.android.tools.r8.internal.sd4::a (14 bytes)
Event: 64.289 Thread 0x0000017c76fa00d0 nmethod 34649 0x0000017c033afc88 code [0x0000017c033afd80, 0x0000017c033aff80]
Event: 64.289 Thread 0x0000017c7505b8c0 nmethod 34648 0x0000017c033b0008 code [0x0000017c033b0100, 0x0000017c033b0360]
Event: 64.290 Thread 0x0000017c268438b0 34650       4       com.android.tools.r8.internal.l53$b::r (8 bytes)
Event: 64.290 Thread 0x0000017c7501f940 nmethod 34646 0x0000017c11422d88 code [0x0000017c11422e80, 0x0000017c11422f80]
Event: 64.290 Thread 0x0000017c7501f940 34651       4       com.android.tools.r8.internal.l53$b::<init> (40 bytes)
Event: 64.290 Thread 0x0000017c26afd6b0 34652       1       com.android.tools.r8.internal.l53::e (5 bytes)
Event: 64.290 Thread 0x0000017c26afd6b0 nmethod 34652 0x0000017c11423088 code [0x0000017c11423180, 0x0000017c11423248]
Event: 64.291 Thread 0x0000017c268438b0 nmethod 34650 0x0000017c11423388 code [0x0000017c11423480, 0x0000017c11423550]
Event: 64.291 Thread 0x0000017c7501f940 nmethod 34651 0x0000017c11423688 code [0x0000017c11423780, 0x0000017c11423a60]
Event: 64.291 Thread 0x0000017c26afd6b0 34653       3       com.android.tools.r8.internal.sd4::a (20 bytes)
Event: 64.291 Thread 0x0000017c7505b8c0 34654       3       com.android.tools.r8.internal.sd4::j (12 bytes)
Event: 64.291 Thread 0x0000017c26afd6b0 nmethod 34653 0x0000017c033b0388 code [0x0000017c033b0480, 0x0000017c033b0870]
Event: 64.291 Thread 0x0000017c26afd6b0 34655       3       com.android.tools.r8.internal.sd4$$Lambda/0x000000003b31ecc8::<init> (10 bytes)
Event: 64.291 Thread 0x0000017c26afd6b0 nmethod 34655 0x0000017c033b0908 code [0x0000017c033b0a00, 0x0000017c033b0bc0]
Event: 64.292 Thread 0x0000017c7505b8c0 nmethod 34654 0x0000017c033b0c08 code [0x0000017c033b0d00, 0x0000017c033b1378]

GC Heap Usage History (20 events):
Event: 44.373 {heap After GC invocations=64 (full 0):
 garbage-first heap   total reserved 8388608K, committed 1548288K, used 243927K [0x0000000600000000, 0x0000000800000000)
  region size 4096K, 11 young (45056K), 11 survivors (45056K)
}
Event: 44.964 {heap Before GC invocations=64 (full 0):
 garbage-first heap   total reserved 8388608K, committed 1548288K, used 1120471K [0x0000000600000000, 0x0000000800000000)
  region size 4096K, 226 young (925696K), 11 survivors (45056K)
}
Event: 44.984 {heap After GC invocations=65 (full 0):
 garbage-first heap   total reserved 8388608K, committed 1548288K, used 246935K [0x0000000600000000, 0x0000000800000000)
  region size 4096K, 11 young (45056K), 11 survivors (45056K)
}
Event: 45.552 {heap Before GC invocations=65 (full 0):
 garbage-first heap   total reserved 8388608K, committed 1548288K, used 1127575K [0x0000000600000000, 0x0000000800000000)
  region size 4096K, 226 young (925696K), 11 survivors (45056K)
}
Event: 45.574 {heap After GC invocations=66 (full 0):
 garbage-first heap   total reserved 8388608K, committed 1548288K, used 250588K [0x0000000600000000, 0x0000000800000000)
  region size 4096K, 12 young (49152K), 12 survivors (49152K)
}
Event: 46.397 {heap Before GC invocations=66 (full 0):
 garbage-first heap   total reserved 8388608K, committed 1548288K, used 1123036K [0x0000000600000000, 0x0000000800000000)
  region size 4096K, 226 young (925696K), 12 survivors (49152K)
}
Event: 46.446 {heap After GC invocations=67 (full 0):
 garbage-first heap   total reserved 8388608K, committed 1822720K, used 259223K [0x0000000600000000, 0x0000000800000000)
  region size 4096K, 14 young (57344K), 14 survivors (57344K)
}
Event: 48.132 {heap Before GC invocations=67 (full 0):
 garbage-first heap   total reserved 8388608K, committed 1822720K, used 1291415K [0x0000000600000000, 0x0000000800000000)
  region size 4096K, 267 young (1093632K), 14 survivors (57344K)
}
Event: 48.168 {heap After GC invocations=68 (full 0):
 garbage-first heap   total reserved 8388608K, committed 1822720K, used 257391K [0x0000000600000000, 0x0000000800000000)
  region size 4096K, 14 young (57344K), 14 survivors (57344K)
}
Event: 51.538 {heap Before GC invocations=68 (full 0):
 garbage-first heap   total reserved 8388608K, committed 1822720K, used 1293679K [0x0000000600000000, 0x0000000800000000)
  region size 4096K, 267 young (1093632K), 14 survivors (57344K)
}
Event: 51.601 {heap After GC invocations=69 (full 0):
 garbage-first heap   total reserved 8388608K, committed 1822720K, used 312471K [0x0000000600000000, 0x0000000800000000)
  region size 4096K, 26 young (106496K), 26 survivors (106496K)
}
Event: 56.493 {heap Before GC invocations=69 (full 0):
 garbage-first heap   total reserved 8388608K, committed 1822720K, used 1295511K [0x0000000600000000, 0x0000000800000000)
  region size 4096K, 267 young (1093632K), 26 survivors (106496K)
}
Event: 56.791 {heap After GC invocations=70 (full 0):
 garbage-first heap   total reserved 8388608K, committed 1822720K, used 487054K [0x0000000600000000, 0x0000000800000000)
  region size 4096K, 34 young (139264K), 34 survivors (139264K)
}
Event: 56.810 {heap Before GC invocations=70 (full 0):
 garbage-first heap   total reserved 8388608K, committed 1822720K, used 491150K [0x0000000600000000, 0x0000000800000000)
  region size 4096K, 35 young (143360K), 34 survivors (139264K)
}
Event: 56.981 {heap After GC invocations=71 (full 0):
 garbage-first heap   total reserved 8388608K, committed 1822720K, used 515441K [0x0000000600000000, 0x0000000800000000)
  region size 4096K, 5 young (20480K), 5 survivors (20480K)
}
Event: 60.208 {heap Before GC invocations=71 (full 0):
 garbage-first heap   total reserved 8388608K, committed 1822720K, used 1555825K [0x0000000600000000, 0x0000000800000000)
  region size 4096K, 260 young (1064960K), 5 survivors (20480K)
}
Event: 60.292 {heap After GC invocations=72 (full 0):
 garbage-first heap   total reserved 8388608K, committed 1822720K, used 556445K [0x0000000600000000, 0x0000000800000000)
  region size 4096K, 15 young (61440K), 15 survivors (61440K)
}
Event: 60.810 {heap Before GC invocations=72 (full 0):
 garbage-first heap   total reserved 8388608K, committed 1822720K, used 773533K [0x0000000600000000, 0x0000000800000000)
  region size 4096K, 69 young (282624K), 15 survivors (61440K)
}
Event: 60.852 {heap After GC invocations=73 (full 0):
 garbage-first heap   total reserved 8388608K, committed 1822720K, used 571765K [0x0000000600000000, 0x0000000800000000)
  region size 4096K, 19 young (77824K), 19 survivors (77824K)
}
Event: 64.293 {heap Before GC invocations=73 (full 0):
 garbage-first heap   total reserved 8388608K, committed 1822720K, used 1624437K [0x0000000600000000, 0x0000000800000000)
  region size 4096K, 267 young (1093632K), 19 survivors (77824K)
}

Metaspace Usage History (20 events):
Event: 44.373 {metaspace After GC invocations=64 (full 0):
 Metaspace       used 142536K, committed 144768K, reserved 1179648K
  class space    used 20957K, committed 22016K, reserved 1048576K
}
Event: 44.964 {metaspace Before GC invocations=64 (full 0):
 Metaspace       used 142572K, committed 144832K, reserved 1179648K
  class space    used 20961K, committed 22016K, reserved 1048576K
}
Event: 44.984 {metaspace After GC invocations=65 (full 0):
 Metaspace       used 142572K, committed 144832K, reserved 1179648K
  class space    used 20961K, committed 22016K, reserved 1048576K
}
Event: 45.552 {metaspace Before GC invocations=65 (full 0):
 Metaspace       used 142913K, committed 145216K, reserved 1179648K
  class space    used 21008K, committed 22080K, reserved 1048576K
}
Event: 45.574 {metaspace After GC invocations=66 (full 0):
 Metaspace       used 142913K, committed 145216K, reserved 1179648K
  class space    used 21008K, committed 22080K, reserved 1048576K
}
Event: 46.397 {metaspace Before GC invocations=66 (full 0):
 Metaspace       used 143086K, committed 145408K, reserved 1179648K
  class space    used 21018K, committed 22080K, reserved 1048576K
}
Event: 46.446 {metaspace After GC invocations=67 (full 0):
 Metaspace       used 143086K, committed 145408K, reserved 1179648K
  class space    used 21018K, committed 22080K, reserved 1048576K
}
Event: 48.132 {metaspace Before GC invocations=67 (full 0):
 Metaspace       used 144193K, committed 146432K, reserved 1179648K
  class space    used 21132K, committed 22208K, reserved 1048576K
}
Event: 48.168 {metaspace After GC invocations=68 (full 0):
 Metaspace       used 144193K, committed 146432K, reserved 1179648K
  class space    used 21132K, committed 22208K, reserved 1048576K
}
Event: 51.538 {metaspace Before GC invocations=68 (full 0):
 Metaspace       used 166214K, committed 168640K, reserved 1245184K
  class space    used 23716K, committed 24896K, reserved 1048576K
}
Event: 51.601 {metaspace After GC invocations=69 (full 0):
 Metaspace       used 166214K, committed 168640K, reserved 1245184K
  class space    used 23716K, committed 24896K, reserved 1048576K
}
Event: 56.493 {metaspace Before GC invocations=69 (full 0):
 Metaspace       used 202523K, committed 205056K, reserved 1245184K
  class space    used 28911K, committed 30080K, reserved 1048576K
}
Event: 56.791 {metaspace After GC invocations=70 (full 0):
 Metaspace       used 202523K, committed 205056K, reserved 1245184K
  class space    used 28911K, committed 30080K, reserved 1048576K
}
Event: 56.810 {metaspace Before GC invocations=70 (full 0):
 Metaspace       used 202827K, committed 205376K, reserved 1245184K
  class space    used 28990K, committed 30144K, reserved 1048576K
}
Event: 56.981 {metaspace After GC invocations=71 (full 0):
 Metaspace       used 202827K, committed 205376K, reserved 1245184K
  class space    used 28990K, committed 30144K, reserved 1048576K
}
Event: 60.208 {metaspace Before GC invocations=71 (full 0):
 Metaspace       used 230452K, committed 233024K, reserved 1310720K
  class space    used 32752K, committed 33920K, reserved 1048576K
}
Event: 60.292 {metaspace After GC invocations=72 (full 0):
 Metaspace       used 230452K, committed 233024K, reserved 1310720K
  class space    used 32752K, committed 33920K, reserved 1048576K
}
Event: 60.810 {metaspace Before GC invocations=72 (full 0):
 Metaspace       used 234429K, committed 237056K, reserved 1310720K
  class space    used 33313K, committed 34496K, reserved 1048576K
}
Event: 60.852 {metaspace After GC invocations=73 (full 0):
 Metaspace       used 234429K, committed 237056K, reserved 1310720K
  class space    used 33313K, committed 34496K, reserved 1048576K
}
Event: 64.293 {metaspace Before GC invocations=73 (full 0):
 Metaspace       used 249251K, committed 251904K, reserved 1310720K
  class space    used 35336K, committed 36544K, reserved 1048576K
}

Dll operation events (3 events):
Event: 0.015 Loaded shared library C:\Program Files\Android\Android Studio\jbr\bin\java.dll
Event: 0.019 Loaded shared library C:\Program Files\Android\Android Studio\jbr\bin\zip.dll
Event: 0.588 Loaded shared library C:\Program Files\Android\Android Studio\jbr\bin\verify.dll

Deoptimization events (20 events):
Event: 63.801 Thread 0x0000017c77b7be50 DEOPT PACKING pc=0x0000017c113f505c sp=0x0000003aa72fe970
Event: 63.801 Thread 0x0000017c77b7be50 DEOPT UNPACKING pc=0x0000017c0fd68582 sp=0x0000003aa72fe840 mode 2
Event: 63.802 Thread 0x0000017c77b7be50 Uncommon trap: trap_request=0xffffff6e fr.pc=0x0000017c113f2120 relative=0x00000000000005a0
Event: 63.802 Thread 0x0000017c77b7be50 Uncommon trap: reason=predicate action=maybe_recompile pc=0x0000017c113f2120 method=java.util.ComparableTimSort.reverseRange([Ljava/lang/Object;II)V @ 5 c2
Event: 63.802 Thread 0x0000017c77b7be50 DEOPT PACKING pc=0x0000017c113f2120 sp=0x0000003aa72fe900
Event: 63.802 Thread 0x0000017c77b7be50 DEOPT UNPACKING pc=0x0000017c0fd68582 sp=0x0000003aa72fe838 mode 2
Event: 63.802 Thread 0x0000017c77b7be50 Uncommon trap: trap_request=0xffffff6e fr.pc=0x0000017c113f27cc relative=0x00000000000001cc
Event: 63.802 Thread 0x0000017c77b7be50 Uncommon trap: reason=predicate action=maybe_recompile pc=0x0000017c113f27cc method=java.util.ComparableTimSort.reverseRange([Ljava/lang/Object;II)V @ 5 c2
Event: 63.802 Thread 0x0000017c77b7be50 DEOPT PACKING pc=0x0000017c113f27cc sp=0x0000003aa72fe890
Event: 63.802 Thread 0x0000017c77b7be50 DEOPT UNPACKING pc=0x0000017c0fd68582 sp=0x0000003aa72fe840 mode 2
Event: 64.189 Thread 0x0000017c26274950 DEOPT PACKING pc=0x0000017c0335bf1d sp=0x0000003ab59fc050
Event: 64.189 Thread 0x0000017c26274950 DEOPT UNPACKING pc=0x0000017c0fca1702 sp=0x0000003ab59fb788 mode 0
Event: 64.194 Thread 0x0000017c2626cc50 Uncommon trap: trap_request=0xffffff45 fr.pc=0x0000017c11417820 relative=0x0000000000000120
Event: 64.194 Thread 0x0000017c2626cc50 Uncommon trap: reason=unstable_if action=reinterpret pc=0x0000017c11417820 method=com.google.protobuf.CodedInputStream$StreamDecoder.readRawVarint32()I @ 47 c2
Event: 64.194 Thread 0x0000017c2626cc50 DEOPT PACKING pc=0x0000017c11417820 sp=0x0000003ab55fce50
Event: 64.194 Thread 0x0000017c2626cc50 DEOPT UNPACKING pc=0x0000017c0fd68582 sp=0x0000003ab55fcdd0 mode 2
Event: 64.239 Thread 0x0000017c2626cc50 Uncommon trap: trap_request=0xffffff45 fr.pc=0x0000017c10f9e37c relative=0x00000000000001fc
Event: 64.239 Thread 0x0000017c2626cc50 Uncommon trap: reason=unstable_if action=reinterpret pc=0x0000017c10f9e37c method=java.lang.String.indexOf(Ljava/lang/String;)I @ 17 c2
Event: 64.239 Thread 0x0000017c2626cc50 DEOPT PACKING pc=0x0000017c10f9e37c sp=0x0000003ab55fd180
Event: 64.240 Thread 0x0000017c2626cc50 DEOPT UNPACKING pc=0x0000017c0fd68582 sp=0x0000003ab55fd108 mode 2

Classes loaded (20 events):
Event: 61.722 Loading class java/net/JavaVersion
Event: 61.722 Loading class java/net/JavaVersion done
Event: 61.746 Loading class java/lang/JavaVersion$VERSION_1_8
Event: 61.746 Loading class java/lang/JavaVersion$VERSION_1_8 done
Event: 61.746 Loading class java/util/JavaVersion$VERSION_1_8
Event: 61.746 Loading class java/util/JavaVersion$VERSION_1_8 done
Event: 61.746 Loading class java/io/JavaVersion$VERSION_1_8
Event: 61.746 Loading class java/io/JavaVersion$VERSION_1_8 done
Event: 61.746 Loading class java/net/JavaVersion$VERSION_1_8
Event: 61.746 Loading class java/net/JavaVersion$VERSION_1_8 done
Event: 62.066 Loading class java/lang/NegativeArraySizeException
Event: 62.067 Loading class java/lang/NegativeArraySizeException done
Event: 62.267 Loading class sun/reflect/generics/tree/CharSignature
Event: 62.268 Loading class sun/reflect/generics/tree/CharSignature done
Event: 63.298 Loading class java/net/URLEncoder
Event: 63.306 Loading class java/net/URLEncoder done
Event: 63.306 Loading class jdk/internal/util/ImmutableBitSetPredicate
Event: 63.311 Loading class jdk/internal/util/ImmutableBitSetPredicate done
Event: 63.312 Loading class jdk/internal/util/ImmutableBitSetPredicate$SmallImmutableBitSetPredicate
Event: 63.317 Loading class jdk/internal/util/ImmutableBitSetPredicate$SmallImmutableBitSetPredicate done

Classes unloaded (0 events):
No events

Classes redefined (0 events):
No events

Internal exceptions (20 events):
Event: 63.753 Thread 0x0000017c7b122e30 Exception <a 'sun/nio/fs/WindowsException'{0x0000000631e28008}> (0x0000000631e28008) 
thrown [s\src\hotspot\share\prims\jni.cpp, line 535]
Event: 63.761 Thread 0x0000017c7b122e30 Exception <a 'sun/nio/fs/WindowsException'{0x0000000631e2d340}> (0x0000000631e2d340) 
thrown [s\src\hotspot\share\prims\jni.cpp, line 535]
Event: 63.767 Thread 0x0000017c7b122e30 Exception <a 'sun/nio/fs/WindowsException'{0x0000000631e32550}> (0x0000000631e32550) 
thrown [s\src\hotspot\share\prims\jni.cpp, line 535]
Event: 63.773 Thread 0x0000017c7b122e30 Exception <a 'sun/nio/fs/WindowsException'{0x0000000631e37ab8}> (0x0000000631e37ab8) 
thrown [s\src\hotspot\share\prims\jni.cpp, line 535]
Event: 63.780 Thread 0x0000017c7b122e30 Exception <a 'sun/nio/fs/WindowsException'{0x0000000631e3ce20}> (0x0000000631e3ce20) 
thrown [s\src\hotspot\share\prims\jni.cpp, line 535]
Event: 63.786 Thread 0x0000017c7b122e30 Exception <a 'sun/nio/fs/WindowsException'{0x0000000631e42180}> (0x0000000631e42180) 
thrown [s\src\hotspot\share\prims\jni.cpp, line 535]
Event: 63.792 Thread 0x0000017c7b122e30 Exception <a 'sun/nio/fs/WindowsException'{0x0000000631e47620}> (0x0000000631e47620) 
thrown [s\src\hotspot\share\prims\jni.cpp, line 535]
Event: 63.799 Thread 0x0000017c7b122e30 Exception <a 'sun/nio/fs/WindowsException'{0x0000000630202420}> (0x0000000630202420) 
thrown [s\src\hotspot\share\prims\jni.cpp, line 535]
Event: 64.114 Thread 0x0000017c7b122e30 Exception <a 'sun/nio/fs/WindowsException'{0x0000000630207968}> (0x0000000630207968) 
thrown [s\src\hotspot\share\prims\jni.cpp, line 535]
Event: 64.123 Thread 0x0000017c7b122e30 Exception <a 'sun/nio/fs/WindowsException'{0x000000063020cc78}> (0x000000063020cc78) 
thrown [s\src\hotspot\share\prims\jni.cpp, line 535]
Event: 64.141 Thread 0x0000017c7b122e30 Exception <a 'sun/nio/fs/WindowsException'{0x0000000630211f88}> (0x0000000630211f88) 
thrown [s\src\hotspot\share\prims\jni.cpp, line 535]
Event: 64.153 Thread 0x0000017c7b122e30 Exception <a 'sun/nio/fs/WindowsException'{0x0000000630217298}> (0x0000000630217298) 
thrown [s\src\hotspot\share\prims\jni.cpp, line 535]
Event: 64.161 Thread 0x0000017c7b122e30 Exception <a 'sun/nio/fs/WindowsException'{0x000000063021c4a0}> (0x000000063021c4a0) 
thrown [s\src\hotspot\share\prims\jni.cpp, line 535]
Event: 64.173 Thread 0x0000017c7b122e30 Exception <a 'sun/nio/fs/WindowsException'{0x0000000630221700}> (0x0000000630221700) 
thrown [s\src\hotspot\share\prims\jni.cpp, line 535]
Event: 64.190 Thread 0x0000017c7b122e30 Exception <a 'sun/nio/fs/WindowsException'{0x0000000630226a10}> (0x0000000630226a10) 
thrown [s\src\hotspot\share\prims\jni.cpp, line 535]
Event: 64.199 Thread 0x0000017c7b122e30 Exception <a 'sun/nio/fs/WindowsException'{0x000000063022bd20}> (0x000000063022bd20) 
thrown [s\src\hotspot\share\prims\jni.cpp, line 535]
Event: 64.217 Thread 0x0000017c7b122e30 Exception <a 'sun/nio/fs/WindowsException'{0x0000000630231030}> (0x0000000630231030) 
thrown [s\src\hotspot\share\prims\jni.cpp, line 535]
Event: 64.252 Thread 0x0000017c7b122e30 Exception <a 'sun/nio/fs/WindowsException'{0x0000000630236340}> (0x0000000630236340) 
thrown [s\src\hotspot\share\prims\jni.cpp, line 535]
Event: 64.279 Thread 0x0000017c7b122e30 Exception <a 'sun/nio/fs/WindowsException'{0x000000063023b650}> (0x000000063023b650) 
thrown [s\src\hotspot\share\prims\jni.cpp, line 535]
Event: 64.288 Thread 0x0000017c7b122e30 Exception <a 'sun/nio/fs/WindowsException'{0x0000000630240740}> (0x0000000630240740) 
thrown [s\src\hotspot\share\prims\jni.cpp, line 535]

VM Operations (20 events):
Event: 64.140 Executing safepoint VM operation: CollectForMetadataAllocation (Metadata GC Threshold) done
Event: 64.141 Executing safepoint VM operation: CollectForMetadataAllocation (Metadata GC Threshold)
Event: 64.141 Executing safepoint VM operation: CollectForMetadataAllocation (Metadata GC Threshold) done
Event: 64.177 Executing safepoint VM operation: CollectForMetadataAllocation (Metadata GC Threshold)
Event: 64.183 Executing safepoint VM operation: CollectForMetadataAllocation (Metadata GC Threshold) done
Event: 64.184 Executing non-safepoint VM operation: HandshakeAllThreads (Deoptimize)
Event: 64.185 Executing non-safepoint VM operation: HandshakeAllThreads (Deoptimize) done
Event: 64.185 Executing safepoint VM operation: CollectForMetadataAllocation (Metadata GC Threshold)
Event: 64.186 Executing safepoint VM operation: CollectForMetadataAllocation (Metadata GC Threshold) done
Event: 64.197 Executing non-safepoint VM operation: HandshakeAllThreads (Deoptimize)
Event: 64.200 Executing non-safepoint VM operation: HandshakeAllThreads (Deoptimize) done
Event: 64.222 Executing safepoint VM operation: CollectForMetadataAllocation (Metadata GC Threshold)
Event: 64.222 Executing safepoint VM operation: CollectForMetadataAllocation (Metadata GC Threshold) done
Event: 64.223 Executing safepoint VM operation: CollectForMetadataAllocation (Metadata GC Threshold)
Event: 64.223 Executing safepoint VM operation: CollectForMetadataAllocation (Metadata GC Threshold) done
Event: 64.286 Executing safepoint VM operation: CollectForMetadataAllocation (Metadata GC Threshold)
Event: 64.287 Executing safepoint VM operation: CollectForMetadataAllocation (Metadata GC Threshold) done
Event: 64.287 Executing safepoint VM operation: CollectForMetadataAllocation (Metadata GC Threshold)
Event: 64.290 Executing safepoint VM operation: CollectForMetadataAllocation (Metadata GC Threshold) done
Event: 64.291 Executing safepoint VM operation: G1CollectForAllocation (G1 Evacuation Pause)

Memory protections (0 events):
No events

Nmethod flushes (20 events):
Event: 38.144 Thread 0x0000017c6e067740 flushing  nmethod 0x0000017c0074fa08
Event: 38.144 Thread 0x0000017c6e067740 flushing  nmethod 0x0000017c0084e808
Event: 38.144 Thread 0x0000017c6e067740 flushing  nmethod 0x0000017c00a0eb08
Event: 38.144 Thread 0x0000017c6e067740 flushing  nmethod 0x0000017c00081988
Event: 38.144 Thread 0x0000017c6e067740 flushing  nmethod 0x0000017c00082788
Event: 38.144 Thread 0x0000017c6e067740 flushing  nmethod 0x0000017c00083f08
Event: 38.144 Thread 0x0000017c6e067740 flushing  nmethod 0x0000017c00085c88
Event: 38.144 Thread 0x0000017c6e067740 flushing  nmethod 0x0000017c00154688
Event: 38.144 Thread 0x0000017c6e067740 flushing osr nmethod 0x0000017c10659908
Event: 38.144 Thread 0x0000017c6e067740 flushing  nmethod 0x0000017c00314108
Event: 38.144 Thread 0x0000017c6e067740 flushing  nmethod 0x0000017c006ac608
Event: 38.144 Thread 0x0000017c6e067740 flushing  nmethod 0x0000017c00858e88
Event: 38.144 Thread 0x0000017c6e067740 flushing  nmethod 0x0000017c00ded808
Event: 38.144 Thread 0x0000017c6e067740 flushing  nmethod 0x0000017c10610488
Event: 38.144 Thread 0x0000017c6e067740 flushing  nmethod 0x0000017c0058c388
Event: 38.144 Thread 0x0000017c6e067740 flushing  nmethod 0x0000017c007f5788
Event: 38.144 Thread 0x0000017c6e067740 flushing  nmethod 0x0000017c0095f588
Event: 38.144 Thread 0x0000017c6e067740 flushing  nmethod 0x0000017c0095fd08
Event: 38.144 Thread 0x0000017c6e067740 flushing  nmethod 0x0000017c00961d88
Event: 38.144 Thread 0x0000017c6e067740 flushing  nmethod 0x0000017c00962088

Events (20 events):
Event: 53.118 Thread 0x0000017c29310050 Thread added: 0x0000017c29311f90
Event: 53.118 Thread 0x0000017c2930d940 Thread added: 0x0000017c2930f0b0
Event: 53.118 Thread 0x0000017c29309ac0 Thread added: 0x0000017c29312760
Event: 55.158 Thread 0x0000017c26afd6b0 Thread added: 0x0000017c268438b0
Event: 55.272 Thread 0x0000017c26afd6b0 Thread added: 0x0000017c76fa00d0
Event: 55.273 Thread 0x0000017c7505b8c0 Thread added: 0x0000017c2674c1a0
Event: 55.674 Thread 0x0000017c26afd6b0 Thread added: 0x0000017c29231390
Event: 56.098 Thread 0x0000017c7501f940 Thread added: 0x0000017c24414c10
Event: 56.299 Thread 0x0000017c26275120 Thread added: 0x0000017c29319c90
Event: 56.332 Thread 0x0000017c26275120 Thread added: 0x0000017c2931c3a0
Event: 56.360 Thread 0x0000017c24414c10 Thread added: 0x0000017c7aab5450
Event: 57.012 Thread 0x0000017c26274950 Thread added: 0x0000017c2931d340
Event: 58.373 Thread 0x0000017c2626bcb0 Thread added: 0x0000017c292e50d0
Event: 58.606 Loaded shared library C:\Program Files\Android\Android Studio\jbr\bin\awt.dll
Event: 58.872 Thread 0x0000017c2626bcb0 Thread added: 0x0000017c292ea6c0
Event: 58.880 Thread 0x0000017c2626bcb0 Thread added: 0x0000017c292e9720
Event: 58.970 Thread 0x0000017c2626bcb0 Thread added: 0x0000017c292eb660
Event: 60.333 Thread 0x0000017c292e9720 Thread exited: 0x0000017c292e9720
Event: 64.101 Thread 0x0000017c7aab5450 Thread exited: 0x0000017c7aab5450
Event: 64.120 Thread 0x0000017c2674c1a0 Thread exited: 0x0000017c2674c1a0


Dynamic libraries:
0x00007ff6c96a0000 - 0x00007ff6c96aa000 	C:\Program Files\Android\Android Studio\jbr\bin\java.exe
0x00007ff80ef80000 - 0x00007ff80f1e6000 	C:\WINDOWS\SYSTEM32\ntdll.dll
0x00007ff80e700000 - 0x00007ff80e7c9000 	C:\WINDOWS\System32\KERNEL32.DLL
0x00007ff80c6f0000 - 0x00007ff80caef000 	C:\WINDOWS\System32\KERNELBASE.dll
0x00007ff80c190000 - 0x00007ff80c2dc000 	C:\WINDOWS\System32\ucrtbase.dll
0x00007ffff8490000 - 0x00007ffff84a6000 	C:\Program Files\Android\Android Studio\jbr\bin\jli.dll
0x00007ffff8730000 - 0x00007ffff874b000 	C:\Program Files\Android\Android Studio\jbr\bin\VCRUNTIME140.dll
0x00007ff80e8e0000 - 0x00007ff80eaa6000 	C:\WINDOWS\System32\USER32.dll
0x00007ff80cbc0000 - 0x00007ff80cbe7000 	C:\WINDOWS\System32\win32u.dll
0x00007fffec500000 - 0x00007fffec791000 	C:\WINDOWS\WinSxS\amd64_microsoft.windows.common-controls_6595b64144ccf1df_6.0.26100.8972_none_3e0da176e32f9d4b\COMCTL32.dll
0x00007ff80d3b0000 - 0x00007ff80d3db000 	C:\WINDOWS\System32\GDI32.dll
0x00007ff80c3a0000 - 0x00007ff80c4c9000 	C:\WINDOWS\System32\gdi32full.dll
0x00007ff80d070000 - 0x00007ff80d119000 	C:\WINDOWS\System32\msvcrt.dll
0x00007ff80c2f0000 - 0x00007ff80c393000 	C:\WINDOWS\System32\msvcp_win.dll
0x00007ff80cea0000 - 0x00007ff80ced2000 	C:\WINDOWS\System32\IMM32.DLL
0x00007ffffc470000 - 0x00007ffffc47c000 	C:\Program Files\Android\Android Studio\jbr\bin\vcruntime140_1.dll
0x00007ffff83b0000 - 0x00007ffff843d000 	C:\Program Files\Android\Android Studio\jbr\bin\msvcp140.dll
0x00007fff55630000 - 0x00007fff5650a000 	C:\Program Files\Android\Android Studio\jbr\bin\server\jvm.dll
0x00007ff80d470000 - 0x00007ff80d52c000 	C:\WINDOWS\System32\ADVAPI32.dll
0x00007ff80cee0000 - 0x00007ff80cf8a000 	C:\WINDOWS\System32\sechost.dll
0x00007ff80e370000 - 0x00007ff80e488000 	C:\WINDOWS\System32\RPCRT4.dll
0x00007ff80cfe0000 - 0x00007ff80d062000 	C:\WINDOWS\System32\WS2_32.dll
0x00007ff800ab0000 - 0x00007ff800ae6000 	C:\WINDOWS\SYSTEM32\WINMM.dll
0x00007ff80bff0000 - 0x00007ff80c04e000 	C:\WINDOWS\SYSTEM32\POWRPROF.dll
0x00007ffffe940000 - 0x00007ffffe94b000 	C:\WINDOWS\SYSTEM32\VERSION.dll
0x00007ff80bfd0000 - 0x00007ff80bfe5000 	C:\WINDOWS\SYSTEM32\UMPDC.dll
0x00007ff80ae80000 - 0x00007ff80ae9b000 	C:\WINDOWS\SYSTEM32\kernel.appcore.dll
0x00007ffff83a0000 - 0x00007ffff83aa000 	C:\Program Files\Android\Android Studio\jbr\bin\jimage.dll
0x00007ffff2580000 - 0x00007ffff27c2000 	C:\WINDOWS\SYSTEM32\DBGHELP.DLL
0x00007ff80dfe0000 - 0x00007ff80e365000 	C:\WINDOWS\System32\combase.dll
0x00007ff80de00000 - 0x00007ff80ded9000 	C:\WINDOWS\System32\OLEAUT32.dll
0x00007ffffc8b0000 - 0x00007ffffc8eb000 	C:\WINDOWS\SYSTEM32\dbgcore.DLL
0x00007ff80cb00000 - 0x00007ff80cbac000 	C:\WINDOWS\System32\bcryptPrimitives.dll
0x00007ffffc480000 - 0x00007ffffc48e000 	C:\Program Files\Android\Android Studio\jbr\bin\instrument.dll
0x00007ffff7d50000 - 0x00007ffff7d6f000 	C:\Program Files\Android\Android Studio\jbr\bin\java.dll
0x00007ff80d120000 - 0x00007ff80d2b9000 	C:\WINDOWS\System32\ole32.dll
0x00007ff80d670000 - 0x00007ff80ddf8000 	C:\WINDOWS\System32\SHELL32.dll
0x00007ffff7cf0000 - 0x00007ffff7d07000 	C:\Program Files\Android\Android Studio\jbr\bin\zip.dll
0x00007ff809c10000 - 0x00007ff80a4ab000 	C:\WINDOWS\SYSTEM32\windows.storage.dll
0x00007ff80dee0000 - 0x00007ff80dfd9000 	C:\WINDOWS\System32\SHCORE.dll
0x00007ff80d540000 - 0x00007ff80d5a6000 	C:\WINDOWS\System32\shlwapi.dll
0x00007ff80c0b0000 - 0x00007ff80c0d9000 	C:\WINDOWS\SYSTEM32\profapi.dll
0x00007ffff8390000 - 0x00007ffff83a0000 	C:\Program Files\Android\Android Studio\jbr\bin\net.dll
0x00007ff80b430000 - 0x00007ff80b49c000 	C:\WINDOWS\system32\mswsock.dll
0x00007ffff7cd0000 - 0x00007ffff7ce6000 	C:\Program Files\Android\Android Studio\jbr\bin\nio.dll
0x00007ffff81b0000 - 0x00007ffff81c0000 	C:\Program Files\Android\Android Studio\jbr\bin\verify.dll
0x00007ffff7d70000 - 0x00007ffff7d97000 	C:\Users\othon\.gradle\native\660c5614fbf4a5f2a75b1949f50a0caf5cd603558e7d8a26e50b933a0cfb79d1\windows-amd64\native-platform.dll
0x00007ffff19f0000 - 0x00007ffff1a67000 	C:\Users\othon\.gradle\native\0.2.8\x86_64-windows-gnu\gradle-fileevents.dll
0x00007ffff80f0000 - 0x00007ffff80f9000 	C:\Program Files\Android\Android Studio\jbr\bin\management.dll
0x00007ffff8080000 - 0x00007ffff808b000 	C:\Program Files\Android\Android Studio\jbr\bin\management_ext.dll
0x00007ff80ce90000 - 0x00007ff80ce98000 	C:\WINDOWS\System32\PSAPI.DLL
0x00007ff80a8b0000 - 0x00007ff80a8e3000 	C:\WINDOWS\SYSTEM32\IPHLPAPI.DLL
0x00007ff80d320000 - 0x00007ff80d32a000 	C:\WINDOWS\System32\NSI.dll
0x00007ffff7510000 - 0x00007ffff7519000 	C:\Program Files\Android\Android Studio\jbr\bin\extnet.dll
0x00007ff80b720000 - 0x00007ff80b73b000 	C:\WINDOWS\SYSTEM32\CRYPTSP.dll
0x00007ff80ade0000 - 0x00007ff80ae19000 	C:\WINDOWS\system32\rsaenh.dll
0x00007ff80b4e0000 - 0x00007ff80b512000 	C:\WINDOWS\SYSTEM32\USERENV.dll
0x00007ff80c080000 - 0x00007ff80c0aa000 	C:\WINDOWS\SYSTEM32\bcrypt.dll
0x00007ff80b740000 - 0x00007ff80b74c000 	C:\WINDOWS\SYSTEM32\CRYPTBASE.dll
0x00007ffff6f80000 - 0x00007ffff6f88000 	C:\WINDOWS\system32\wshunix.dll
0x00007ff80afb0000 - 0x00007ff80afe6000 	C:\WINDOWS\SYSTEM32\ntmarta.dll
0x00007ffff1b00000 - 0x00007ffff1c8a000 	C:\Program Files\Android\Android Studio\jbr\bin\awt.dll
0x00007ffff7de0000 - 0x00007ffff7e23000 	C:\Program Files\Android\Android Studio\jbr\bin\nvdaControllerClient.dll
0x00007ff8094e0000 - 0x00007ff80950f000 	C:\WINDOWS\SYSTEM32\dwmapi.dll
0x00007fffec7a0000 - 0x00007fffec815000 	C:\WINDOWS\SYSTEM32\OLEACC.dll
0x00007ff808ff0000 - 0x00007ff80908f000 	C:\WINDOWS\SYSTEM32\apphelp.dll
0x00007ff809200000 - 0x00007ff8092a8000 	C:\WINDOWS\system32\uxtheme.dll
0x00007ff80e590000 - 0x00007ff80e6ed000 	C:\WINDOWS\System32\MSCTF.dll

JVMTI agents:
C:\Users\othon\.gradle\wrapper\dists\gradle-9.3.1-all\9ot9r568e8zfvvd4mn8rbu1j0\gradle-9.3.1\lib\agents\gradle-instrumentation-agent-9.3.1.jar path:C:\Program Files\Android\Android Studio\jbr\bin\instrument.dll, loaded, initialized, instrumentlib options:none

dbghelp: loaded successfully - version: 4.0.5 - missing functions: none
symbol engine: initialized successfully - sym options: 0x614 - pdb path: .;C:\Program Files\Android\Android Studio\jbr\bin;C:\WINDOWS\SYSTEM32;C:\WINDOWS\WinSxS\amd64_microsoft.windows.common-controls_6595b64144ccf1df_6.0.26100.8972_none_3e0da176e32f9d4b;C:\Program Files\Android\Android Studio\jbr\bin\server;C:\Users\othon\.gradle\native\660c5614fbf4a5f2a75b1949f50a0caf5cd603558e7d8a26e50b933a0cfb79d1\windows-amd64;C:\Users\othon\.gradle\native\0.2.8\x86_64-windows-gnu

VM Arguments:
jvm_args: --add-opens=java.base/java.lang=ALL-UNNAMED --add-opens=java.base/java.lang.invoke=ALL-UNNAMED --add-opens=java.base/java.util=ALL-UNNAMED --add-opens=java.prefs/java.util.prefs=ALL-UNNAMED --add-exports=jdk.compiler/com.sun.tools.javac.api=ALL-UNNAMED --add-exports=jdk.compiler/com.sun.tools.javac.util=ALL-UNNAMED --add-opens=java.base/java.util=ALL-UNNAMED --add-opens=java.prefs/java.util.prefs=ALL-UNNAMED --add-opens=java.base/java.nio.charset=ALL-UNNAMED --add-opens=java.base/java.net=ALL-UNNAMED --add-opens=java.base/java.util.concurrent=ALL-UNNAMED --add-opens=java.base/java.util.concurrent.atomic=ALL-UNNAMED --add-opens=java.xml/javax.xml.namespace=ALL-UNNAMED --add-opens=java.base/java.time=ALL-UNNAMED --enable-native-access=ALL-UNNAMED -XX:MaxMetaspaceSize=4G -XX:ReservedCodeCacheSize=512m -XX:+HeapDumpOnOutOfMemoryError -Xmx8G -Dfile.encoding=UTF-8 -Duser.country=BR -Duser.language=pt -Duser.variant -javaagent:C:\Users\othon\.gradle\wrapper\dists\gradle-9.3.1-all\9ot9r568e8zfvvd4mn8rbu1j0\gradle-9.3.1\lib\agents\gradle-instrumentation-agent-9.3.1.jar 
java_command: org.gradle.launcher.daemon.bootstrap.GradleDaemon 9.3.1
java_class_path (initial): C:\Users\othon\.gradle\wrapper\dists\gradle-9.3.1-all\9ot9r568e8zfvvd4mn8rbu1j0\gradle-9.3.1\lib\gradle-daemon-main-9.3.1.jar
Launcher Type: SUN_STANDARD

[Global flags]
     intx CICompilerCount                          = 12                                        {product} {ergonomic}
     uint ConcGCThreads                            = 3                                         {product} {ergonomic}
     uint G1ConcRefinementThreads                  = 13                                        {product} {ergonomic}
   size_t G1HeapRegionSize                         = 4194304                                   {product} {ergonomic}
     bool HeapDumpOnOutOfMemoryError               = true                                   {manageable} {command line}
   size_t InitialHeapSize                          = 96468992                                  {product} {ergonomic}
   size_t MarkStackSize                            = 4194304                                   {product} {ergonomic}
   size_t MarkStackSizeMax                         = 536870912                                 {product} {ergonomic}
   size_t MaxHeapSize                              = 8589934592                                {product} {command line}
   size_t MaxMetaspaceSize                         = 4294967296                                {product} {command line}
   size_t MaxNewSize                               = 5150605312                                {product} {ergonomic}
   size_t MinHeapDeltaBytes                        = 4194304                                   {product} {ergonomic}
   size_t MinHeapSize                              = 8388608                                   {product} {ergonomic}
    uintx NonNMethodCodeHeapSize                   = 7602176                                {pd product} {ergonomic}
    uintx NonProfiledCodeHeapSize                  = 264699904                              {pd product} {ergonomic}
    uintx ProfiledCodeHeapSize                     = 264568832                              {pd product} {ergonomic}
    uintx ReservedCodeCacheSize                    = 536870912                              {pd product} {command line, ergonomic}
     bool SegmentedCodeCache                       = true                                      {product} {ergonomic}
   size_t SoftMaxHeapSize                          = 8589934592                             {manageable} {ergonomic}
     bool UseCompressedOops                        = true                           {product lp64_product} {ergonomic}
     bool UseG1GC                                  = true                                      {product} {ergonomic}
     bool UseLargePagesIndividualAllocation        = false                                  {pd product} {ergonomic}

Logging:
Log output configuration:
 #0: stdout all=warning uptime,level,tags foldmultilines=false
 #1: stderr all=off uptime,level,tags foldmultilines=false

Release file:
JAVA_VERSION="25.0.2" 
MODULES="java.base java.compiler java.datatransfer java.xml java.prefs java.desktop java.instrument java.logging java.management java.security.sasl java.naming java.rmi java.management.rmi java.net.http java.scripting java.security.jgss java.transaction.xa java.sql java.sql.rowset java.xml.crypto java.se java.smartcardio jdk.accessibility jdk.internal.jvmstat jdk.attach jdk.charsets jdk.internal.opt jdk.zipfs jdk.compiler jdk.crypto.cryptoki jdk.crypto.ec jdk.dynalink jdk.hotspot.agent jdk.httpserver jdk.internal.ed jdk.internal.le jdk.internal.md jdk.internal.vm.ci jdk.jartool jdk.javadoc jdk.jcmd jdk.jdeps jdk.jdwp.agent jdk.jdi jdk.jfr jdk.jlink jdk.localedata jdk.management jdk.management.agent jdk.management.jfr jdk.naming.dns jdk.naming.rmi jdk.net jdk.sctp jdk.security.auth jdk.security.jgss jdk.unsupported jdk.unsupported.desktop jdk.xml.dom" 
IMPLEMENTOR="JetBrains s.r.o." 
JAVA_RUNTIME_VERSION="25.0.2+-15348964-b329.117" 
LIBC="default" 
OS_ARCH="x86_64" 
OS_NAME="Windows" 
SOURCE=".:git:3cf398e84a39" 

Environment Variables:
JAVA_HOME=C:\Program Files\Android\Android Studio\jbr
CLASSPATH=C:\Users\othon\Documents\clima\weather_app\android\\gradle\wrapper\gradle-wrapper.jar
PATH=C:\Program Files\Android\Android Studio\jbr\bin;c:\Users\othon\AppData\Roaming\Code\User\globalStorage\github.copilot-chat\debugCommand;c:\Users\othon\AppData\Roaming\Code\User\globalStorage\github.copilot-chat\copilotCli;C:\src\flutter\bin\;C:\WINDOWS\system32;C:\WINDOWS;C:\WINDOWS\System32\Wbem;C:\WINDOWS\System32\WindowsPowerShell\v1.0\;C:\WINDOWS\System32\OpenSSH\;C:\Program Files\Git\cmd;C:\Users\othon\AppData\Local\Microsoft\WindowsApps;C:\Users\othon\AppData\Local\Programs\Microsoft VS Code\bin;C:\src\flutter\bin;
USERNAME=othon
LANG=pt_BR.UTF-8
OS=Windows_NT
PROCESSOR_IDENTIFIER=AMD64 Family 25 Model 68 Stepping 1, AuthenticAMD
TMP=C:\Users\othon\AppData\Local\Temp
TEMP=C:\Users\othon\AppData\Local\Temp




Compilation memory statistics disabled.

Periodic native trim disabled

JNI global refs:
JNI global refs: 64, weak refs: 0

JNI global refs memory usage: 1467, weak refs: 833

Process memory usage:
Resident Set Size: 1486352K (24% of 5968416K total physical memory with 67592K free physical memory)

OOME stack traces (most recent first):
Classloader memory used:
Loader java.net.URLClassLoader                                                         : 82100 K
Loader org.gradle.internal.classloader.VisitableURLClassLoader$InstrumentingVisitableURLClassLoader: 69995 K
Loader org.gradle.internal.classloader.VisitableURLClassLoader                         : 48265 K
Loader bootstrap                                                                       : 33184 K
Loader org.gradle.initialization.MixInLegacyTypesClassLoader                           : 13769 K
Loader com.intellij.util.lang.UrlClassLoader                                           : 603 K
Loader jdk.internal.loader.ClassLoaders$PlatformClassLoader                            : 443 K
Loader org.gradle.groovy.scripts.internal.DefaultScriptCompilationHandler$ScriptClassLoader: 394 K
Loader org.gradle.internal.classloader.VisitableURLClassLoader                         : 266 K
Loader jdk.internal.loader.ClassLoaders$AppClassLoader                                 : 225 K
Loader sun.reflect.misc.MethodUtil                                                     : 2968 B

Classes loaded by more than one classloader:
Class Program                                                                         : loaded 13 times (x 74B)
Class Build_gradle                                                                    : loaded 6 times (x 128B)
Class Build_gradle$2                                                                  : loaded 4 times (x 76B)
Class com.google.common.collect.ImmutableList$SubList                                 : loaded 3 times (x 211B)
Class com.google.common.collect.ImmutableSet$SetBuilderImpl                           : loaded 3 times (x 78B)
Class com.google.common.base.PairwiseEquivalence                                      : loaded 3 times (x 85B)
Class com.google.common.base.Equivalence$Identity                                     : loaded 3 times (x 84B)
Class com.google.common.collect.RegularImmutableMap$KeySet                            : loaded 3 times (x 154B)
Class org.jetbrains.kotlin.util.capitalizeDecapitalize.CapitalizeDecapitalizeKt       : loaded 3 times (x 73B)
Class com.google.common.collect.ImmutableList                                         : loaded 3 times (x 208B)
Class org.objectweb.asm.ClassReader                                                   : loaded 3 times (x 96B)
Class com.google.common.io.ByteSource                                                 : loaded 3 times (x 86B)
Class com.google.common.base.CharMatcher$InRange                                      : loaded 3 times (x 113B)
Class com.google.common.collect.Maps$BiMapConverter                                   : loaded 3 times (x 92B)
Class com.google.common.collect.ImmutableMapEntrySet$RegularEntrySet                  : loaded 3 times (x 154B)
Class com.google.common.base.CharMatcher$NamedFastMatcher                             : loaded 3 times (x 114B)
Class com.google.common.base.CharMatcher$1                                            : loaded 3 times (x 115B)
Class org.objectweb.asm.MethodVisitor                                                 : loaded 3 times (x 107B)
Class com.google.common.collect.RangeGwtSerializationDependencies                     : loaded 3 times (x 73B)
Class com.google.common.base.CharMatcher                                              : loaded 3 times (x 113B)
Class org.objectweb.asm.Label                                                         : loaded 3 times (x 75B)
Class com.google.common.base.Preconditions                                            : loaded 3 times (x 73B)
Class com.google.common.collect.Hashing                                               : loaded 3 times (x 73B)
Class com.google.common.base.Equivalence$Equals                                       : loaded 3 times (x 84B)
Class com.google.common.base.CharMatcher$Is                                           : loaded 3 times (x 113B)
Class com.google.common.base.CharMatcher$Negated                                      : loaded 3 times (x 115B)
Class org.gradle.kotlin.dsl.ImplementationConfigurationAccessorsKt                    : loaded 3 times (x 73B)
Class com.google.common.collect.RegularImmutableMap$BucketOverflowException           : loaded 3 times (x 84B)
Class org.objectweb.asm.MethodWriter                                                  : loaded 3 times (x 107B)
Class com.google.common.collect.ImmutableSet$RegularSetBuilderImpl                    : loaded 3 times (x 78B)
Class org.objectweb.asm.Context                                                       : loaded 3 times (x 74B)
Class com.google.common.collect.SortedMapDifference                                   : loaded 3 times (x 72B)
Class com.google.common.collect.CollectPreconditions                                  : loaded 3 times (x 73B)
Class com.google.common.collect.ImmutableEntry                                        : loaded 3 times (x 84B)
Class [Lcom.google.common.collect.AbstractMapEntry;                                   : loaded 3 times (x 71B)
Class com.google.common.base.CharMatcher$NegatedFastMatcher                           : loaded 3 times (x 115B)
Class com.google.common.collect.ImmutableMap                                          : loaded 3 times (x 122B)
Class com.google.common.base.Predicate                                                : loaded 3 times (x 72B)
Class com.google.common.collect.Sets                                                  : loaded 3 times (x 73B)
Class com.google.common.base.CharMatcher$FastMatcher                                  : loaded 3 times (x 113B)
Class Settings_gradle                                                                 : loaded 3 times (x 126B)
Class org.objectweb.asm.Attribute                                                     : loaded 3 times (x 79B)
Class [Lorg.objectweb.asm.Label;                                                      : loaded 3 times (x 71B)
Class [Lcom.google.common.base.AbstractIterator$State;                                : loaded 3 times (x 71B)
Class com.google.common.base.CharMatcher$IsEither                                     : loaded 3 times (x 113B)
Class com.google.common.base.CharMatcher$Or                                           : loaded 3 times (x 114B)
Class com.google.common.io.Closer$Suppressor                                          : loaded 3 times (x 72B)
Class com.google.common.io.LineProcessor                                              : loaded 3 times (x 72B)
Class com.google.common.collect.ImmutableSet                                          : loaded 3 times (x 147B)
Class com.google.common.base.CharMatcher$BitSetMatcher                                : loaded 3 times (x 114B)
Class com.google.common.io.Closer                                                     : loaded 3 times (x 80B)
Class com.google.common.collect.RegularImmutableMap$Values                            : loaded 3 times (x 209B)
Class com.google.common.base.AbstractIterator                                         : loaded 3 times (x 82B)
Class com.google.common.math.IntMath$1                                                : loaded 3 times (x 73B)
Class com.google.common.io.Files$FileByteSink                                         : loaded 3 times (x 79B)
Class com.google.common.graph.SuccessorsFunction                                      : loaded 3 times (x 72B)
Class org.objectweb.asm.Type                                                          : loaded 3 times (x 74B)
Class Build_gradle$3                                                                  : loaded 3 times (x 76B)
Class com.google.common.collect.Sets$SetView                                          : loaded 3 times (x 140B)
Class com.google.common.io.Files                                                      : loaded 3 times (x 73B)
Class com.google.common.collect.Maps$8                                                : loaded 3 times (x 84B)
Class Build_gradle$1                                                                  : loaded 3 times (x 76B)
Class [Lcom.google.common.collect.ImmutableEntry;                                     : loaded 3 times (x 71B)
Class com.google.common.collect.Maps                                                  : loaded 3 times (x 73B)
Class com.google.common.collect.RegularImmutableList                                  : loaded 3 times (x 215B)
Class com.google.common.collect.ImmutableList$1                                       : loaded 3 times (x 99B)
Class com.google.common.base.Function                                                 : loaded 3 times (x 72B)
Class com.google.common.collect.ImmutableMapEntry$NonTerminalImmutableMapEntry        : loaded 3 times (x 87B)
Class com.google.common.base.Equivalence                                              : loaded 3 times (x 84B)
Class com.google.common.collect.ImmutableMapEntry                                     : loaded 3 times (x 87B)
Class com.google.common.math.IntMath                                                  : loaded 3 times (x 73B)
Class com.google.common.base.CommonPattern                                            : loaded 3 times (x 76B)
Class com.google.common.base.CharMatcher$IsNot                                        : loaded 3 times (x 113B)
Class com.google.common.collect.ImmutableEnumSet                                      : loaded 3 times (x 148B)
Class com.google.common.collect.RegularImmutableSet                                   : loaded 3 times (x 150B)
Class com.google.common.collect.Maps$EntryTransformer                                 : loaded 3 times (x 72B)
Class com.google.common.collect.ImmutableAsList                                       : loaded 3 times (x 211B)
Class com.google.common.base.FunctionalEquivalence                                    : loaded 3 times (x 85B)
Class com.google.common.collect.Lists                                                 : loaded 3 times (x 73B)
Class com.google.common.base.Converter                                                : loaded 3 times (x 92B)
Class com.google.common.collect.ImmutableSet$CachingAsList                            : loaded 3 times (x 150B)
Class com.google.common.collect.ImmutableCollection                                   : loaded 3 times (x 127B)
Class com.google.common.base.CharMatcher$AnyOf                                        : loaded 3 times (x 114B)
Class com.google.common.base.CharMatcher$ForPredicate                                 : loaded 3 times (x 114B)
Class com.google.common.base.Splitter$SplittingIterator                               : loaded 3 times (x 85B)
Class com.google.common.collect.ImmutableSet$JdkBackedSetBuilderImpl                  : loaded 3 times (x 78B)
Class com.google.common.collect.ImmutableBiMap                                        : loaded 3 times (x 145B)
Class com.google.common.collect.ImmutableMap$IteratorBasedImmutableMap                : loaded 3 times (x 128B)
Class com.google.common.collect.SingletonImmutableSet                                 : loaded 3 times (x 148B)
Class com.google.common.base.JdkPattern                                               : loaded 3 times (x 77B)
Class com.google.common.io.Files$FileByteSource                                       : loaded 3 times (x 87B)
Class com.google.common.collect.ImmutableList$ReverseImmutableList                    : loaded 3 times (x 211B)
Class com.google.common.base.Splitter$Strategy                                        : loaded 3 times (x 72B)
Class com.google.common.io.ByteSink                                                   : loaded 3 times (x 78B)
Class com.google.common.collect.RegularImmutableMap                                   : loaded 3 times (x 122B)
Class com.google.common.collect.ImmutableMap$MapViewOfValuesAsSingletonSets           : loaded 3 times (x 128B)
Class com.google.common.collect.SingletonImmutableList                                : loaded 3 times (x 209B)
Class com.google.common.collect.Multimap                                              : loaded 3 times (x 72B)
Class com.google.common.primitives.IntsMethodsForWeb                                  : loaded 3 times (x 73B)
Class com.google.common.base.NullnessCasts                                            : loaded 3 times (x 73B)
Class com.google.common.collect.ImmutableMap$Builder                                  : loaded 3 times (x 84B)
Class com.google.common.collect.ImmutableMapEntrySet                                  : loaded 3 times (x 154B)
Class com.google.common.math.MathPreconditions                                        : loaded 3 times (x 73B)
Class com.google.common.collect.AbstractIndexedListIterator                           : loaded 3 times (x 98B)
Class com.google.common.collect.ObjectArrays                                          : loaded 3 times (x 73B)
Class com.google.common.primitives.Ints                                               : loaded 3 times (x 73B)
Class com.google.common.collect.BiMap                                                 : loaded 3 times (x 72B)
Class com.google.common.collect.ImmutableMap$1                                        : loaded 3 times (x 83B)
Class com.google.common.collect.IndexedImmutableSet                                   : loaded 3 times (x 154B)
Class com.google.common.base.CharMatcher$And                                          : loaded 3 times (x 114B)
Class com.google.common.collect.Lists$StringAsImmutableList                           : loaded 3 times (x 209B)
Class com.google.common.collect.Range                                                 : loaded 3 times (x 89B)
Class com.google.common.collect.RegularImmutableAsList                                : loaded 3 times (x 219B)
Class com.google.common.collect.AbstractMapEntry                                      : loaded 3 times (x 83B)
Class com.google.common.collect.UnmodifiableIterator                                  : loaded 3 times (x 82B)
Class [Lorg.objectweb.asm.Attribute;                                                  : loaded 3 times (x 71B)
Class [Lorg.objectweb.asm.Type;                                                       : loaded 3 times (x 71B)
Class com.google.common.collect.UnmodifiableListIterator                              : loaded 3 times (x 97B)
Class org.objectweb.asm.ClassVisitor                                                  : loaded 3 times (x 90B)
Class com.google.common.base.MoreObjects                                              : loaded 3 times (x 73B)
Class com.google.common.collect.ImmutableCollection$Builder                           : loaded 3 times (x 78B)
Class com.google.common.collect.MapDifference                                         : loaded 3 times (x 72B)
Class com.google.common.base.Splitter$1                                               : loaded 3 times (x 79B)
Class com.google.common.collect.Sets$4                                                : loaded 3 times (x 141B)
Class com.google.common.collect.Sets$3                                                : loaded 3 times (x 141B)
Class com.google.common.base.AbstractIterator$State                                   : loaded 3 times (x 81B)
Class com.google.common.collect.Sets$2                                                : loaded 3 times (x 141B)
Class com.google.common.collect.Sets$1                                                : loaded 3 times (x 141B)
Class com.google.common.base.Splitter                                                 : loaded 3 times (x 74B)
Class com.google.common.collect.ImmutableEnumMap                                      : loaded 3 times (x 128B)
Class [Lcom.google.common.collect.ImmutableMapEntry;                                  : loaded 3 times (x 71B)
Class com.google.common.base.CharMatcher$None                                         : loaded 3 times (x 114B)
Class org.jetbrains.kotlin.gradle.plugin.KotlinProjectSetupActionKt$KotlinProjectSetupCoroutine$1$1: loaded 2 times (x 97B)
Class org.jetbrains.kotlin.konan.target.KonanTarget$WATCHOS_ARM32                     : loaded 2 times (x 80B)
Class org.jetbrains.kotlin.gradle.targets.js.dsl.KotlinJsTargetDsl                    : loaded 2 times (x 72B)
Class org.jetbrains.kotlin.gradle.plugin.KotlinPluginLifecycleImplKt                  : loaded 2 times (x 73B)
Class org.jetbrains.kotlin.gradle.plugin.diagnostics.checkers.DeprecatedKotlinNativeTargetsChecker$runChecks$1: loaded 2 times (x 89B)
Class org.jetbrains.kotlin.gradle.plugin.KotlinPluginLifecycleImpl$WhenMappings       : loaded 2 times (x 73B)
Class org.jetbrains.kotlin.gradle.dsl.KotlinCommonCompilerToolOptionsHelper           : loaded 2 times (x 73B)
Class org.jetbrains.kotlin.gradle.plugin.KotlinTargetComponent                        : loaded 2 times (x 72B)
Class org.jetbrains.kotlin.gradle.plugin.KotlinGradlePluginExtensionPointInternal     : loaded 2 times (x 78B)
Class org.jetbrains.kotlin.statistics.metrics.StringOverridePolicy$OVERRIDE_VERSION_IF_NOT_SET: loaded 2 times (x 87B)
Class org.jetbrains.kotlin.gradle.plugin.statistics.KotlinBuildStatsBeanService$Companion$initStatsService$1: loaded 2 times (x 81B)
Class org.jetbrains.kotlin.gradle.plugin.VariantImplementationFactories$Companion$getProvider$1: loaded 2 times (x 77B)
Class org.jetbrains.kotlin.gradle.internal.properties.PropertiesBuildService$BooleanGradleProperty: loaded 2 times (x 78B)
Class org.jetbrains.kotlin.gradle.dsl.KotlinProjectExtension                          : loaded 2 times (x 130B)
Class [Lorg.objectweb.asm.Symbol;                                                     : loaded 2 times (x 71B)
Class com.google.protobuf.GeneratedMessageV3$BuilderParent                            : loaded 2 times (x 72B)
Class com.google.protobuf.Internal$IntList                                            : loaded 2 times (x 72B)
Class org.codehaus.groovy.ast.stmt.SynchronizedStatement                              : loaded 2 times (x 116B)
Class org.codehaus.groovy.ast.stmt.ExpressionStatement                                : loaded 2 times (x 114B)
Class org.codehaus.groovy.runtime.metaclass.MultipleSetterProperty                    : loaded 2 times (x 84B)
Class groovy.lang.GroovyRuntimeException                                              : loaded 2 times (x 89B)
Class org.codehaus.groovy.util.ReferenceBundle                                        : loaded 2 times (x 76B)
Class org.codehaus.groovy.util.Finalizable                                            : loaded 2 times (x 72B)
Class com.google.common.collect.MapMakerInternalMap$Strength                          : loaded 2 times (x 82B)
Class kotlin.io.LinesSequence                                                         : loaded 2 times (x 77B)
Class kotlin.reflect.jvm.internal.KPropertyImpl$$Lambda$0                             : loaded 2 times (x 78B)
Class kotlin.reflect.jvm.internal.impl.name.FqName                                    : loaded 2 times (x 74B)
Class [Lkotlin.reflect.KClass;                                                        : loaded 2 times (x 71B)
Class kotlinx.coroutines.scheduling.CoroutineScheduler                                : loaded 2 times (x 83B)
Class kotlinx.coroutines.scheduling.SchedulerTimeSource                               : loaded 2 times (x 74B)
Class com.google.gson.JsonSyntaxException                                             : loaded 2 times (x 84B)
Class com.android.tools.lint.model.LintModelModule                                    : loaded 2 times (x 72B)
Class org.jetbrains.kotlin.gradle.plugin.KotlinPluginLifecycle$ProjectConfigurationResult$Failure: loaded 2 times (x 74B)
Class com.google.common.base.Platform$JdkPatternCompiler                              : loaded 2 times (x 77B)
Class org.jetbrains.kotlin.gradle.tasks.DefaultKotlinJavaToolchain$Companion          : loaded 2 times (x 73B)
Class org.jetbrains.kotlin.gradle.tasks.DefaultKotlinJavaToolchain                    : loaded 2 times (x 79B)
Class org.jetbrains.kotlin.gradle.targets.native.toolchain.KotlinNativeBundleBuildService$Parameters: loaded 2 times (x 72B)
Class org.jetbrains.kotlin.gradle.targets.native.toolchain.KotlinNativeBundleBuildService: loaded 2 times (x 78B)
Class org.jetbrains.kotlin.gradle.plugin.KotlinGradleBuildServices                    : loaded 2 times (x 82B)
Class [Lorg.jetbrains.kotlin.statistics.ValueAnonymizer;                              : loaded 2 times (x 71B)
Class org.jetbrains.kotlin.gradle.internal.properties.PropertiesBuildService$MemoizedCallable$value$2: loaded 2 times (x 81B)
Class org.objectweb.asm.MethodTooLargeException                                       : loaded 2 times (x 84B)
Class [Lcom.google.common.cache.CacheBuilder$OneWeigher;                              : loaded 2 times (x 71B)
Class com.google.common.base.Suppliers                                                : loaded 2 times (x 73B)
Class org.gradle.internal.classloader.DefaultClassLoaderFactory                       : loaded 2 times (x 84B)
Class groovy.lang.GroovyInterceptable                                                 : loaded 2 times (x 72B)
Class kotlin.KotlinVersion$Companion                                                  : loaded 2 times (x 73B)
Class kotlin.sequences.SequencesKt___SequencesKt$flatMap$1                            : loaded 2 times (x 127B)
Class kotlin.reflect.jvm.internal.KPropertyImpl$$Lambda$1                             : loaded 2 times (x 78B)
Class kotlinx.coroutines.CopyableThreadContextElement                                 : loaded 2 times (x 72B)
Class org.jetbrains.kotlin.cli.jvm.compiler.KotlinCoreEnvironment$Companion           : loaded 2 times (x 73B)
Class kotlin.text.MatcherMatchResult$groupValues$1                                    : loaded 2 times (x 200B)
Class kotlin.sequences.SequencesKt___SequencesKt                                      : loaded 2 times (x 73B)
Class com.android.utils.EnvironmentProvider$DirectEnvironmentProvider                 : loaded 2 times (x 82B)
Class org.jetbrains.kotlin.gradle.plugin.mpp.compilationImpl.factory.KotlinCompilationImplFactory$PreConfigure: loaded 2 times (x 72B)
Class kotlin.collections.AbstractList$Companion                                       : loaded 2 times (x 73B)
Class com.google.common.collect.ReverseNaturalOrdering                                : loaded 2 times (x 116B)
Class org.jetbrains.kotlin.gradle.plugin.PropertiesProvider$kotlinCompilerArgumentsLogLevel$1: loaded 2 times (x 76B)
Class org.jetbrains.kotlin.compilerRunner.CompilerSystemPropertiesService$Parameters_Decorated: loaded 2 times (x 132B)
Class org.jetbrains.kotlin.gradle.plugin.KotlinTargetWithTests                        : loaded 2 times (x 72B)
Class [Lorg.jetbrains.kotlin.gradle.dsl.KotlinVersion;                                : loaded 2 times (x 71B)
Class org.jetbrains.kotlin.gradle.plugin.diagnostics.checkers.JsEnvironmentChecker    : loaded 2 times (x 78B)
Class org.jetbrains.kotlin.gradle.targets.js.npm.NpmDependencyExtensionKt             : loaded 2 times (x 73B)
Class org.jetbrains.kotlin.gradle.dsl.abi.ExperimentalAbiValidation                   : loaded 2 times (x 72B)
Class org.jetbrains.kotlin.gradle.plugin.diagnostics.ToolingDiagnosticRenderingOptions: loaded 2 times (x 74B)
Class org.jetbrains.kotlin.gradle.plugin.diagnostics.UsesKotlinToolingDiagnosticsParameters: loaded 2 times (x 72B)
Class org.jetbrains.kotlin.gradle.plugin.PropertiesProvider$classLoaderCacheTimeoutInSeconds$1: loaded 2 times (x 77B)
Class org.jetbrains.kotlin.gradle.report.BuildMetricsService                          : loaded 2 times (x 88B)
Class org.jetbrains.kotlin.statistics.metrics.NumberAnonymizationPolicy               : loaded 2 times (x 87B)
Class org.jetbrains.kotlin.statistics.metrics.StringAnonymizationPolicy               : loaded 2 times (x 80B)
Class org.gradle.internal.classloader.ClassLoaderVisitor                              : loaded 2 times (x 78B)
Class com.google.protobuf.UnknownFieldSet                                             : loaded 2 times (x 89B)
Class org.apache.groovy.util.BeanUtils                                                : loaded 2 times (x 73B)
Class org.codehaus.groovy.reflection.CachedClass                                      : loaded 2 times (x 97B)
Class org.jetbrains.kotlin.gradle.tasks.configuration.AbstractKotlinCompileConfig$2   : loaded 2 times (x 81B)
Class kotlin.reflect.jvm.internal.KProperty1Impl                                      : loaded 2 times (x 130B)
Class [Lcom.android.ide.common.repository.AgpVersion$PreviewKind;                     : loaded 2 times (x 71B)
Class kotlin.sequences.SequencesKt___SequencesKt$flatMap$2                            : loaded 2 times (x 127B)
Class com.google.common.collect.Ordering                                              : loaded 2 times (x 116B)
Class org.jetbrains.kotlin.build.report.metrics.BuildPerformanceMetrics               : loaded 2 times (x 74B)
Class org.jetbrains.kotlin.gradle.plugin.mpp.compilationImpl.KotlinCompilationLanguageSettingsConfigurator: loaded 2 times (x 76B)
Class org.jetbrains.kotlin.gradle.plugin.KotlinPluginLifecycleKt$await$1              : loaded 2 times (x 89B)
Class [Lorg.jetbrains.kotlin.gradle.plugin.KotlinCompilation;                         : loaded 2 times (x 71B)
Class org.jetbrains.kotlin.gradle.plugin.mpp.KotlinTargetComponentWithPublication     : loaded 2 times (x 72B)
Class org.jetbrains.kotlin.gradle.plugin.mpp.compilationImpl.KotlinCreateNativeCompileTasksSideEffectKt: loaded 2 times (x 73B)
Class org.jetbrains.kotlin.gradle.plugin.KotlinProjectSetupActionKt                   : loaded 2 times (x 73B)
Class org.jetbrains.kotlin.gradle.dsl.KotlinTargetContainerWithJsPresetFunctions      : loaded 2 times (x 72B)
Class org.jetbrains.kotlin.gradle.report.ReportingSettings$Companion                  : loaded 2 times (x 73B)
Class org.jetbrains.kotlin.gradle.report.ConfigureReporingKt                          : loaded 2 times (x 73B)
Class org.jetbrains.kotlin.tooling.core.TypeUtils                                     : loaded 2 times (x 73B)
Class org.gradle.api.internal.classpath.EffectiveClassPath                            : loaded 2 times (x 92B)
Class com.google.protobuf.Internal                                                    : loaded 2 times (x 73B)
Class org.codehaus.groovy.runtime.GeneratedLambda                                     : loaded 2 times (x 72B)
Class org.codehaus.groovy.control.CompilationFailedException                          : loaded 2 times (x 90B)
Class groovy.lang.MetaClassImpl$1                                                     : loaded 2 times (x 77B)
Class kotlin.reflect.jvm.internal.impl.SpecialJvmAnnotations                          : loaded 2 times (x 73B)
Class kotlin.coroutines.ContinuationInterceptor                                       : loaded 2 times (x 72B)
Class kotlinx.coroutines.DebugKt                                                      : loaded 2 times (x 73B)
Class kotlin.text.StringsKt__AppendableKt                                             : loaded 2 times (x 73B)
Class org.jetbrains.kotlin.gradle.utils.GradleAttributesContainerUtilsKt$setAttributeProvider$1: loaded 2 times (x 77B)
Class org.jetbrains.kotlin.gradle.plugin.mpp.compilationImpl.DefaultKotlinCompilationConfigurationsContainer: loaded 2 times (x 86B)
Class com.google.common.collect.ImmutableRangeSet                                     : loaded 2 times (x 117B)
Class org.jetbrains.kotlin.gradle.tasks.TasksProviderKt                               : loaded 2 times (x 73B)
Class org.jetbrains.kotlin.konan.target.KonanTarget$ANDROID_ARM32                     : loaded 2 times (x 80B)
Class org.jetbrains.kotlin.gradle.plugin.sources.DefaultKotlinSourceSetFactory        : loaded 2 times (x 82B)
Class org.jetbrains.kotlin.gradle.plugin.diagnostics.ToolingDiagnostic                : loaded 2 times (x 74B)
Class com.google.common.collect.ListMultimap                                          : loaded 2 times (x 72B)
Class org.codehaus.groovy.control.ResolveVisitor$ConstructedClassWithPackage          : loaded 2 times (x 244B)
Class org.codehaus.groovy.runtime.DefaultCachedMethodKey                              : loaded 2 times (x 81B)
Class groovy.lang.MetaClassImpl$2                                                     : loaded 2 times (x 98B)
Class org.codehaus.groovy.reflection.CachedField                                      : loaded 2 times (x 83B)
Class org.codehaus.groovy.runtime.dgmimpl.arrays.CharacterArrayGetAtMetaMethod        : loaded 2 times (x 99B)
Class org.codehaus.groovy.ast.Parameter                                               : loaded 2 times (x 152B)
Class kotlin.jvm.internal.AdaptedFunctionReference                                    : loaded 2 times (x 79B)
Class kotlin.reflect.jvm.internal.impl.builtins.functions.FunctionTypeKind$Function   : loaded 2 times (x 74B)
Class kotlin.reflect.jvm.internal.KCallableImpl                                       : loaded 2 times (x 107B)
Class kotlin.reflect.KProperty$Accessor                                               : loaded 2 times (x 72B)
Class [Lkotlin.reflect.KCallable;                                                     : loaded 2 times (x 71B)
Class com.android.ide.common.gradle.Numeric                                           : loaded 2 times (x 79B)
Class kotlin.jvm.internal.ArrayIteratorKt                                             : loaded 2 times (x 73B)
Class org.jetbrains.kotlin.gradle.tasks.CacheableTasksKt$cacheOnlyIfEnabledForKotlin$1: loaded 2 times (x 77B)
Class org.jetbrains.kotlin.gradle.tasks.AbstractKotlinCompile$compilerRunner$1        : loaded 2 times (x 77B)
Class com.google.common.collect.ComparatorOrdering                                    : loaded 2 times (x 117B)
Class org.jetbrains.kotlin.incremental.ClasspathChanges                               : loaded 2 times (x 73B)
Class org.jetbrains.kotlin.buildtools.api.jvm.ClassSnapshotGranularity                : loaded 2 times (x 81B)
Class org.jetbrains.kotlin.gradle.ExternalKotlinTargetApi                             : loaded 2 times (x 72B)
Class com.google.common.collect.Iterators$EmptyModifiableIterator                     : loaded 2 times (x 88B)
Class org.jetbrains.kotlin.gradle.plugin.diagnostics.checkers.AndroidPluginWithoutAndroidTargetChecker$runChecks$1: loaded 2 times (x 89B)
Class org.jetbrains.kotlin.gradle.plugin.diagnostics.KotlinGradleProjectCheckersRunnerKt$launchKotlinGradleProjectCheckers$1$1: loaded 2 times (x 97B)
Class org.jetbrains.kotlin.gradle.targets.CreateDefaultTestRunSideEffectKt            : loaded 2 times (x 73B)
Class org.jetbrains.kotlin.gradle.utils.ProviderApiUtilsKt$mapOrNull$1                : loaded 2 times (x 77B)
Class org.jetbrains.kotlin.konan.target.KonanTarget                                   : loaded 2 times (x 80B)
Class org.jetbrains.kotlin.gradle.targets.native.toolchain.KotlinNativeBundleBuildService$Companion$registerIfAbsent$1: loaded 2 times (x 77B)
Class org.jetbrains.kotlin.statistics.metrics.BooleanAnonymizationPolicy              : loaded 2 times (x 87B)
Class org.jetbrains.kotlin.statistics.metrics.BooleanOverridePolicy$OVERRIDE          : loaded 2 times (x 87B)
Class org.jetbrains.kotlin.gradle.plugin.PropertiesProvider$kotlinExperimentalTryNext$1: loaded 2 times (x 77B)
Class org.jetbrains.kotlin.gradle.fus.BuildUidService$Companion                       : loaded 2 times (x 73B)
Class org.jetbrains.kotlin.gradle.plugin.VariantImplementationFactoriesConfigurator$Companion$getProvider$1: loaded 2 times (x 76B)
Class org.objectweb.asm.AnnotationVisitor                                             : loaded 2 times (x 80B)
Class org.gradle.api.internal.DefaultClassPathProvider                                : loaded 2 times (x 78B)
Class androidx.lifecycle.lint.NonNullableMutableLiveDataDetector                      : loaded 2 times (x 175B)
Class com.google.protobuf.AbstractMessage                                             : loaded 2 times (x 166B)
Class groovy.lang.MetaClassImpl$3                                                     : loaded 2 times (x 79B)
Class com.google.common.collect.MapMakerInternalMap$Strength$1                        : loaded 2 times (x 82B)
Class kotlin.sequences.SequenceScope                                                  : loaded 2 times (x 75B)
Class kotlin.reflect.jvm.internal.impl.builtins.jvm.JavaToKotlinClassMap$PlatformMutabilityMapping: loaded 2 times (x 74B)
Class kotlin.reflect.jvm.internal.KProperty1Impl$$Lambda$0                            : loaded 2 times (x 78B)
Class kotlin.coroutines.ContinuationInterceptor$DefaultImpls                          : loaded 2 times (x 73B)
Class it.unimi.dsi.fastutil.ints.IntSet                                               : loaded 2 times (x 72B)
Class it.unimi.dsi.fastutil.ints.IntIterable                                          : loaded 2 times (x 72B)
Class kotlin.text.MatchResult                                                         : loaded 2 times (x 72B)
Class kotlin.sequences.Sequence                                                       : loaded 2 times (x 72B)
Class kotlin.text.StringsKt__StringNumberConversionsJVMKt                             : loaded 2 times (x 73B)
Class com.google.common.reflect.TypeCapture                                           : loaded 2 times (x 73B)
Class com.google.common.collect.Maps$ViewCachingAbstractMap                           : loaded 2 times (x 127B)
Class com.google.common.collect.NaturalOrdering                                       : loaded 2 times (x 117B)
Class org.jetbrains.kotlin.gradle.tasks.configuration.KaptGenerateStubsConfig$Companion$wireJavaAndKotlinOutputs$1: loaded 2 times (x 81B)
Class org.jetbrains.kotlin.gradle.plugin.KotlinPluginLifecycleCoroutineContextElement : loaded 2 times (x 86B)
Class org.jetbrains.kotlin.gradle.dsl.PlatformSourceSetConventionsChecker             : loaded 2 times (x 76B)
Class org.jetbrains.kotlin.gradle.plugin.diagnostics.checkers.KotlinSourceSetTreeDependsOnMismatchChecker: loaded 2 times (x 76B)
Class org.jetbrains.kotlin.gradle.targets.CreateDefaultCompilationsSideEffectKt       : loaded 2 times (x 73B)
Class org.jetbrains.kotlin.gradle.plugin.mpp.SyncLanguageSettingsWithKotlinExtensionSetupActionKt: loaded 2 times (x 73B)
Class org.jetbrains.kotlin.statistics.metrics.NumericalMetrics                        : loaded 2 times (x 81B)
Class org.jetbrains.kotlin.gradle.plugin.VariantImplementationFactories$Companion$getProvider$2$1: loaded 2 times (x 81B)
Class [Lorg.gradle.api.internal.ClassPathProvider;                                    : loaded 2 times (x 71B)
Class org.gradle.api.internal.ClassPathProvider                                       : loaded 2 times (x 72B)
Class org.codehaus.groovy.ast.expr.BooleanExpression                                  : loaded 2 times (x 130B)
Class groovy.lang.MetaClassImpl$4                                                     : loaded 2 times (x 79B)
Class org.codehaus.groovy.runtime.SocketGroovyMethods                                 : loaded 2 times (x 73B)
Class org.codehaus.groovy.reflection.stdclasses.CachedClosureClass                    : loaded 2 times (x 99B)
Class com.google.common.collect.MapMakerInternalMap$Strength$2                        : loaded 2 times (x 82B)
Class kotlin.jvm.functions.Function20                                                 : loaded 2 times (x 72B)
Class kotlin.reflect.jvm.internal.KProperty1Impl$$Lambda$1                            : loaded 2 times (x 78B)
Class kotlinx.coroutines.JobNode                                                      : loaded 2 times (x 88B)
Class kotlinx.coroutines.ParentJob                                                    : loaded 2 times (x 72B)
Class kotlin.collections.CollectionsKt___CollectionsKt$asSequence$$inlined$Sequence$1 : loaded 2 times (x 77B)
Class com.google.common.collect.TransformedListIterator                               : loaded 2 times (x 95B)
Class com.android.utils.ILogger                                                       : loaded 2 times (x 72B)
Class build_9x20xqzvl5fkxckwce03ag6jf$_run_closure1$_closure3                         : loaded 2 times (x 140B)
Class org.jetbrains.kotlin.gradle.plugin.statistics.ExecutedTaskMetrics               : loaded 2 times (x 73B)
Class org.jetbrains.kotlin.gradle.tasks.KotlinJvmCompile$DefaultImpls                 : loaded 2 times (x 73B)
Class org.jetbrains.kotlin.gradle.tasks.CacheableTasksKt                              : loaded 2 times (x 73B)
Class org.jetbrains.kotlin.gradle.plugin.diagnostics.CheckKotlinGradlePluginConfigurationErrors$Companion: loaded 2 times (x 73B)
Class org.jetbrains.kotlin.konan.target.HostManager$targetValues$2                    : loaded 2 times (x 80B)
Class org.jetbrains.kotlin.gradle.plugin.diagnostics.checkers.UnusedSourceSetsChecker$runChecks$1: loaded 2 times (x 89B)
Class org.jetbrains.kotlin.gradle.targets.js.npm.PeerNpmDependencyExtension           : loaded 2 times (x 72B)
Class org.jetbrains.kotlin.gradle.dsl.AndroidMainSourceSetConventionsChecker          : loaded 2 times (x 76B)
Class org.jetbrains.kotlin.gradle.plugin.diagnostics.checkers.WasmJsEnvironmentChecker$1: loaded 2 times (x 80B)
Class org.jetbrains.kotlin.gradle.targets.js.npm.NpmDependencyExtensionKt$AddNpmDependencyExtensionProjectSetupAction$1: loaded 2 times (x 76B)
Class [Lorg.jetbrains.kotlin.konan.target.Family;                                     : loaded 2 times (x 71B)
Class org.jetbrains.kotlin.gradle.plugin.statistics.FlowActionBuildFusService         : loaded 2 times (x 86B)
Class org.jetbrains.kotlin.build.report.metrics.GradleBuildPerformanceMetric          : loaded 2 times (x 74B)
Class org.jetbrains.kotlin.gradle.internal.properties.PropertiesBuildService$NullableBooleanGradleProperty: loaded 2 times (x 78B)
Class [Lorg.objectweb.asm.AnnotationVisitor;                                          : loaded 2 times (x 71B)
Class com.google.common.cache.LocalCache$LocalLoadingCache                            : loaded 2 times (x 136B)
Class org.gradle.internal.service.UnknownServiceException                             : loaded 2 times (x 85B)
Class com.google.protobuf.UnsafeUtil$Android64MemoryAccessor                          : loaded 2 times (x 93B)
Class groovy.lang.MetaClassImpl$5                                                     : loaded 2 times (x 79B)
Class com.google.common.collect.MapMakerInternalMap$StrongValueEntry                  : loaded 2 times (x 72B)
Class it.unimi.dsi.fastutil.longs.LongIterable                                        : loaded 2 times (x 72B)
Class kotlin.jvm.functions.Function21                                                 : loaded 2 times (x 72B)
Class kotlin.reflect.jvm.internal.impl.name.ClassId                                   : loaded 2 times (x 74B)
Class kotlinx.coroutines.IncompleteStateBox                                           : loaded 2 times (x 74B)
Class com.android.utils.NullLogger                                                    : loaded 2 times (x 87B)
Class org.jetbrains.kotlin.gradle.tasks.configuration.BaseKotlinCompileConfig$2$1$1$1 : loaded 2 times (x 76B)
Class org.jetbrains.kotlin.gradle.tasks.KotlinCompile$ScriptFilterSpec                : loaded 2 times (x 77B)
Class org.jetbrains.kotlin.gradle.plugin.diagnostics.checkers.ComposePluginSuggestApplyChecker$runChecks$1: loaded 2 times (x 89B)
Class org.jetbrains.kotlin.konan.target.KonanTarget$TVOS_ARM64                        : loaded 2 times (x 80B)
Class org.jetbrains.kotlin.gradle.targets.js.npm.DefaultPeerNpmDependencyExtension    : loaded 2 times (x 142B)
Class org.jetbrains.kotlin.gradle.targets.android.internal.InternalKotlinTargetPreset : loaded 2 times (x 72B)
Class org.jetbrains.kotlin.gradle.plugin.KotlinPluginLifecycleKt                      : loaded 2 times (x 73B)
Class org.jetbrains.kotlin.gradle.plugin.diagnostics.checkers.WasmJsEnvironmentChecker$2: loaded 2 times (x 80B)
Class org.jetbrains.kotlin.gradle.plugin.mpp.AbstractKotlinTarget                     : loaded 2 times (x 149B)
Class org.jetbrains.kotlin.gradle.internal.properties.NativePropertiesLoader$kotlinNativeVersion$1: loaded 2 times (x 77B)
Class org.jetbrains.kotlin.gradle.dsl.KotlinSingleTargetExtension                     : loaded 2 times (x 132B)
Class org.objectweb.asm.ModuleVisitor                                                 : loaded 2 times (x 83B)
Class com.google.common.cache.LocalCache$Strength$1                                   : loaded 2 times (x 83B)
Class androidx.annotation.experimental.lint.ExperimentalDetector$Companion            : loaded 2 times (x 73B)
Class com.google.protobuf.Utf8$UnpairedSurrogateException                             : loaded 2 times (x 84B)
Class com.google.protobuf.ExtensionRegistry                                           : loaded 2 times (x 89B)
Class kotlin.annotation.AnnotationRetention                                           : loaded 2 times (x 81B)
Class groovy.lang.MetaClassImpl$6                                                     : loaded 2 times (x 79B)
Class org.codehaus.groovy.runtime.metaclass.MethodMetaProperty$GetMethodMetaProperty  : loaded 2 times (x 80B)
Class org.codehaus.groovy.runtime.RangeInfo                                           : loaded 2 times (x 73B)
Class org.codehaus.groovy.runtime.dgmimpl.arrays.BooleanArrayPutAtMetaMethod          : loaded 2 times (x 99B)
Class org.codehaus.groovy.runtime.dgmimpl.NumberNumberDiv                             : loaded 2 times (x 116B)
Class org.codehaus.groovy.reflection.stdclasses.CharacterCachedClass                  : loaded 2 times (x 97B)
Class org.codehaus.groovy.reflection.stdclasses.NumberCachedClass                     : loaded 2 times (x 97B)
Class [Lcom.android.resources.ResourceType;                                           : loaded 2 times (x 71B)
Class kotlin.collections.MapWithDefault                                               : loaded 2 times (x 72B)
Class kotlin.jvm.functions.Function22                                                 : loaded 2 times (x 72B)
Class it.unimi.dsi.fastutil.objects.ObjectSpliterator                                 : loaded 2 times (x 72B)
Class kotlin.coroutines.jvm.internal.SuspendLambda                                    : loaded 2 times (x 93B)
Class kotlin.coroutines.jvm.internal.ContinuationImpl                                 : loaded 2 times (x 89B)
Class kotlinx.coroutines.internal.SystemPropsKt                                       : loaded 2 times (x 73B)
Class org.jetbrains.kotlin.gradle.tasks.configuration.BaseKotlinCompileConfig$2$1$1$2 : loaded 2 times (x 76B)
Class org.jetbrains.kotlin.gradle.plugin.mpp.KotlinCompilationsKt$addSourcesToKotlinCompileTask$configureAction$2: loaded 2 times (x 81B)
Class org.jetbrains.kotlin.gradle.plugin.mpp.compilationImpl.KotlinCompilationTaskNamesContainer: loaded 2 times (x 74B)
Class org.jetbrains.kotlin.gradle.plugin.mpp.compilationImpl.factory.KotlinCompilationImplFactory$KotlinCompilerOptionsFactory: loaded 2 times (x 72B)
Class org.jetbrains.kotlin.gradle.internal.properties.PropertiesBuildServiceKt$propertyWithDeprecatedName$1: loaded 2 times (x 77B)
Class org.jetbrains.kotlin.gradle.targets.js.npm.NpmDependencyExtension               : loaded 2 times (x 72B)
Class org.jetbrains.kotlin.gradle.plugin.LanguageSettingsBuilder                      : loaded 2 times (x 72B)
Class org.jetbrains.kotlin.gradle.plugin.diagnostics.checkers.WasmWasiEnvironmentChecker: loaded 2 times (x 78B)
Class org.jetbrains.kotlin.gradle.plugin.diagnostics.checkers.WasmJsEnvironmentChecker$3: loaded 2 times (x 80B)
Class org.jetbrains.kotlin.gradle.targets.ConfigureBuildSideEffectKt                  : loaded 2 times (x 73B)
Class org.jetbrains.kotlin.gradle.plugin.statistics.BuildFusService$Companion$registerIfAbsentImpl$generalConfigurationMetricsProvider$1: loaded 2 times (x 77B)
Class [Lorg.jetbrains.kotlin.statistics.metrics.StringMetrics;                        : loaded 2 times (x 71B)
Class org.jetbrains.kotlin.gradle.plugin.BuildEventsListenerRegistryHolder$Companion  : loaded 2 times (x 73B)
Class com.google.common.util.concurrent.SettableFuture                                : loaded 2 times (x 116B)
Class com.google.common.cache.LocalCache$Strength$2                                   : loaded 2 times (x 83B)
Class com.google.protobuf.InvalidProtocolBufferException$InvalidWireTypeException     : loaded 2 times (x 89B)
Class com.google.protobuf.Internal$FloatList                                          : loaded 2 times (x 72B)
Class com.google.protobuf.Internal$BooleanList                                        : loaded 2 times (x 72B)
Class com.google.protobuf.MessageLiteOrBuilder                                        : loaded 2 times (x 72B)
Class org.codehaus.groovy.transform.ErrorCollecting                                   : loaded 2 times (x 72B)
Class groovy.lang.MetaClassImpl$7                                                     : loaded 2 times (x 79B)
Class org.codehaus.groovy.reflection.GeneratedMetaMethod                              : loaded 2 times (x 98B)
Class org.codehaus.groovy.GroovyBugError                                              : loaded 2 times (x 86B)
Class org.codehaus.groovy.reflection.GroovyClassValue                                 : loaded 2 times (x 72B)
Class org.objectweb.asm.Handle                                                        : loaded 2 times (x 74B)
Class it.unimi.dsi.fastutil.ints.IntIterator                                          : loaded 2 times (x 72B)
Class kotlin.reflect.KTypeParameter                                                   : loaded 2 times (x 72B)
Class kotlinx.coroutines.DispatchedTask                                               : loaded 2 times (x 82B)
Class com.android.tools.lint.model.LintModelModuleLibrary                             : loaded 2 times (x 72B)
Class com.android.tools.lint.model.LintModelSerialization$TargetFile                  : loaded 2 times (x 81B)
Class kotlin.collections.CollectionsKt__CollectionsKt                                 : loaded 2 times (x 73B)
Class kotlin.collections.ArraysKt___ArraysJvmKt                                       : loaded 2 times (x 73B)
Class kotlin.sequences.TransformingSequence                                           : loaded 2 times (x 77B)
Class kotlin.text.StringsKt__RegexExtensionsJVMKt                                     : loaded 2 times (x 73B)
Class it.unimi.dsi.fastutil.objects.ReferenceSet                                      : loaded 2 times (x 72B)
Class com.google.common.collect.TransformedIterator                                   : loaded 2 times (x 82B)
Class com.google.common.collect.AllEqualOrdering                                      : loaded 2 times (x 116B)
Class org.jetbrains.kotlin.gradle.tasks.KotlinJavaToolchain$JdkSetter                 : loaded 2 times (x 72B)
Class org.jetbrains.kotlin.gradle.plugin.KotlinPluginLifecycle$ProjectConfigurationResult$Success: loaded 2 times (x 73B)
Class org.jetbrains.kotlin.gradle.internal.StdlibDependencyManagementKt$configureStdlibVersionAlignment$1: loaded 2 times (x 77B)
Class org.jetbrains.kotlin.gradle.plugin.diagnostics.checkers.OverriddenKotlinNativeHomeChecker$StdlibExistenceCheckerValueSource$Params$Inject_: loaded 2 times (x 108B)
Class org.jetbrains.kotlin.gradle.plugin.diagnostics.checkers.OverriddenKotlinNativeHomeChecker$allKonanMainSubdirectoriesExist$1$1: loaded 2 times (x 77B)
Class org.jetbrains.kotlin.gradle.dsl.PlatformSourceSetConventionsChecker$CheckedPlatformInfo: loaded 2 times (x 74B)
Class org.jetbrains.kotlin.gradle.plugin.diagnostics.checkers.WasmJsEnvironmentChecker$4: loaded 2 times (x 80B)
Class org.jetbrains.kotlin.gradle.plugin.mpp.KotlinUsages$KotlinCinteropDisambiguation: loaded 2 times (x 78B)
Class org.jetbrains.kotlin.gradle.plugin.KotlinPluginInMultipleProjectsHolder         : loaded 2 times (x 74B)
Class org.jetbrains.kotlin.gradle.report.BuildReportType$Companion                    : loaded 2 times (x 73B)
Class com.google.common.cache.LocalCache$Strength$3                                   : loaded 2 times (x 83B)
Class org.codehaus.groovy.runtime.wrappers.PojoWrapper                                : loaded 2 times (x 90B)
Class org.codehaus.groovy.control.messages.SyntaxErrorMessage                         : loaded 2 times (x 76B)
Class org.codehaus.groovy.runtime.metaclass.MetaMethodIndex$EntryIterator             : loaded 2 times (x 72B)
Class groovy.lang.MetaClassImpl$8                                                     : loaded 2 times (x 79B)
Class org.codehaus.groovy.runtime.metaclass.MissingMethodExecutionFailed              : loaded 2 times (x 94B)
Class org.apache.groovy.util.SystemUtil                                               : loaded 2 times (x 73B)
Class kotlin.reflect.jvm.internal.impl.builtins.functions.FunctionTypeKind            : loaded 2 times (x 74B)
Class kotlin._Assertions                                                              : loaded 2 times (x 73B)
Class kotlin.text.Regex$Companion                                                     : loaded 2 times (x 73B)
Class com.android.utils.Pair                                                          : loaded 2 times (x 74B)
Class com.google.common.reflect.Invokable                                             : loaded 2 times (x 105B)
Class org.jetbrains.kotlin.gradle.tasks.KotlinCompilerPluginData$InputsOutputsState   : loaded 2 times (x 74B)
Class org.jetbrains.kotlin.gradle.plugin.mpp.compilationImpl.DefaultKotlinCompilationFriendPathsResolver$CompositeFriendArtifactResolver: loaded 2 times (x 77B)
Class org.jetbrains.kotlin.gradle.plugin.sources.FragmentConsistencyChecks$optInAnnotationsCheck$1: loaded 2 times (x 81B)
Class org.jetbrains.kotlin.gradle.plugin.mpp.AbstractKotlinCompilationToRunnableFiles : loaded 2 times (x 198B)
Class org.jetbrains.kotlin.gradle.artifacts.KotlinMetadataArtifactKt$KotlinMetadataArtifact$1: loaded 2 times (x 76B)
Class org.jetbrains.kotlin.gradle.plugin.mpp.KotlinUsages$KotlinMetadataCompatibility : loaded 2 times (x 78B)
Class [Lorg.jetbrains.kotlin.gradle.dsl.JvmTarget;                                    : loaded 2 times (x 71B)
Class org.jetbrains.kotlin.gradle.utils.ConfigurationsKt$maybeCreateResolvable$1      : loaded 2 times (x 80B)
Class org.jetbrains.kotlin.gradle.plugin.StatisticsBuildFlowManager$Companion         : loaded 2 times (x 73B)
Class org.jetbrains.kotlin.statistics.metrics.StringMetrics$Companion                 : loaded 2 times (x 73B)
Class org.jetbrains.kotlin.gradle.internal.properties.PropertiesBuildService$property$1$1: loaded 2 times (x 77B)
Class org.jetbrains.kotlin.tooling.core.Extras$Type                                   : loaded 2 times (x 74B)
Class org.objectweb.asm.FieldWriter                                                   : loaded 2 times (x 79B)
Class com.google.common.cache.CacheBuilder$NullListener                               : loaded 2 times (x 84B)
Class org.gradle.internal.classpath.TransformedClassPath                              : loaded 2 times (x 98B)
Class org.gradle.internal.classloader.InstrumentingClassLoader                        : loaded 2 times (x 72B)
Class com.google.protobuf.AbstractParser                                              : loaded 2 times (x 152B)
Class [Lkotlin.annotation.AnnotationTarget;                                           : loaded 2 times (x 71B)
Class org.codehaus.groovy.control.CompilationUnit$IPrimaryClassNodeOperation          : loaded 2 times (x 72B)
Class org.codehaus.groovy.ast.expr.CastExpression                                     : loaded 2 times (x 135B)
Class groovy.lang.MetaClassImpl$9                                                     : loaded 2 times (x 79B)
Class org.codehaus.groovy.ast.FieldNode                                               : loaded 2 times (x 163B)
Class org.codehaus.groovy.vmplugin.VMPluginFactory                                    : loaded 2 times (x 73B)
Class groovy.lang.MetaObjectProtocol                                                  : loaded 2 times (x 72B)
Class groovy.lang.Writable                                                            : loaded 2 times (x 72B)
Class com.android.utils.PositionXmlParser                                             : loaded 2 times (x 73B)
Class kotlinx.coroutines.ChildHandle                                                  : loaded 2 times (x 72B)
Class it.unimi.dsi.fastutil.longs.LongSet                                             : loaded 2 times (x 72B)
Class kotlin.reflect.jvm.internal.impl.name.StandardClassIds                          : loaded 2 times (x 73B)
Class [Lkotlin.coroutines.intrinsics.CoroutineSingletons;                             : loaded 2 times (x 71B)
Class kotlinx.coroutines.DisposableHandle                                             : loaded 2 times (x 72B)
Class it.unimi.dsi.fastutil.objects.ReferenceCollection                               : loaded 2 times (x 72B)
Class com.android.tools.lint.model.DefaultLintModelArtifact                           : loaded 2 times (x 86B)
Class kotlin.jvm.internal.FunctionReference                                           : loaded 2 times (x 124B)
Class kotlin.jvm.internal.FunctionBase                                                : loaded 2 times (x 72B)
Class kotlin.enums.EnumEntriesList                                                    : loaded 2 times (x 225B)
Class com.google.common.collect.ImmutableListMultimap                                 : loaded 2 times (x 178B)
Class com.google.common.collect.ImmutableRangeSet$AsSet                               : loaded 2 times (x 302B)
Class org.jetbrains.kotlin.gradle.plugin.sources.FragmentConsistencyChecks$optInAnnotationsCheck$2: loaded 2 times (x 80B)
Class org.jetbrains.kotlin.gradle.targets.NativeForwardImplementationToApiElementsSideEffectKt$special$$inlined$KotlinTargetSideEffect$1: loaded 2 times (x 76B)
Class org.jetbrains.kotlin.gradle.plugin.statistics.BuildFusServiceKt                 : loaded 2 times (x 73B)
Class org.jetbrains.kotlin.gradle.plugin.BuildFinishedListenerService$Companion       : loaded 2 times (x 73B)
Class org.jetbrains.kotlin.gradle.plugin.BuildFinishedListenerService                 : loaded 2 times (x 82B)
Class com.google.common.cache.CacheLoader$FunctionToCacheLoader                       : loaded 2 times (x 77B)
Class com.google.common.collect.Iterators$ArrayItr                                    : loaded 2 times (x 99B)
Class com.google.protobuf.UnsafeUtil$MemoryAccessor                                   : loaded 2 times (x 93B)
Class com.google.protobuf.GeneratedMessage$GeneratedExtension                         : loaded 2 times (x 89B)
Class org.codehaus.groovy.runtime.metaclass.MetaMethodIndex$Entry                     : loaded 2 times (x 74B)
Class org.codehaus.groovy.runtime.metaclass.MethodMetaProperty$GetBeanMethodMetaProperty: loaded 2 times (x 80B)
Class org.codehaus.groovy.ast.expr.ConstantExpression                                 : loaded 2 times (x 136B)
Class kotlinx.coroutines.CoroutineScope                                               : loaded 2 times (x 72B)
Class kotlin.reflect.jvm.internal.impl.name.FqNamesUtilKt                             : loaded 2 times (x 73B)
Class kotlin.reflect.jvm.internal.impl.name.StandardClassIdsKt                        : loaded 2 times (x 73B)
Class kotlinx.coroutines.scheduling.CoroutineScheduler$Companion                      : loaded 2 times (x 73B)
Class kotlin.collections.CollectionsKt__IteratorsJVMKt                                : loaded 2 times (x 73B)
Class kotlin.comparisons.ComparisonsKt___ComparisonsJvmKt                             : loaded 2 times (x 73B)
Class com.google.common.collect.EmptyImmutableListMultimap                            : loaded 2 times (x 178B)
Class com.google.common.collect.BaseImmutableMultimap                                 : loaded 2 times (x 125B)
Class org.jetbrains.kotlin.gradle.plugin.statistics.BuildFusService$onFinish$2        : loaded 2 times (x 81B)
Class org.jetbrains.kotlin.gradle.tasks.AbstractKotlinCompileTool$sources$1           : loaded 2 times (x 81B)
Class org.jetbrains.kotlin.gradle.tasks.configuration.TaskConfigAction                : loaded 2 times (x 74B)
Class com.google.common.base.Joiner                                                   : loaded 2 times (x 81B)
Class org.jetbrains.kotlin.gradle.plugin.diagnostics.checkers.OverriddenKotlinNativeHomeChecker$allKonanMainSubdirectoriesExist$1: loaded 2 times (x 77B)
Class org.jetbrains.kotlin.gradle.plugin.AbstractKotlinPlugin$Companion               : loaded 2 times (x 73B)
Class org.jetbrains.kotlin.gradle.plugin.KotlinSourceSetTree                          : loaded 2 times (x 74B)
Class org.jetbrains.kotlin.gradle.plugin.KotlinPluginLifecycle$Stage                  : loaded 2 times (x 81B)
Class [Lorg.jetbrains.kotlin.gradle.plugin.diagnostics.checkers.GradleDeprecatedPropertyChecker$DeprecatedProperty;: loaded 2 times (x 71B)
Class org.jetbrains.kotlin.gradle.plugin.mpp.compilationImpl.KotlinCreateResourcesTaskSideEffectKt$KotlinCreateResourcesTaskSideEffect$1: loaded 2 times (x 76B)
Class org.jetbrains.kotlin.gradle.targets.jvm.KotlinJvmTargetTestFixturesSideEffectKt : loaded 2 times (x 73B)
Class org.jetbrains.kotlin.gradle.plugin.sources.KotlinSourceSetFactory               : loaded 2 times (x 82B)
Class org.jetbrains.kotlin.gradle.targets.native.toolchain.KotlinNativeBundleBuildService$Parameters_Decorated: loaded 2 times (x 141B)
Class org.jetbrains.kotlin.gradle.internal.ClassLoadersCachingBuildService$Companion  : loaded 2 times (x 73B)
Class org.jetbrains.kotlin.gradle.internal.IdeaKt$isInIdeaSync$1                      : loaded 2 times (x 76B)
Class androidx.fragment.lint.UnsafeFragmentLifecycleObserverDetector                  : loaded 2 times (x 173B)
Class org.codehaus.groovy.syntax.Token                                                : loaded 2 times (x 113B)
Class org.codehaus.groovy.control.CompilerConfiguration                               : loaded 2 times (x 124B)
Class org.codehaus.groovy.ast.expr.ClosureExpression                                  : loaded 2 times (x 135B)
Class org.codehaus.groovy.ast.PackageNode                                             : loaded 2 times (x 125B)
Class groovy.lang.MetaClassImpl$10                                                    : loaded 2 times (x 79B)
Class kotlin.reflect.KProperty0                                                       : loaded 2 times (x 72B)
Class kotlin.Result                                                                   : loaded 2 times (x 74B)
Class kotlinx.coroutines.internal.ThreadState                                         : loaded 2 times (x 74B)
Class kotlinx.coroutines.scheduling.NanoTimeSource                                    : loaded 2 times (x 74B)
Class it.unimi.dsi.fastutil.ints.IntCollection                                        : loaded 2 times (x 72B)
Class com.google.common.base.Splitter$5                                               : loaded 2 times (x 82B)
Class org.codehaus.groovy.reflection.MixinInMetaClass                                 : loaded 2 times (x 89B)
Class org.gradle.kotlin.dsl.Accessors2sci8yewa96g0fyfhouaecr70Kt                      : loaded 2 times (x 73B)
Class [Lorg.jetbrains.kotlin.build.report.metrics.BuildAttribute;                     : loaded 2 times (x 71B)
Class org.jetbrains.kotlin.gradle.utils.ProviderApiUtilsKt$mapOrNull$1$1              : loaded 2 times (x 77B)
Class org.jetbrains.kotlin.gradle.plugin.hierarchy.KotlinSourceSetTreeClassifier$Default: loaded 2 times (x 73B)
Class org.jetbrains.kotlin.gradle.tasks.configuration.AbstractKotlinCompileConfig     : loaded 2 times (x 74B)
Class org.jetbrains.kotlin.gradle.plugin.mpp.InternalKotlinCompilationKt              : loaded 2 times (x 73B)
Class org.jetbrains.kotlin.gradle.plugin.mpp.compilationImpl.KotlinCompilationImpl$attributes$2: loaded 2 times (x 81B)
Class org.jetbrains.kotlin.gradle.plugin.diagnostics.checkers.OverriddenKotlinNativeHomeChecker$StdlibExistenceCheckerValueSource: loaded 2 times (x 80B)
Class org.jetbrains.kotlin.gradle.plugin.StatisticsBuildFlowManager$subscribeForBuildResultAndConfigurationTimeMetrics$1$1: loaded 2 times (x 76B)
Class org.jetbrains.kotlin.gradle.plugin.statistics.BuildFinishBuildService$Parameters: loaded 2 times (x 72B)
Class org.jetbrains.kotlin.gradle.utils.IsolatedKotlinClasspathClassCastException     : loaded 2 times (x 84B)
Class com.google.common.collect.Platform                                              : loaded 2 times (x 73B)
Class org.gradle.internal.service.ServiceLocator                                      : loaded 2 times (x 72B)
Class org.codehaus.groovy.vmplugin.v9.ClassFinder                                     : loaded 2 times (x 73B)
Class org.codehaus.groovy.ast.ImportNode                                              : loaded 2 times (x 132B)
Class groovy.transform.Internal                                                       : loaded 2 times (x 72B)
Class org.codehaus.groovy.runtime.metaclass.NewStaticMetaMethod                       : loaded 2 times (x 101B)
Class org.codehaus.groovy.runtime.CurriedClosure                                      : loaded 2 times (x 134B)
Class org.codehaus.groovy.runtime.ComposedClosure                                     : loaded 2 times (x 134B)
Class org.codehaus.groovy.control.ProcessingUnit                                      : loaded 2 times (x 85B)
Class kotlin.reflect.jvm.internal.KProperty2Impl$$Lambda$0                            : loaded 2 times (x 78B)
Class kotlin.reflect.KProperty1                                                       : loaded 2 times (x 72B)
Class kotlin.reflect.KClass                                                           : loaded 2 times (x 72B)
Class kotlin.Pair                                                                     : loaded 2 times (x 74B)
Class com.android.tools.lint.model.LintModelModuleType                                : loaded 2 times (x 81B)
Class kotlin.sequences.TransformingSequence$iterator$1                                : loaded 2 times (x 81B)
Class [Lkotlin.Function;                                                              : loaded 2 times (x 71B)
Class org.jetbrains.kotlin.gradle.tasks.DefaultKotlinJavaToolchain$DefaultJavaToolchainSetter$useAsConvention$1: loaded 2 times (x 77B)
Class org.jetbrains.kotlin.gradle.plugin.KotlinCompilerArgumentsProducer$CreateCompilerArgumentsContext: loaded 2 times (x 72B)
Class org.jetbrains.kotlin.gradle.utils.GradleAttributesContainerUtilsKt$copyAttributeTo$1: loaded 2 times (x 81B)
Class org.jetbrains.kotlin.gradle.plugin.hierarchy.KotlinSourceSetTreeClassifierKt$classify$1: loaded 2 times (x 89B)
Class com.google.common.collect.SingletonImmutableBiMap                               : loaded 2 times (x 145B)
Class [Lorg.jetbrains.kotlin.konan.target.KonanTarget;                                : loaded 2 times (x 71B)
Class org.jetbrains.kotlin.gradle.plugin.diagnostics.checkers.WasmSourceSetsNotFoundChecker: loaded 2 times (x 76B)
Class org.jetbrains.kotlin.gradle.plugin.statistics.KotlinBuildStatsLoggerService$Companion: loaded 2 times (x 73B)
Class com.google.common.base.Ascii                                                    : loaded 2 times (x 73B)
Class com.google.common.cache.LocalCache$1                                            : loaded 2 times (x 91B)
Class com.google.common.collect.Iterators$SingletonIterator                           : loaded 2 times (x 83B)
Class com.google.protobuf.UnsafeUtil$1                                                : loaded 2 times (x 78B)
Class org.codehaus.groovy.ast.stmt.EmptyStatement                                     : loaded 2 times (x 112B)
Class org.codehaus.groovy.runtime.InvokerHelper$NullScript                            : loaded 2 times (x 97B)
Class org.codehaus.groovy.vmplugin.v9.Java9                                           : loaded 2 times (x 111B)
Class kotlin.sequences.GeneratorSequence$iterator$1                                   : loaded 2 times (x 81B)
Class kotlin.reflect.jvm.internal.KProperty2Impl$$Lambda$1                            : loaded 2 times (x 78B)
Class kotlin.reflect.KProperty2                                                       : loaded 2 times (x 72B)
Class kotlinx.coroutines.scheduling.GlobalQueue                                       : loaded 2 times (x 74B)
Class kotlin.io.CloseableKt                                                           : loaded 2 times (x 73B)
Class com.android.tools.lint.model.LintModelDependency                                : loaded 2 times (x 72B)
Class kotlin.collections.CollectionsKt__MutableCollectionsKt                          : loaded 2 times (x 73B)
Class com.google.common.reflect.TypeToken$SimpleTypeToken                             : loaded 2 times (x 75B)
Class com.google.common.collect.AbstractSetMultimap                                   : loaded 2 times (x 175B)
Class org.jetbrains.kotlin.gradle.plugin.KotlinCompilationWithResources               : loaded 2 times (x 72B)
Class com.google.common.collect.Sets$ImprovedAbstractSet                              : loaded 2 times (x 137B)
Class com.google.common.collect.ImmutableList$Builder                                 : loaded 2 times (x 79B)
Class org.jetbrains.kotlin.gradle.plugin.diagnostics.checkers.OverriddenKotlinNativeHomeChecker$StdlibExistenceCheckerValueSource$Inject_: loaded 2 times (x 111B)
Class org.jetbrains.kotlin.gradle.plugin.KotlinTargetPreset                           : loaded 2 times (x 72B)
Class org.jetbrains.kotlin.gradle.plugin.diagnostics.checkers.KotlinTargetAlreadyDeclaredChecker: loaded 2 times (x 76B)
Class org.jetbrains.kotlin.gradle.plugin.mpp.compilationImpl.KotlinCompilationProcessorSideEffectKt: loaded 2 times (x 73B)
Class org.jetbrains.kotlin.gradle.utils.FileUtilsKt$localProperties$1                 : loaded 2 times (x 77B)
Class org.jetbrains.kotlin.gradle.dsl.HasConfigurableKotlinCompilerOptions            : loaded 2 times (x 72B)
Class com.google.common.collect.AbstractMultimap                                      : loaded 2 times (x 125B)
Class com.google.common.cache.LocalCache$2                                            : loaded 2 times (x 144B)
Class [Lorg.codehaus.groovy.reflection.CachedConstructor;                             : loaded 2 times (x 71B)
Class org.codehaus.groovy.ast.expr.Expression                                         : loaded 2 times (x 129B)
Class org.codehaus.groovy.util.ManagedReference$1                                     : loaded 2 times (x 78B)
Class org.codehaus.groovy.util.ReferenceType                                          : loaded 2 times (x 82B)
Class it.unimi.dsi.fastutil.objects.Object2IntFunction                                : loaded 2 times (x 72B)
Class [Lcom.android.resources.ResourceType$Kind;                                      : loaded 2 times (x 71B)
Class it.unimi.dsi.fastutil.ints.IntSpliterator                                       : loaded 2 times (x 72B)
Class kotlin.reflect.jvm.internal.impl.utils.CollectionsKt                            : loaded 2 times (x 73B)
Class kotlin.reflect.jvm.internal.CacheByClass                                        : loaded 2 times (x 75B)
Class kotlin.coroutines.CoroutineContext$Element                                      : loaded 2 times (x 72B)
Class com.google.protobuf.GeneratedMessageV3$Builder$BuilderParentImpl                : loaded 2 times (x 80B)
Class kotlin.io.FilesKt__FilePathComponentsKt                                         : loaded 2 times (x 73B)
Class kotlin.reflect.KCallable                                                        : loaded 2 times (x 72B)
Class org.jetbrains.kotlin.gradle.tasks.configuration.AbstractKotlinCompileConfig$2$1 : loaded 2 times (x 81B)
Class org.jetbrains.kotlin.gradle.tasks.DefaultKotlinJavaToolchain_Decorated          : loaded 2 times (x 124B)
Class org.jetbrains.kotlin.gradle.plugin.statistics.KotlinProjectConfigurationMetrics : loaded 2 times (x 73B)
Class org.jetbrains.kotlin.gradle.plugin.KotlinCompilationInfo$TCS                    : loaded 2 times (x 91B)
Class com.google.common.collect.ImmutableRangeSet$1                                   : loaded 2 times (x 212B)
Class org.jetbrains.kotlin.gradle.plugin.mpp.HasBinaries                              : loaded 2 times (x 72B)
Class org.jetbrains.kotlin.gradle.dsl.KotlinCommonOptions                             : loaded 2 times (x 72B)
Class org.jetbrains.kotlin.gradle.plugin.diagnostics.checkers.KmpPartiallyResolvedDependenciesChecker: loaded 2 times (x 76B)
Class org.jetbrains.kotlin.gradle.plugin.mpp.compilationImpl.KotlinCreateSourcesJarTaskSideEffectKt: loaded 2 times (x 73B)
Class org.jetbrains.kotlin.gradle.dsl.KotlinJvmProjectExtension                       : loaded 2 times (x 155B)
Class org.jetbrains.kotlin.gradle.plugin.KotlinGradlePluginExtensionPointInternalKt   : loaded 2 times (x 73B)
Class org.jetbrains.kotlin.gradle.targets.native.toolchain.UsesKotlinNativeBundleBuildService: loaded 2 times (x 72B)
Class org.jetbrains.kotlin.gradle.plugin.KotlinCompilerArgumentsProducer              : loaded 2 times (x 72B)
Class org.jetbrains.kotlin.build.report.metrics.ValueType                             : loaded 2 times (x 81B)
Class androidx.fragment.lint.FragmentTagDetector                                      : loaded 2 times (x 156B)
Class com.google.protobuf.Descriptors$FieldDescriptor                                 : loaded 2 times (x 90B)
Class org.jetbrains.kotlin.gradle.internal.properties.PropertiesBuildService$IntGradleProperty: loaded 2 times (x 78B)
Class org.codehaus.groovy.ast.expr.TernaryExpression                                  : loaded 2 times (x 132B)
Class groovy.lang.MetaClassRegistryChangeEvent                                        : loaded 2 times (x 81B)
Class org.codehaus.groovy.vmplugin.v8.PluginDefaultGroovyMethods                      : loaded 2 times (x 73B)
Class kotlin.collections.AbstractIterator                                             : loaded 2 times (x 85B)
Class kotlin.io.LinesSequence$iterator$1                                              : loaded 2 times (x 81B)
Class com.android.tools.lint.model.LintModelSeverity                                  : loaded 2 times (x 81B)
Class kotlin.text.CharsKt                                                             : loaded 2 times (x 73B)
Class com.android.io.CancellableFileIo                                                : loaded 2 times (x 73B)
Class org.jetbrains.kotlin.build.report.metrics.BuildTimes$Companion                  : loaded 2 times (x 73B)
Class org.jetbrains.kotlin.gradle.internal.tasks.ProducesKlib                         : loaded 2 times (x 72B)
Class org.jetbrains.kotlin.gradle.tasks.configuration.BaseKotlinCompileConfig$1$classpathConfiguration$1: loaded 2 times (x 77B)
Class org.jetbrains.kotlin.gradle.targets.js.npm.NpmDependencyExtensionDelegate       : loaded 2 times (x 162B)
Class org.jetbrains.kotlin.gradle.plugin.sources.FragmentConsistencyChecker           : loaded 2 times (x 74B)
Class org.jetbrains.kotlin.gradle.dsl.DefaultToolchainSupport_Decorated               : loaded 2 times (x 122B)
Class org.jetbrains.kotlin.gradle.internal.properties.NativePropertiesLoader$jvmArgs$1: loaded 2 times (x 77B)
Class org.jetbrains.kotlin.gradle.report.BuildMetricsService$Companion                : loaded 2 times (x 73B)
Class org.jetbrains.kotlin.gradle.tasks.KotlinCompileTool                             : loaded 2 times (x 72B)
Class org.jetbrains.kotlin.gradle.plugin.VariantImplementationFactories$Parameters_Decorated: loaded 2 times (x 132B)
Class org.jetbrains.kotlin.gradle.plugin.statistics.BuildFinishBuildService$Parameters_Decorated: loaded 2 times (x 144B)
Class org.jetbrains.kotlin.gradle.plugin.PropertiesProvider$PropertyNames             : loaded 2 times (x 73B)
Class org.jetbrains.kotlin.gradle.utils.SingleAction$PerformedActions                 : loaded 2 times (x 74B)
Class org.jetbrains.kotlin.gradle.utils.GradleUtilsKt                                 : loaded 2 times (x 73B)
Class org.jetbrains.kotlin.gradle.plugin.HasProject                                   : loaded 2 times (x 72B)
Class com.google.common.util.concurrent.AbstractFuture$Trusted                        : loaded 2 times (x 72B)
Class com.google.common.collect.Iterators                                             : loaded 2 times (x 73B)
Class com.google.protobuf.Internal$EnumLite                                           : loaded 2 times (x 72B)
Class org.codehaus.groovy.ast.stmt.ThrowStatement                                     : loaded 2 times (x 114B)
Class groovy.lang.MetaArrayLengthProperty                                             : loaded 2 times (x 79B)
Class org.codehaus.groovy.runtime.EncodingGroovyMethods                               : loaded 2 times (x 73B)
Class org.codehaus.groovy.util.ComplexKeyHashMap$EntryIterator                        : loaded 2 times (x 72B)
Class kotlin.reflect.jvm.internal.KMutableProperty1Impl                               : loaded 2 times (x 137B)
Class kotlin.reflect.jvm.internal.impl.builtins.functions.FunctionTypeKind$SuspendFunction: loaded 2 times (x 74B)
Class kotlin.jvm.internal.PropertyReference2Impl                                      : loaded 2 times (x 129B)
Class kotlin.coroutines.ContinuationInterceptor$Key                                   : loaded 2 times (x 73B)
Class kotlin.text.DelimitedRangesSequence$iterator$1                                  : loaded 2 times (x 81B)
Class it.unimi.dsi.fastutil.Function                                                  : loaded 2 times (x 72B)
Class com.android.tools.lint.model.DefaultLintModelLibraryResolver                    : loaded 2 times (x 78B)
Class org.jetbrains.kotlin.gradle.plugin.statistics.FlowActionBuildFusService$Companion$registerIfAbsentImpl$1: loaded 2 times (x 77B)
Class build_9x20xqzvl5fkxckwce03ag6jf                                                 : loaded 2 times (x 174B)
Class com.google.common.io.ByteSink$AsCharSink                                        : loaded 2 times (x 82B)
Class com.google.common.collect.ExplicitOrdering                                      : loaded 2 times (x 117B)
Class org.jetbrains.kotlin.gradle.tasks.configuration.AbstractKotlinCompileConfig$2$3 : loaded 2 times (x 77B)
Class org.jetbrains.kotlin.gradle.tasks.configuration.BaseKotlinCompileConfig         : loaded 2 times (x 74B)
Class org.jetbrains.kotlin.gradle.plugin.mpp.compilationImpl.factory.KotlinCompilationImplFactory$KotlinCompilationTaskNamesContainerFactory: loaded 2 times (x 72B)
Class org.jetbrains.kotlin.tooling.core.KotlinToolingVersion                          : loaded 2 times (x 77B)
Class org.jetbrains.kotlin.gradle.internal.KotlinDependenciesManagementKt$CustomizeKotlinDependenciesSetupAction$1$coreLibrariesVersion$1: loaded 2 times (x 81B)
Class org.jetbrains.kotlin.gradle.plugin.diagnostics.checkers.AndroidPublicationNotConfiguredChecker$runChecks$1: loaded 2 times (x 89B)
Class org.jetbrains.kotlin.gradle.plugin.diagnostics.checkers.CInteropInputChecker$runChecks$1: loaded 2 times (x 89B)
Class org.jetbrains.kotlin.gradle.ExperimentalKotlinGradlePluginApi                   : loaded 2 times (x 72B)
Class org.jetbrains.kotlin.gradle.plugin.diagnostics.ToolingDiagnosticRenderingOptionsKt$isAttachedToTerminal$1: loaded 2 times (x 76B)
Class org.jetbrains.kotlin.gradle.internal.properties.NativePropertiesLoader          : loaded 2 times (x 85B)
Class org.jetbrains.kotlin.gradle.plugin.KotlinGradleBuildServices$Parameters$Inject_ : loaded 2 times (x 108B)
Class org.jetbrains.kotlin.statistics.metrics.NumberAnonymizationPolicy$SAFE          : loaded 2 times (x 87B)
Class org.jetbrains.kotlin.gradle.plugin.statistics.BuildFusService                   : loaded 2 times (x 86B)
Class org.jetbrains.kotlin.gradle.dsl.KotlinAndroidProjectExtension                   : loaded 2 times (x 148B)
Class com.google.common.util.concurrent.UncheckedExecutionException                   : loaded 2 times (x 84B)
Class androidx.fragment.lint.UseGetLayoutInflater$Issues                              : loaded 2 times (x 73B)
Class kotlin.jvm.internal.Ref$IntRef                                                  : loaded 2 times (x 73B)
Class groovy.lang.MissingMethodException                                              : loaded 2 times (x 93B)
Class com.android.tools.lint.model.LintModelModuleLoader                              : loaded 2 times (x 72B)
Class org.jetbrains.kotlin.gradle.tasks.configuration.AbstractKotlinCompileConfig$2$4 : loaded 2 times (x 77B)
Class org.jetbrains.kotlin.gradle.tasks.KotlinCompile$scriptSources$1                 : loaded 2 times (x 77B)
Class org.jetbrains.kotlin.build.report.metrics.BuildAttribute$Companion              : loaded 2 times (x 73B)
Class org.jetbrains.kotlin.gradle.plugin.diagnostics.checkers.CInteropInputChecker$runChecks$2: loaded 2 times (x 77B)
Class org.jetbrains.kotlin.gradle.tasks.configuration.KaptGenerateStubsConfig$Companion: loaded 2 times (x 73B)
Class org.jetbrains.kotlin.gradle.internal.KotlinTestDependencyManagementKt$maybeAddTestDependencyCapability$1: loaded 2 times (x 77B)
Class org.jetbrains.kotlin.gradle.plugin.diagnostics.CheckKotlinGradlePluginConfigurationErrorsKt: loaded 2 times (x 73B)
Class org.jetbrains.kotlin.gradle.targets.js.npm.NpmDependencyExtensionKt$AddNpmDependencyExtensionProjectSetupAction$1$WhenMappings: loaded 2 times (x 73B)
Class org.jetbrains.kotlin.gradle.plugin.mpp.KotlinJvmAndroidCompilation              : loaded 2 times (x 199B)
Class org.jetbrains.kotlin.gradle.targets.CreateDefaultCompilationsSideEffectKt$CreateDefaultCompilationsSideEffect$1: loaded 2 times (x 76B)
Class org.jetbrains.kotlin.gradle.targets.native.internal.AddKotlinPlatformIntegersSupportLibraryKt$AddKotlinPlatformIntegersSupportLibrary$1: loaded 2 times (x 97B)
Class org.jetbrains.kotlin.gradle.plugin.mpp.ApplyUserDefinedAttributesKt             : loaded 2 times (x 73B)
Class org.jetbrains.kotlin.gradle.utils.FutureImpl                                    : loaded 2 times (x 82B)
Class org.jetbrains.kotlin.gradle.dsl.abi.AbiValidationLegacyDumpExtension            : loaded 2 times (x 72B)
Class org.jetbrains.kotlin.gradle.plugin.diagnostics.IsAttachedToTerminalValueSource$Inject_: loaded 2 times (x 102B)
Class org.jetbrains.kotlin.gradle.plugin.diagnostics.ToolingDiagnosticRenderingOptionsKt$isAttachedToTerminal$2: loaded 2 times (x 76B)
Class org.jetbrains.kotlin.gradle.internal.properties.NativePropertiesLoader$isToolchainEnabled$1: loaded 2 times (x 77B)
Class [Lorg.jetbrains.kotlin.statistics.metrics.NumericalMetrics;                     : loaded 2 times (x 71B)
Class androidx.activity.lint.ActivityResultFragmentVersionDetector                    : loaded 2 times (x 183B)
Class com.google.protobuf.UnsafeUtil$Android32MemoryAccessor                          : loaded 2 times (x 93B)
Class com.google.protobuf.Extension$ExtensionType                                     : loaded 2 times (x 81B)
Class com.google.protobuf.AbstractMessageLite$Builder$LimitedInputStream              : loaded 2 times (x 94B)
Class org.codehaus.groovy.runtime.memoize.EvictableCache                              : loaded 2 times (x 72B)
Class org.codehaus.groovy.ast.stmt.ReturnStatement                                    : loaded 2 times (x 115B)
Class it.unimi.dsi.fastutil.ints.IntArraySet                                          : loaded 2 times (x 237B)
Class kotlin.time.DurationUnitKt__DurationUnitJvmKt                                   : loaded 2 times (x 73B)
Class kotlin.reflect.jvm.internal.ReflectionFactoryImpl                               : loaded 2 times (x 93B)
Class com.android.ide.common.gradle.Separator                                         : loaded 2 times (x 81B)
Class com.android.tools.lint.model.LintModelSourceProvider                            : loaded 2 times (x 72B)
Class kotlin.collections.MapsKt__MapsJVMKt                                            : loaded 2 times (x 73B)
Class kotlin.collections.EmptyList                                                    : loaded 2 times (x 176B)
Class [Lcom.android.prefs.VariableValue;                                              : loaded 2 times (x 71B)
Class kotlin.collections.ArraysKt___ArraysKt$asSequence$$inlined$Sequence$1           : loaded 2 times (x 77B)
Class com.android.tools.lint.model.PathVariables$Companion                            : loaded 2 times (x 73B)
Class org.jetbrains.kotlin.gradle.plugin.mpp.KotlinUsages$KotlinMetadataDisambiguation: loaded 2 times (x 78B)
Class com.android.manifmerger.ManifestMerger2$MergeFailureException                   : loaded 2 times (x 84B)
Class com.google.common.collect.HashMultimapGwtSerializationDependencies              : loaded 2 times (x 175B)
Class org.jetbrains.kotlin.gradle.tasks.CompileUsingKotlinDaemonWithNormalization     : loaded 2 times (x 72B)
Class org.jetbrains.kotlin.gradle.plugin.mpp.compilationImpl.factory.KotlinCompilationImplFactory$PostConfigure$Companion: loaded 2 times (x 73B)
Class com.google.common.collect.AbstractMapBasedMultimap$KeySet$1                     : loaded 2 times (x 84B)
Class org.jetbrains.kotlin.gradle.internal.KotlinDomApiDependencyManagementKt$configureKotlinDomApiDefaultDependency$1: loaded 2 times (x 81B)
Class org.jetbrains.kotlin.gradle.targets.js.npm.DefaultDevNpmDependencyExtension     : loaded 2 times (x 146B)
Class [Lorg.jetbrains.kotlin.gradle.plugin.HasKotlinDependencies;                     : loaded 2 times (x 71B)
Class org.jetbrains.kotlin.gradle.tasks.DefaultKotlinJavaToolchain$Companion$wireJvmTargetToToolchain$1: loaded 2 times (x 77B)
Class org.jetbrains.kotlin.gradle.plugin.diagnostics.checkers.JsLikeEnvironmentChecker: loaded 2 times (x 78B)
Class org.jetbrains.kotlin.gradle.plugin.KotlinPlatformType                           : loaded 2 times (x 84B)
Class org.jetbrains.kotlin.gradle.plugin.KotlinGradleBuildServices$Companion          : loaded 2 times (x 73B)
Class org.jetbrains.kotlin.gradle.internal.properties.PropertiesBuildServiceKt        : loaded 2 times (x 73B)
Class org.objectweb.asm.ClassWriter                                                   : loaded 2 times (x 107B)
Class com.google.common.cache.CacheLoader$UnsupportedLoadingOperationException        : loaded 2 times (x 84B)
Class org.gradle.internal.classloader.ClasspathUtil$1                                 : loaded 2 times (x 78B)
Class groovyjarjarasm.asm.ClassVisitor                                                : loaded 2 times (x 90B)
Class groovy.lang.MetaClassImpl$MethodIndexAction                                     : loaded 2 times (x 77B)
Class org.codehaus.groovy.runtime.GroovyCategorySupport$CategoryMethod                : loaded 2 times (x 105B)
Class org.codehaus.groovy.runtime.dgmimpl.arrays.DoubleArrayPutAtMetaMethod           : loaded 2 times (x 99B)
Class org.jetbrains.kotlin.gradle.plugin.mpp.compilationImpl.KotlinCompilationSideEffect$Companion: loaded 2 times (x 73B)
Class org.jetbrains.kotlin.gradle.artifacts.KotlinNativeHostSpecificMetadataArtifactKt$KotlinNativeHostSpecificMetadataArtifact$1: loaded 2 times (x 76B)
Class kotlin.collections.builders.ListBuilderKt                                       : loaded 2 times (x 73B)
Class kotlin.reflect.jvm.internal.impl.builtins.StandardNames$FqNames                 : loaded 2 times (x 73B)
Class it.unimi.dsi.fastutil.objects.ObjectOpenHashSet                                 : loaded 2 times (x 189B)
Class kotlin.coroutines.ContinuationKt                                                : loaded 2 times (x 73B)
Class kotlinx.coroutines.JobSupport                                                   : loaded 2 times (x 134B)
Class com.android.tools.lint.model.LintModelDependencyGraph                           : loaded 2 times (x 72B)
Class org.jetbrains.kotlin.konan.target.KonanTarget$ANDROID_ARM64                     : loaded 2 times (x 80B)
Class com.google.common.base.Objects                                                  : loaded 2 times (x 73B)
Class com.google.common.collect.AbstractMapBasedMultimap$Itr                          : loaded 2 times (x 85B)
Class org.jetbrains.kotlin.gradle.dsl.KotlinJvmCompilerOptionsHelper                  : loaded 2 times (x 73B)
Class org.jetbrains.kotlin.gradle.tasks.DefaultKotlinJavaToolchain$Companion$wireJvmTargetToToolchain$2: loaded 2 times (x 77B)
Class org.jetbrains.kotlin.gradle.plugin.ProjectLocalConfigurations$ProjectLocalDisambiguation: loaded 2 times (x 78B)
Class org.jetbrains.kotlin.gradle.plugin.diagnostics.ToolingDiagnosticRenderingOptions$Companion: loaded 2 times (x 73B)
Class org.jetbrains.kotlin.gradle.plugin.diagnostics.DiagnosticGroup$KotlinDiagnosticGroup: loaded 2 times (x 83B)
Class org.jetbrains.kotlin.gradle.internal.properties.PropertiesBuildService$NullableStringGradleProperty: loaded 2 times (x 78B)
Class org.jetbrains.kotlin.gradle.targets.native.KonanPropertiesBuildService          : loaded 2 times (x 78B)
Class org.jetbrains.kotlin.gradle.plugin.KotlinGradleBuildServices$detectKotlinPluginLoadedInMultipleProjects$onRegister$1$1: loaded 2 times (x 77B)
Class org.jetbrains.kotlin.gradle.internal.properties.PropertiesBuildService$Inject_  : loaded 2 times (x 98B)
Class org.jetbrains.kotlin.gradle.plugin.internal.ConfigurationCacheStartParameterAccessor$Factory: loaded 2 times (x 72B)
Class org.objectweb.asm.FieldVisitor                                                  : loaded 2 times (x 79B)
Class org.gradle.api.internal.classpath.DefaultModuleRegistry$DefaultModule           : loaded 2 times (x 88B)
Class com.google.protobuf.CodedInputStream$IterableDirectByteBufferDecoder            : loaded 2 times (x 121B)
Class com.google.protobuf.Internal$DoubleList                                         : loaded 2 times (x 72B)
Class org.codehaus.groovy.classgen.BytecodeExpression                                 : loaded 2 times (x 130B)
Class groovy.lang.Reference                                                           : loaded 2 times (x 88B)
Class org.codehaus.groovy.ast.PropertyNode                                            : loaded 2 times (x 156B)
Class org.apache.groovy.io.StringBuilderWriter                                        : loaded 2 times (x 102B)
Class org.codehaus.groovy.reflection.stdclasses.ObjectCachedClass                     : loaded 2 times (x 97B)
Class org.codehaus.groovy.ast.GroovyCodeVisitor                                       : loaded 2 times (x 72B)
Class kotlin.reflect.jvm.internal.ClassValueCache                                     : loaded 2 times (x 76B)
Class kotlin.ResultKt                                                                 : loaded 2 times (x 73B)
Class org.jetbrains.kotlin.gradle.plugin.mpp.compilationImpl.KotlinCompilationFriendPathsResolver: loaded 2 times (x 72B)
Class com.android.tools.lint.model.DefaultLintModelDependencies                       : loaded 2 times (x 80B)
Class com.android.ide.common.repository.AgpVersion                                    : loaded 2 times (x 77B)
Class com.google.common.collect.NullsFirstOrdering                                    : loaded 2 times (x 117B)
Class org.jetbrains.kotlin.gradle.plugin.diagnostics.CheckKotlinGradlePluginConfigurationErrors_Decorated: loaded 2 times (x 365B)
Class org.jetbrains.kotlin.gradle.plugin.mpp.compilationImpl.KotlinCompilationSourceSetInclusion$DefaultAddSourcesToCompileTask$addSources$1: loaded 2 times (x 81B)
Class org.jetbrains.kotlin.gradle.plugin.diagnostics.checkers.WasmSourceSetsNotFoundChecker$wasmSourceSetRegex$2: loaded 2 times (x 80B)
Class org.jetbrains.kotlin.gradle.plugin.mpp.compilationImpl.KotlinCompilationSideEffect: loaded 2 times (x 72B)
Class org.jetbrains.kotlin.gradle.plugin.KotlinGradlePluginExtensionPoint             : loaded 2 times (x 72B)
Class org.jetbrains.kotlin.tooling.core.ExtrasUtilsKt                                 : loaded 2 times (x 73B)
Class org.jetbrains.kotlin.buildtools.api.ExperimentalBuildToolsApi                   : loaded 2 times (x 72B)
Class org.jetbrains.kotlin.gradle.plugin.diagnostics.KotlinToolingDiagnosticsCollector$Inject_: loaded 2 times (x 98B)
Class org.jetbrains.kotlin.gradle.targets.native.KonanPropertiesBuildService$Companion$registerIfAbsent$2$1$1: loaded 2 times (x 77B)
Class org.jetbrains.kotlin.gradle.utils.ResourceUtilsKt                               : loaded 2 times (x 73B)
Class org.jetbrains.kotlin.gradle.plugin.KotlinPluginWrapperKt$kotlinPluginVersionFromResources$1: loaded 2 times (x 80B)
Class com.google.common.collect.AbstractIterator                                      : loaded 2 times (x 84B)
Class androidx.fragment.lint.FragmentIssueRegistry                                    : loaded 2 times (x 84B)
Class org.codehaus.groovy.ast.tools.GeneralUtils                                      : loaded 2 times (x 73B)
Class kotlin.collections.IndexingIterable                                             : loaded 2 times (x 81B)
Class org.codehaus.groovy.runtime.dgmimpl.arrays.BooleanArrayGetAtMetaMethod          : loaded 2 times (x 99B)
Class org.jetbrains.kotlin.gradle.tasks.configuration.AbstractKotlinCompileConfig$1   : loaded 2 times (x 81B)
Class org.jetbrains.kotlin.gradle.plugin.sources.KotlinDependencyScope                : loaded 2 times (x 81B)
Class com.android.utils.SdkUtils                                                      : loaded 2 times (x 73B)
Class kotlin.reflect.jvm.internal.KProperty2Impl                                      : loaded 2 times (x 130B)
Class kotlin.Result$Failure                                                           : loaded 2 times (x 74B)
Class kotlinx.coroutines.ExecutorCoroutineDispatcher                                  : loaded 2 times (x 110B)
Class org.jetbrains.kotlin.gradle.plugin.mpp.KotlinMetadataCompilation                : loaded 2 times (x 72B)
Class kotlin.collections.ArraysKt__ArraysKt                                           : loaded 2 times (x 73B)
Class org.jetbrains.kotlin.gradle.tasks.UsesKotlinJavaToolchain$DefaultImpls          : loaded 2 times (x 73B)
Class org.jetbrains.kotlin.build.report.metrics.BuildAttributeKind$Companion          : loaded 2 times (x 73B)
Class org.jetbrains.kotlin.gradle.plugin.mpp.KotlinTargetSoftwareComponentImplKt$KotlinTargetSoftwareComponent$1$1$1: loaded 2 times (x 77B)
Class org.jetbrains.kotlin.gradle.tasks.configuration.KaptGenerateStubsConfig$Companion$configureLibraries$1: loaded 2 times (x 81B)
Class org.jetbrains.kotlin.gradle.plugin.mpp.compilationImpl.KotlinCompilationSourceSetInclusion$DefaultAddSourcesToCompileTask$addSources$2: loaded 2 times (x 81B)
Class org.jetbrains.kotlin.gradle.tasks.AbstractKotlinCompile                         : loaded 2 times (x 461B)
Class org.jetbrains.kotlin.gradle.plugin.KotlinCompilationOutput                      : loaded 2 times (x 72B)
Class org.jetbrains.kotlin.gradle.plugin.diagnostics.CheckKotlinGradlePluginConfigurationErrorsKt$addDependsOnFromTasksThatShouldFailWhenErrorsReported$1: loaded 2 times (x 77B)
Class org.jetbrains.kotlin.konan.target.KonanTarget$TVOS_X64                          : loaded 2 times (x 80B)
Class org.jetbrains.kotlin.gradle.plugin.diagnostics.KotlinToolingDiagnosticsSetupActionKt: loaded 2 times (x 73B)
Class org.jetbrains.kotlin.gradle.targets.native.KonanPropertiesBuildService$Parameters_Decorated: loaded 2 times (x 132B)
Class org.jetbrains.kotlin.gradle.plugin.KotlinPluginWrapperKt$kotlinPluginVersionFromResources$1$1: loaded 2 times (x 73B)
Class com.google.common.collect.Multiset                                              : loaded 2 times (x 72B)
Class com.google.common.collect.ArrayListMultimapGwtSerializationDependencies         : loaded 2 times (x 173B)
Class com.google.protobuf.Internal$ProtobufList                                       : loaded 2 times (x 72B)
Class groovy.lang.ClosureInvokingMethod                                               : loaded 2 times (x 72B)
Class org.codehaus.groovy.reflection.CachedConstructor                                : loaded 2 times (x 90B)
Class org.codehaus.groovy.runtime.dgmimpl.arrays.ByteArrayPutAtMetaMethod             : loaded 2 times (x 99B)
Class org.codehaus.groovy.util.ReferenceType$HardRef                                  : loaded 2 times (x 82B)
Class com.android.utils.PositionXmlParser$AbstractParserPool                          : loaded 2 times (x 72B)
Class org.jetbrains.kotlin.gradle.utils.FutureKt$future$1                             : loaded 2 times (x 97B)
Class it.unimi.dsi.fastutil.ints.IntArrays$ForkJoinQuickSort2                         : loaded 2 times (x 97B)
Class it.unimi.dsi.fastutil.objects.ObjectBidirectionalIterator                       : loaded 2 times (x 72B)
Class kotlin.reflect.jvm.internal.impl.builtins.jvm.JavaToKotlinClassMap              : loaded 2 times (x 73B)
Class kotlin.reflect.jvm.internal.KotlinReflectionInternalError                       : loaded 2 times (x 84B)
Class kotlinx.coroutines.Job                                                          : loaded 2 times (x 72B)
Class com.android.tools.lint.model.DefaultLintModelVariant$artifact$2                 : loaded 2 times (x 81B)
Class kotlin.collections.SetsKt__SetsJVMKt                                            : loaded 2 times (x 73B)
Class com.android.tools.lint.model.LintModelMavenName$Companion                       : loaded 2 times (x 73B)
Class kotlin.Function                                                                 : loaded 2 times (x 72B)
Class org.jetbrains.kotlin.gradle.plugin.attributes.KlibPackaging$Companion           : loaded 2 times (x 73B)
Class org.jetbrains.kotlin.tooling.core.Extras$Entry                                  : loaded 2 times (x 74B)
Class org.jetbrains.kotlin.gradle.plugin.sources.InternalKotlinSourceSetKt            : loaded 2 times (x 73B)
Class org.jetbrains.kotlin.gradle.utils.WhenEvaluatedKt$whenEvaluated$3               : loaded 2 times (x 81B)
Class org.jetbrains.kotlin.gradle.internal.Kapt3GradleSubplugin$Kapt3SubpluginContext : loaded 2 times (x 74B)
Class org.jetbrains.kotlin.gradle.artifacts.KotlinTargetArtifact                      : loaded 2 times (x 72B)
Class org.jetbrains.kotlin.gradle.dsl.KotlinJvmCompilerOptionsDefault_Decorated       : loaded 2 times (x 165B)
Class org.jetbrains.kotlin.gradle.plugin.HasKotlinDependencies                        : loaded 2 times (x 72B)
Class org.jetbrains.kotlin.gradle.internal.ClassLoadersCachingBuildService$Parameters_Decorated: loaded 2 times (x 132B)
Class org.jetbrains.kotlin.gradle.targets.native.toolchain.KotlinNativeBundleBuildService$Companion: loaded 2 times (x 73B)
Class org.jetbrains.kotlin.gradle.plugin.StatisticsBuildFlowManager$subscribeForBuildResultAndConfigurationTimeMetrics$1: loaded 2 times (x 77B)
Class org.jetbrains.kotlin.gradle.plugin.statistics.MetricContainer                   : loaded 2 times (x 74B)
Class org.jetbrains.kotlin.gradle.plugin.statistics.old.Pre232IdeaKotlinBuildStatsMXBean: loaded 2 times (x 72B)
Class org.jetbrains.kotlin.gradle.plugin.statistics.KotlinBuildStatsServicesRegistry  : loaded 2 times (x 80B)
Class org.jetbrains.kotlin.gradle.plugin.BuildEventsListenerRegistryHolder_Decorated  : loaded 2 times (x 117B)
Class org.jetbrains.kotlin.gradle.plugin.VariantImplementationFactoriesConfigurator   : loaded 2 times (x 78B)
Class org.gradle.api.internal.classpath.Module                                        : loaded 2 times (x 72B)
Class androidx.fragment.lint.UnsafeRepeatOnLifecycleDetector$Companion                : loaded 2 times (x 73B)
Class com.google.protobuf.ExtensionRegistry$ExtensionInfo                             : loaded 2 times (x 74B)
Class kotlin.sequences.DropSequence$iterator$1                                        : loaded 2 times (x 81B)
Class it.unimi.dsi.fastutil.objects.ObjectOpenHashSet$SetIterator                     : loaded 2 times (x 84B)
Class org.codehaus.groovy.runtime.GroovyCategorySupport$MyThreadLocal                 : loaded 2 times (x 87B)
Class groovy.lang.TrampolineClosure                                                   : loaded 2 times (x 134B)
Class org.codehaus.groovy.runtime.memoize.MemoizeCache                                : loaded 2 times (x 72B)
Class kotlin.KotlinVersion                                                            : loaded 2 times (x 76B)
Class com.android.utils.PositionXmlParser$ReleasableParserContainer                   : loaded 2 times (x 78B)
Class it.unimi.dsi.fastutil.ints.IntOpenHashSet                                       : loaded 2 times (x 241B)
Class kotlin.reflect.jvm.internal.KClassImpl$Data$$Lambda$0                           : loaded 2 times (x 78B)
Class kotlin.reflect.jvm.internal.KClassifierImpl                                     : loaded 2 times (x 72B)
Class kotlin.reflect.KMutableProperty                                                 : loaded 2 times (x 72B)
Class kotlinx.coroutines.internal.DispatchedContinuationKt                            : loaded 2 times (x 73B)
Class kotlin.internal.ProgressionUtilKt                                               : loaded 2 times (x 73B)
Class kotlin.collections.CharIterator                                                 : loaded 2 times (x 84B)
Class org.jetbrains.kotlin.gradle.tasks.DefaultKotlinJavaToolchain$getToolsJarFromJvm$1$1: loaded 2 times (x 81B)
Class org.jetbrains.kotlin.gradle.tasks.KotlinCompile$ClasspathSnapshotProperties_Decorated: loaded 2 times (x 131B)
Class org.jetbrains.kotlin.gradle.plugin.mpp.compilationImpl.KotlinCompilationSourceSetInclusion$Companion$includedSourceSets$2: loaded 2 times (x 80B)
Class org.jetbrains.kotlin.gradle.utils.WhenEvaluatedKt$whenEvaluated$4               : loaded 2 times (x 77B)
Class org.jetbrains.kotlin.gradle.plugin.diagnostics.KotlinToolingDiagnosticsSetupActionKt$KotlinToolingDiagnosticsSetupAction$1$1: loaded 2 times (x 77B)
Class org.jetbrains.kotlin.gradle.targets.js.npm.NpmDirectoryDependencyWithExternalsExtension: loaded 2 times (x 72B)
Class org.jetbrains.kotlin.gradle.plugin.KotlinProjectSetupAction                     : loaded 2 times (x 72B)
Class org.jetbrains.kotlin.gradle.plugin.KotlinGradleFinishBuildHandler$Companion     : loaded 2 times (x 73B)
Class org.jetbrains.kotlin.gradle.internal.IsInIdeaSyncValueSource                    : loaded 2 times (x 80B)
Class com.google.common.cache.Weigher                                                 : loaded 2 times (x 72B)
Class org.gradle.api.internal.classpath.UnknownModuleException                        : loaded 2 times (x 84B)
Class androidx.lifecycle.lint.LiveDataCoreIssueRegistry                               : loaded 2 times (x 84B)
Class [Lorg.codehaus.groovy.ast.NodeMetaDataHandler;                                  : loaded 2 times (x 71B)
Class org.codehaus.groovy.runtime.dgmimpl.arrays.IntegerArrayPutAtMetaMethod          : loaded 2 times (x 99B)
Class org.codehaus.groovy.ast.expr.ListExpression                                     : loaded 2 times (x 134B)
Class [Lorg.codehaus.groovy.reflection.CachedClass;                                   : loaded 2 times (x 71B)
Class org.codehaus.groovy.util.LazyReference                                          : loaded 2 times (x 83B)
Class kotlin.sequences.DistinctIterator                                               : loaded 2 times (x 85B)
Class kotlin.reflect.jvm.internal.KClassImpl$Data$$Lambda$1                           : loaded 2 times (x 78B)
Class kotlin.reflect.jvm.internal.impl.name.FqNameUnsafe$Companion                    : loaded 2 times (x 73B)
Class kotlin.jvm.internal.PropertyReference                                           : loaded 2 times (x 117B)
Class kotlinx.coroutines.internal.LockFreeTaskQueueCore                               : loaded 2 times (x 74B)
Class com.android.prefs.VariableValue                                                 : loaded 2 times (x 84B)
Class com.android.prefs.AbstractAndroidLocations$Companion                            : loaded 2 times (x 73B)
Class org.jetbrains.kotlin.gradle.plugin.mpp.InternalKotlinTargetComponentKt          : loaded 2 times (x 73B)
Class org.jetbrains.kotlin.gradle.plugin.mpp.InternalKotlinTarget$DefaultImpls        : loaded 2 times (x 73B)
Class org.jetbrains.kotlin.gradle.plugin.statistics.KotlinBuildStatisticsUtilsKt$collectAppliedPluginsStatistics$1: loaded 2 times (x 77B)
Class org.jetbrains.kotlin.gradle.plugin.KotlinPluginLifecycleImpl$executeCurrentStageAndScheduleNext$3: loaded 2 times (x 77B)
Class org.jetbrains.kotlin.gradle.plugin.mpp.compilationImpl.KotlinCompilationRegisterInSourceSetsConfigurator$configure$1: loaded 2 times (x 81B)
Class org.jetbrains.kotlin.gradle.plugin.diagnostics.KotlinToolingDiagnosticsSetupActionKt$KotlinToolingDiagnosticsSetupAction$1$2: loaded 2 times (x 97B)
Class org.jetbrains.kotlin.gradle.targets.js.npm.NpmDependencyWithExternalsExtension  : loaded 2 times (x 72B)
Class org.jetbrains.kotlin.gradle.plugin.mpp.KotlinUsageContext                       : loaded 2 times (x 72B)
Class org.jetbrains.kotlin.gradle.plugin.KotlinTargetsContainer                       : loaded 2 times (x 72B)
Class org.jetbrains.kotlin.compilerRunner.GradleCliCommonizerKt                       : loaded 2 times (x 73B)
Class org.jetbrains.kotlin.gradle.utils.ConfigurationsKt                              : loaded 2 times (x 73B)
Class org.jetbrains.kotlin.gradle.plugin.StatisticsBuildFlowManager                   : loaded 2 times (x 74B)
Class org.jetbrains.kotlin.gradle.plugin.statistics.BuildFusService$Parameters        : loaded 2 times (x 72B)
Class org.jetbrains.kotlin.gradle.plugin.diagnostics.DefaultProblemsReporter$Factory  : loaded 2 times (x 78B)
Class org.jetbrains.kotlin.gradle.plugin.PluginWrappersKt                             : loaded 2 times (x 73B)
Class com.google.common.base.Stopwatch                                                : loaded 2 times (x 74B)
Class com.google.common.cache.LocalCache$Strength                                     : loaded 2 times (x 83B)
Class com.google.common.cache.Cache                                                   : loaded 2 times (x 72B)
Class kotlin.collections.IndexingIterator                                             : loaded 2 times (x 81B)
Class org.codehaus.groovy.runtime.dgmimpl.arrays.ObjectArrayPutAtMetaMethod           : loaded 2 times (x 99B)
Class org.codehaus.groovy.runtime.MethodClosure                                       : loaded 2 times (x 136B)
Class org.codehaus.groovy.ast.ASTNode                                                 : loaded 2 times (x 106B)
Class org.codehaus.groovy.reflection.GroovyClassValue$ComputeValue                    : loaded 2 times (x 72B)
Class kotlin.reflect.jvm.internal.KPackageImpl$$Lambda$0                              : loaded 2 times (x 78B)
Class org.jetbrains.kotlin.gradle.report.GradleBuildMetricsReporter                   : loaded 2 times (x 100B)
Class com.google.common.io.Files$2                                                    : loaded 2 times (x 78B)
Class kotlin.reflect.jvm.internal.KClassImpl$Data$$Lambda$2                           : loaded 2 times (x 78B)
Class kotlin.coroutines.CombinedContext                                               : loaded 2 times (x 80B)
Class com.android.tools.lint.model.LintModelAndroidArtifact                           : loaded 2 times (x 72B)
Class [Lcom.android.tools.lint.model.LintModelSerialization$TargetFile;               : loaded 2 times (x 71B)
Class com.android.tools.lint.model.DefaultLintModelAndroidArtifact                    : loaded 2 times (x 95B)
Class org.jetbrains.kotlin.build.report.metrics.BuildMetricsReporter                  : loaded 2 times (x 72B)
Class org.jetbrains.kotlin.gradle.plugin.statistics.KotlinBuildStatisticsUtilsKt$collectAppliedPluginsStatistics$2: loaded 2 times (x 77B)
Class org.jetbrains.kotlin.gradle.plugin.mpp.InternalKotlinTargetKt                   : loaded 2 times (x 73B)
Class com.google.common.collect.AbstractMultimap$Entries                              : loaded 2 times (x 122B)
Class org.jetbrains.kotlin.gradle.plugin.diagnostics.KotlinToolingDiagnosticsSetupActionKt$KotlinToolingDiagnosticsSetupAction$1$3: loaded 2 times (x 77B)
Class org.jetbrains.kotlin.gradle.targets.js.dsl.KotlinTargetWithNodeJsDsl            : loaded 2 times (x 72B)
Class org.jetbrains.kotlin.gradle.plugin.sources.DefaultKotlinSourceSetKt$defaultSourceSetLanguageSettingsChecker$1: loaded 2 times (x 80B)
Class org.jetbrains.kotlin.gradle.plugin.sources.InternalKotlinSourceSet              : loaded 2 times (x 72B)
Class org.jetbrains.kotlin.gradle.plugin.KotlinJvmPlugin                              : loaded 2 times (x 81B)
Class org.jetbrains.kotlin.gradle.plugin.mpp.SyncLanguageSettingsWithKotlinExtensionSetupActionKt$SyncLanguageSettingsWithKotlinExtensionSetupAction$1: loaded 2 times (x 97B)
Class org.jetbrains.kotlin.gradle.dsl.KotlinGradlePluginPublicDsl                     : loaded 2 times (x 72B)
Class org.jetbrains.kotlin.gradle.internal.properties.NativeProperties                : loaded 2 times (x 72B)
Class org.jetbrains.kotlin.gradle.fus.internal.SynchronizedConfigurationMetrics       : loaded 2 times (x 74B)
Class org.jetbrains.kotlin.statistics.BuildSessionLogger                              : loaded 2 times (x 79B)
Class org.jetbrains.kotlin.gradle.plugin.internal.ConfigurationCacheStartParameterAccessor: loaded 2 times (x 72B)
Class org.jetbrains.kotlin.gradle.internal.diagnostics.GradleCompatibilityCheck$DefaultCurrentGradleVersionProvider: loaded 2 times (x 76B)
Class org.jetbrains.kotlin.gradle.dsl.KotlinBaseExtension                             : loaded 2 times (x 72B)
Class com.google.common.util.concurrent.AbstractFuture$Cancellation                   : loaded 2 times (x 74B)
Class org.codehaus.groovy.ast.expr.DeclarationExpression                              : loaded 2 times (x 139B)
Class [Lkotlin.reflect.jvm.internal.impl.builtins.PrimitiveType;                      : loaded 2 times (x 71B)
Class kotlin.reflect.jvm.internal.impl.builtins.StandardNames                         : loaded 2 times (x 73B)
Class kotlin.reflect.jvm.internal.KClassImpl$Data$$Lambda$3                           : loaded 2 times (x 78B)
Class kotlin.reflect.jvm.internal.ReflectProperties$LazySoftVal                       : loaded 2 times (x 80B)
Class [Lkotlin.reflect.KAnnotatedElement;                                             : loaded 2 times (x 71B)
Class com.google.common.collect.AbstractMapBasedMultimap$WrappedCollection$WrappedIterator: loaded 2 times (x 86B)
Class org.jetbrains.kotlin.gradle.utils.FutureKt$future$2$1                           : loaded 2 times (x 97B)
Class org.jetbrains.kotlin.gradle.plugin.diagnostics.DefaultProblemsReporter$logger$2 : loaded 2 times (x 81B)
Class org.jetbrains.kotlin.gradle.plugin.diagnostics.DefaultProblemsReporter          : loaded 2 times (x 78B)
Class [Lorg.jetbrains.kotlin.gradle.plugin.statistics.plugins.ObservablePlugins;      : loaded 2 times (x 71B)
Class org.jetbrains.kotlin.gradle.plugin.internal.BuildIdService$Companion$registerIfAbsent$1$1: loaded 2 times (x 77B)
Class org.jetbrains.kotlin.gradle.targets.js.dsl.KotlinWasmTargetDsl                  : loaded 2 times (x 72B)
Class org.jetbrains.kotlin.gradle.plugin.diagnostics.checkers.DisabledCinteropCommonizationInHmppProjectChecker$runChecks$1: loaded 2 times (x 89B)
Class org.jetbrains.kotlin.gradle.plugin.sources.ConsistencyCheck                     : loaded 2 times (x 74B)
Class org.jetbrains.kotlin.gradle.plugin.sources.DefaultKotlinSourceSetKt$defaultSourceSetLanguageSettingsChecker$2: loaded 2 times (x 80B)
Class org.jetbrains.kotlin.gradle.dsl.KotlinCommonToolOptions                         : loaded 2 times (x 72B)
Class org.jetbrains.kotlin.gradle.plugin.AbstractKotlinPlugin                         : loaded 2 times (x 80B)
Class org.jetbrains.kotlin.gradle.tasks.DefaultKotlinJavaToolchain$Companion$wireJvmTargetToJvm$1: loaded 2 times (x 77B)
Class org.jetbrains.kotlin.gradle.plugin.diagnostics.checkers.ComposePluginSuggestApplyChecker: loaded 2 times (x 76B)
Class org.jetbrains.kotlin.konan.target.KonanTarget$IOS_ARM64                         : loaded 2 times (x 80B)
Class org.jetbrains.kotlin.gradle.dsl.KotlinMultiplatformExtension                    : loaded 2 times (x 609B)
Class org.jetbrains.kotlin.gradle.plugin.diagnostics.KotlinToolingDiagnosticsCollectorKt$kotlinToolingDiagnosticsCollectorProvider$1$execute$$inlined$variantImplementationFactoryProvider$1: loaded 2 times (x 76B)
Class org.jetbrains.kotlin.gradle.plugin.statistics.FlowActionBuildFusService$Inject_ : loaded 2 times (x 106B)
Class org.jetbrains.kotlin.gradle.plugin.BuildFinishAndConfigurationTimeMetricsFlowAction: loaded 2 times (x 76B)
Class org.jetbrains.kotlin.gradle.plugin.PropertiesProvider$booleanProvider$1         : loaded 2 times (x 76B)
Class com.google.common.cache.RemovalListener                                         : loaded 2 times (x 72B)
Class org.gradle.api.internal.DefaultClassPathRegistry                                : loaded 2 times (x 78B)
Class kotlin.annotation.AnnotationTarget                                              : loaded 2 times (x 81B)
Class [Lorg.codehaus.groovy.ast.ClassNode;                                            : loaded 2 times (x 71B)
Class org.codehaus.groovy.control.CompilationUnit                                     : loaded 2 times (x 125B)
Class org.codehaus.groovy.ast.GenericsType                                            : loaded 2 times (x 119B)
Class org.codehaus.groovy.runtime.powerassert.PowerAssertionError                     : loaded 2 times (x 84B)
Class groovy.lang.MetaClassRegistryChangeEventListener                                : loaded 2 times (x 72B)
Class org.codehaus.groovy.util.ManagedConcurrentLinkedQueue                           : loaded 2 times (x 86B)
Class kotlin.jvm.JvmClassMappingKt                                                    : loaded 2 times (x 73B)
Class kotlin.reflect.jvm.internal.KClassImpl$Data$$Lambda$4                           : loaded 2 times (x 78B)
Class kotlin.reflect.jvm.internal.KPropertyImpl                                       : loaded 2 times (x 117B)
Class kotlin.jvm.internal.Reflection                                                  : loaded 2 times (x 73B)
Class kotlin.reflect.KProperty                                                        : loaded 2 times (x 72B)
Class kotlin.ranges.IntProgression$Companion                                          : loaded 2 times (x 73B)
Class kotlin.ranges.ClosedRange                                                       : loaded 2 times (x 72B)
Class kotlin.jvm.internal.MutablePropertyReference2                                   : loaded 2 times (x 139B)
Class com.android.sdklib.AndroidApiLevel                                              : loaded 2 times (x 76B)
Class com.android.tools.lint.model.LintModelLintOptions                               : loaded 2 times (x 72B)
Class com.android.prefs.PathLocator$singlePathOf$values$1                             : loaded 2 times (x 81B)
Class com.android.tools.lint.model.PathVariables$Companion$PATH_COMPARATOR$1          : loaded 2 times (x 80B)
Class com.google.common.reflect.Invokable$ConstructorInvokable                        : loaded 2 times (x 109B)
Class com.google.common.collect.ImmutableMultimap$Keys                                : loaded 2 times (x 168B)
Class org.jetbrains.kotlin.gradle.plugin.mpp.KotlinTargetSoftwareComponentImplKt$KotlinTargetSoftwareComponent$1$1$configuration$1: loaded 2 times (x 81B)
Class org.jetbrains.kotlin.gradle.targets.js.npm.DefaultPeerNpmDependencyExtension$delegate$1: loaded 2 times (x 162B)
Class org.jetbrains.kotlin.gradle.targets.js.npm.NpmDependency                        : loaded 2 times (x 88B)
Class org.jetbrains.kotlin.gradle.targets.js.npm.DefaultNpmDependencyExtension        : loaded 2 times (x 150B)
Class org.jetbrains.kotlin.gradle.targets.js.npm.NpmDependency$Scope                  : loaded 2 times (x 81B)
Class org.jetbrains.kotlin.gradle.plugin.sources.FragmentConsistencyChecks$unstableFeaturesCheck$1: loaded 2 times (x 81B)
Class org.jetbrains.kotlin.gradle.plugin.sources.DefaultKotlinSourceSet               : loaded 2 times (x 141B)
Class org.jetbrains.kotlin.gradle.plugin.diagnostics.KotlinToolingDiagnosticsCollector$Parameter_Decorated: loaded 2 times (x 132B)
Class org.jetbrains.kotlin.gradle.utils.ConfigurationsKt$sam$org_gradle_api_Action$0  : loaded 2 times (x 77B)
Class org.jetbrains.kotlin.gradle.plugin.statistics.BuildFinishBuildService$Inject_   : loaded 2 times (x 106B)
Class org.jetbrains.kotlin.gradle.plugin.diagnostics.ProblemsReporter                 : loaded 2 times (x 72B)
Class org.jetbrains.kotlin.gradle.plugin.VariantImplementationFactories$Parameters    : loaded 2 times (x 72B)
Class org.jetbrains.kotlin.gradle.plugin.internal.JavaExecTaskParametersCompatibility$Factory: loaded 2 times (x 72B)
Class org.gradle.api.internal.ClassPathRegistry                                       : loaded 2 times (x 72B)
Class org.gradle.internal.classpath.DefaultClassPath$ImmutableUniqueList              : loaded 2 times (x 201B)
Class org.codehaus.groovy.control.CompilationUnit$ClassgenCallback                    : loaded 2 times (x 72B)
Class com.google.common.collect.MapMakerInternalMap$Segment                           : loaded 2 times (x 143B)
Class kotlin.collections.IntIterator                                                  : loaded 2 times (x 84B)
Class kotlin.reflect.jvm.internal.impl.resolve.jvm.JvmPrimitiveType                   : loaded 2 times (x 81B)
Class kotlin.reflect.jvm.internal.KClassImpl$Data$$Lambda$5                           : loaded 2 times (x 78B)
Class kotlin.reflect.jvm.internal.KClassImpl$Companion                                : loaded 2 times (x 73B)
Class kotlin.reflect.jvm.internal.ComputableClassValue                                : loaded 2 times (x 81B)
Class kotlinx.coroutines.DispatchedTaskKt                                             : loaded 2 times (x 73B)
Class kotlinx.coroutines.internal.SystemPropsKt__SystemProps_commonKt                 : loaded 2 times (x 73B)
Class kotlinx.coroutines.ThreadContextElement                                         : loaded 2 times (x 72B)
Class kotlin.jvm.internal.TypeIntrinsics                                              : loaded 2 times (x 73B)
Class com.android.prefs.PathLocator$singlePathOf$values$2                             : loaded 2 times (x 80B)
Class com.android.tools.lint.model.PathVariables$Companion$PATH_COMPARATOR$2          : loaded 2 times (x 80B)
Class kotlin.text.StringsKt__StringsJVMKt                                             : loaded 2 times (x 73B)
Class com.google.common.base.ExtraObjectsMethodsForWeb                                : loaded 2 times (x 73B)
Class com.google.common.reflect.TypeToken                                             : loaded 2 times (x 75B)
Class org.jetbrains.kotlin.gradle.plugin.KotlinCompilation$DefaultImpls               : loaded 2 times (x 73B)
Class org.jetbrains.kotlin.gradle.utils.ProviderApiUtilsKt$providerWithLazyConvention$1: loaded 2 times (x 76B)
Class org.jetbrains.kotlin.gradle.plugin.sources.FragmentConsistencyChecks$unstableFeaturesCheck$2: loaded 2 times (x 80B)
Class org.jetbrains.kotlin.gradle.plugin.KotlinPluginLifecycleImpl                    : loaded 2 times (x 82B)
Class org.jetbrains.kotlin.gradle.plugin.diagnostics.KotlinToolingDiagnostics$WasmWasiEnvironmentNotChosenExplicitly: loaded 2 times (x 75B)
Class org.jetbrains.kotlin.gradle.artifacts.KotlinNativeKlibArtifactKt$KotlinNativeKlibArtifact$1: loaded 2 times (x 76B)
Class org.jetbrains.kotlin.gradle.dsl.KotlinCommonCompilerOptionsDefault              : loaded 2 times (x 96B)
Class org.jetbrains.kotlin.gradle.dsl.KotlinCommonCompilerToolOptionsDefault          : loaded 2 times (x 86B)
Class org.jetbrains.kotlin.konan.target.KonanTarget$Companion$predefinedTargets$2     : loaded 2 times (x 80B)
Class org.jetbrains.kotlin.gradle.plugin.diagnostics.DiagnosticGroup$Kgp              : loaded 2 times (x 84B)
Class org.jetbrains.kotlin.gradle.tasks.publishing.HelpersKt$addPomValidationHelpers$1: loaded 2 times (x 77B)
Class org.jetbrains.kotlin.gradle.internal.properties.NativePropertiesLoader$isUseXcodeMessageStyleEnabled$1: loaded 2 times (x 77B)
Class org.jetbrains.kotlin.gradle.internal.ClassLoadersCachingBuildService$Companion$registerIfAbsent$2$1: loaded 2 times (x 81B)
Class org.jetbrains.kotlin.gradle.plugin.statistics.KotlinBuildStatisticsUtilsKt$collectGeneralConfigurationTimeMetrics$statisticOverhead$1$2: loaded 2 times (x 77B)
Class org.jetbrains.kotlin.gradle.plugin.StatisticsBuildFlowManager_Decorated         : loaded 2 times (x 117B)
Class org.jetbrains.kotlin.gradle.report.BuildReportMode$Companion                    : loaded 2 times (x 73B)
Class org.jetbrains.kotlin.gradle.plugin.VariantImplementationFactories$VariantImplementationFactory: loaded 2 times (x 72B)
Class com.google.protobuf.Utf8$UnsafeProcessor                                        : loaded 2 times (x 79B)
Class com.google.protobuf.UnknownFieldSet$Parser                                      : loaded 2 times (x 152B)
Class org.codehaus.groovy.ast.stmt.IfStatement                                        : loaded 2 times (x 118B)
Class org.codehaus.groovy.runtime.metaclass.ClosureMetaMethod                         : loaded 2 times (x 105B)
Class org.codehaus.groovy.runtime.MethodKey                                           : loaded 2 times (x 81B)
Class org.codehaus.groovy.util.ManagedReference                                       : loaded 2 times (x 78B)
Class kotlin.reflect.jvm.internal.ReflectProperties$Val                               : loaded 2 times (x 76B)
Class kotlin.time.DurationUnit                                                        : loaded 2 times (x 81B)
Class it.unimi.dsi.fastutil.longs.LongCollection                                      : loaded 2 times (x 72B)
Class kotlin.collections.builders.MapBuilder                                          : loaded 2 times (x 114B)
Class kotlin.reflect.jvm.internal.KClassImpl$Data$$Lambda$6                           : loaded 2 times (x 78B)
Class kotlin.collections.SetsKt                                                       : loaded 2 times (x 73B)
Class com.android.tools.lint.model.PathVariables$Companion$PATH_COMPARATOR$3          : loaded 2 times (x 80B)
Class kotlin.text.StringsKt__IndentKt                                                 : loaded 2 times (x 73B)
Class groovy.lang.MissingFieldException                                               : loaded 2 times (x 91B)
Class org.jetbrains.kotlin.gradle.tasks.configuration.BaseKotlinCompileConfig$1$1$classpathEntrySnapshotFiles$1: loaded 2 times (x 76B)
Class org.jetbrains.kotlin.gradle.utils.GradleAttributesContainerUtilsKt              : loaded 2 times (x 73B)
Class org.jetbrains.kotlin.gradle.plugin.mpp.ApplyUserDefinedAttributesKt$UserDefinedAttributesSetupAction$1$1: loaded 2 times (x 81B)
Class org.jetbrains.kotlin.compilerRunner.CompilerSystemPropertiesService             : loaded 2 times (x 82B)
Class org.jetbrains.kotlin.gradle.plugin.mpp.compilationImpl.KotlinCompilationImpl$1  : loaded 2 times (x 81B)
Class org.jetbrains.kotlin.gradle.targets.js.npm.SemVer$Companion                     : loaded 2 times (x 73B)
Class org.jetbrains.kotlin.konan.target.KonanTarget$LINUX_ARM64                       : loaded 2 times (x 80B)
Class org.jetbrains.kotlin.gradle.targets.native.SetupEmbedAndSignAppleFrameworkTaskSideEffectKt$special$$inlined$KotlinTargetSideEffect$1: loaded 2 times (x 76B)
Class org.jetbrains.kotlin.gradle.plugin.mpp.KotlinUsages$KotlinCinteropCompatibility : loaded 2 times (x 79B)
Class org.jetbrains.kotlin.gradle.plugin.mpp.KotlinUsages$KotlinUsagesCompatibility   : loaded 2 times (x 78B)
Class org.jetbrains.kotlin.gradle.dsl.ExplicitApiMode                                 : loaded 2 times (x 81B)
Class org.jetbrains.kotlin.konan.target.KonanTarget$LINUX_X64                         : loaded 2 times (x 80B)
Class [Lorg.jetbrains.kotlin.konan.target.Architecture;                               : loaded 2 times (x 71B)
Class org.jetbrains.kotlin.gradle.tasks.publishing.HelpersKt$addSigningValidationHelpers$1: loaded 2 times (x 77B)
Class org.jetbrains.kotlin.gradle.plugin.VariantImplementationFactories$Parameters$Inject_: loaded 2 times (x 108B)
Class org.jetbrains.kotlin.gradle.plugin.VariantImplementationFactories$Companion     : loaded 2 times (x 73B)
Class org.jetbrains.kotlin.gradle.plugin.internal.CustomPropertiesFileValueSource$Parameters_Decorated: loaded 2 times (x 132B)
Class org.jetbrains.kotlin.gradle.dsl.KotlinTopLevelExtensionConfig                   : loaded 2 times (x 72B)
Class com.google.common.cache.CacheBuilder                                            : loaded 2 times (x 74B)
Class Settings_gradle$1                                                               : loaded 2 times (x 76B)
Class org.gradle.internal.classpath.ClassPath                                         : loaded 2 times (x 72B)
Class kotlin.sequences.TakeWhileSequence$iterator$1                                   : loaded 2 times (x 81B)
Class kotlin.sequences.DropSequence                                                   : loaded 2 times (x 81B)
Class kotlin.collections.ArrayDeque                                                   : loaded 2 times (x 209B)
Class org.codehaus.groovy.runtime.memoize.EvictableCache$Action                       : loaded 2 times (x 72B)
Class groovy.lang.SpreadMap                                                           : loaded 2 times (x 136B)
Class it.unimi.dsi.fastutil.objects.Object2IntMap$FastEntrySet                        : loaded 2 times (x 72B)
Class org.codehaus.groovy.ast.MethodNode                                              : loaded 2 times (x 158B)
Class kotlin.reflect.jvm.internal.KPackageImpl                                        : loaded 2 times (x 87B)
Class org.codehaus.groovy.runtime.MetaClassHelper                                     : loaded 2 times (x 73B)
Class kotlin.reflect.jvm.internal.KClassImpl$Data$$Lambda$7                           : loaded 2 times (x 78B)
Class [Lkotlin.reflect.jvm.internal.impl.name.FqName;                                 : loaded 2 times (x 71B)
Class kotlin.reflect.KFunction                                                        : loaded 2 times (x 72B)
Class com.android.tools.lint.model.PathVariables$Companion$PATH_COMPARATOR$4          : loaded 2 times (x 80B)
Class org.codehaus.groovy.ast.expr.TupleExpression                                    : loaded 2 times (x 140B)
Class org.jetbrains.kotlin.gradle.incremental.IncrementalModuleInfoProvider           : loaded 2 times (x 72B)
Class org.jetbrains.kotlin.gradle.plugin.mpp.compilationImpl.KotlinCompilationImpl$2  : loaded 2 times (x 81B)
Class org.jetbrains.kotlin.gradle.dsl.PlatformSourceSetConventionsChecker$runChecks$1 : loaded 2 times (x 89B)
Class org.jetbrains.kotlin.gradle.plugin.mpp.compilationImpl.KotlinCompilationProcessorSideEffectKt$KotlinCompilationProcessorSideEffect$1: loaded 2 times (x 76B)
Class org.jetbrains.kotlin.gradle.dsl.KotlinJvmCompilerOptionsDefault                 : loaded 2 times (x 108B)
Class org.jetbrains.kotlin.gradle.internal.UsesClassLoadersCachingBuildService        : loaded 2 times (x 72B)
Class org.codehaus.groovy.syntax.Types                                                : loaded 2 times (x 73B)
Class org.codehaus.groovy.ast.stmt.ContinueStatement                                  : loaded 2 times (x 113B)
Class org.codehaus.groovy.runtime.InvokerHelper                                       : loaded 2 times (x 73B)
Class org.codehaus.groovy.vmplugin.v8.Java8                                           : loaded 2 times (x 111B)
Class groovy.lang.MetaClassRegistry$MetaClassCreationHandle                           : loaded 2 times (x 76B)
Class kotlin.time.DurationUnitKt__DurationUnitKt                                      : loaded 2 times (x 73B)
Class kotlin.reflect.jvm.internal.KClassImpl$Data$$Lambda$8                           : loaded 2 times (x 78B)
Class [Lkotlin.reflect.KDeclarationContainer;                                         : loaded 2 times (x 71B)
Class kotlinx.coroutines.CoroutineDispatcher$Key                                      : loaded 2 times (x 74B)
Class [Lkotlinx.coroutines.CoroutineStart;                                            : loaded 2 times (x 71B)
Class it.unimi.dsi.fastutil.objects.ObjectIterable                                    : loaded 2 times (x 72B)
Class com.android.tools.lint.model.DefaultLintModelAndroidLibrary                     : loaded 2 times (x 113B)
Class kotlin.collections.MapsKt__MapsKt                                               : loaded 2 times (x 73B)
Class com.android.sdklib.AndroidApiLevel$Companion                                    : loaded 2 times (x 73B)
Class com.android.prefs.AndroidLocationsProvider                                      : loaded 2 times (x 72B)
Class kotlin.jvm.internal.Lambda                                                      : loaded 2 times (x 77B)
Class org.jetbrains.kotlin.compilerRunner.KotlinCompilerArgumentsLogLevel$Companion   : loaded 2 times (x 73B)
Class org.jetbrains.kotlin.gradle.tasks.AbstractKotlinCompile$defaultKotlinJavaToolchain$1: loaded 2 times (x 80B)
Class org.jetbrains.kotlin.daemon.common.MultiModuleICSettings                        : loaded 2 times (x 74B)
Class org.jetbrains.kotlin.cli.common.arguments.Freezable                             : loaded 2 times (x 74B)
Class com.google.errorprone.annotations.DoNotMock                                     : loaded 2 times (x 72B)
Class org.jetbrains.kotlin.gradle.tasks.KotlinCompile                                 : loaded 2 times (x 501B)
Class org.jetbrains.kotlin.gradle.plugin.KotlinCompilationInfoKt                      : loaded 2 times (x 73B)
Class org.jetbrains.kotlin.gradle.internal.StdlibDependencyManagementKt               : loaded 2 times (x 73B)
Class org.jetbrains.kotlin.gradle.dsl.PlatformSourceSetConventionsChecker$runChecks$2 : loaded 2 times (x 80B)
Class org.jetbrains.kotlin.gradle.utils.ObservableSet                                 : loaded 2 times (x 72B)
Class org.jetbrains.kotlin.gradle.plugin.mpp.HierarchyAttributeContainer              : loaded 2 times (x 87B)
Class org.jetbrains.kotlin.gradle.tasks.UsesKotlinJavaToolchain                       : loaded 2 times (x 72B)
Class org.jetbrains.kotlin.konan.target.KonanTarget$MINGW_X64                         : loaded 2 times (x 80B)
Class org.jetbrains.kotlin.gradle.plugin.diagnostics.KotlinToolingDiagnosticsCollectorKt: loaded 2 times (x 73B)
Class org.jetbrains.kotlin.gradle.plugin.DefaultKotlinBasePlugin$apply$1              : loaded 2 times (x 77B)
Class org.jetbrains.kotlin.statistics.metrics.StringOverridePolicy$OVERRIDE           : loaded 2 times (x 87B)
Class org.jetbrains.kotlin.gradle.internal.properties.PropertiesBuildService$Params_Decorated: loaded 2 times (x 132B)
Class org.objectweb.asm.SymbolTable$Entry                                             : loaded 2 times (x 75B)
Class androidx.startup.lint.InitializerConstructorDetector$Companion                  : loaded 2 times (x 73B)
Class org.codehaus.groovy.ast.expr.MapExpression                                      : loaded 2 times (x 133B)
Class groovy.lang.Script                                                              : loaded 2 times (x 97B)
Class org.codehaus.groovy.runtime.metaclass.ClosureMetaMethod$AnonymousMetaMethod     : loaded 2 times (x 98B)
Class org.codehaus.groovy.util.ReferenceManager$CallBackedManager                     : loaded 2 times (x 78B)
Class it.unimi.dsi.fastutil.objects.Object2IntOpenHashMap                             : loaded 2 times (x 249B)
Class kotlin.reflect.jvm.internal.KClassImpl$Data$$Lambda$9                           : loaded 2 times (x 78B)
Class build_8yybq3copos411raw9k9k6tlz                                                 : loaded 2 times (x 174B)
Class Native_plugin_loader_gradle                                                     : loaded 2 times (x 128B)
Class org.jetbrains.kotlin.gradle.plugin.mpp.KotlinTargetComponentWithCoordinatesAndPublication: loaded 2 times (x 72B)
Class org.jetbrains.kotlin.gradle.incremental.UsesIncrementalModuleInfoBuildService   : loaded 2 times (x 72B)
Class org.jetbrains.kotlin.gradle.dsl.PlatformSourceSetConventionsChecker$runChecks$3 : loaded 2 times (x 80B)
Class org.jetbrains.kotlin.konan.target.KonanTarget$ANDROID_X86                       : loaded 2 times (x 80B)
Class org.jetbrains.kotlin.gradle.plugin.RegisterKotlinPluginExtensionsKt             : loaded 2 times (x 73B)
Class org.jetbrains.kotlin.gradle.utils.CompilerOptionsKt$configureExperimentalTryNext$1$1: loaded 2 times (x 80B)
Class org.jetbrains.kotlin.gradle.utils.CompilerOptionsKt                             : loaded 2 times (x 73B)
Class org.jetbrains.kotlin.gradle.plugin.PropertiesProvider$Companion                 : loaded 2 times (x 73B)
Class org.jetbrains.kotlin.gradle.utils.SingleAction                                  : loaded 2 times (x 75B)
Class org.objectweb.asm.Edge                                                          : loaded 2 times (x 74B)
Class com.google.common.base.Suppliers$SupplierOfInstance                             : loaded 2 times (x 81B)
Class com.google.common.collect.Iterators$1                                           : loaded 2 times (x 83B)
Class com.google.protobuf.Utf8                                                        : loaded 2 times (x 73B)
Class com.google.protobuf.GeneratedMessageV3                                          : loaded 2 times (x 180B)
Class kotlin.properties.Delegates                                                     : loaded 2 times (x 73B)
Class groovy.lang.Tuple                                                               : loaded 2 times (x 208B)
Class org.codehaus.groovy.util.ReferenceType$WeakRef                                  : loaded 2 times (x 89B)
Class org.codehaus.groovy.reflection.stdclasses.BigIntegerCachedClass                 : loaded 2 times (x 97B)
Class groovy.lang.Buildable                                                           : loaded 2 times (x 72B)
Class kotlin.collections.AbstractMutableSet                                           : loaded 2 times (x 144B)
Class kotlin.Metadata                                                                 : loaded 2 times (x 72B)
Class com.google.protobuf.WireFormat                                                  : loaded 2 times (x 73B)
Class kotlin.text.MatchResult$Destructured                                            : loaded 2 times (x 74B)
Class org.gradle.api.internal.classpath.ManifestUtil                                  : loaded 2 times (x 73B)
Class kotlin.UninitializedPropertyAccessException                                     : loaded 2 times (x 84B)
Class com.google.common.reflect.TypeToken$1                                           : loaded 2 times (x 112B)
Class org.jetbrains.kotlin.gradle.tasks.KotlinCompile$defaultKotlinJavaToolchain$1    : loaded 2 times (x 81B)
Class org.jetbrains.kotlin.gradle.tasks.KotlinJavaToolchain$JavaToolchainSetter       : loaded 2 times (x 72B)
Class org.jetbrains.kotlin.gradle.internal.utils.CollectionsKt                        : loaded 2 times (x 73B)
Class org.jetbrains.kotlin.gradle.plugin.diagnostics.KotlinToolingDiagnosticsSetupActionKt$KotlinToolingDiagnosticsSetupAction$1$2$diagnostics$1: loaded 2 times (x 77B)
Class org.jetbrains.kotlin.tooling.core.ExtrasPropertyKt$extrasLazyProperty$1         : loaded 2 times (x 96B)
Class org.jetbrains.kotlin.gradle.dsl.PlatformSourceSetConventionsChecker$runChecks$4 : loaded 2 times (x 80B)
Class org.jetbrains.kotlin.gradle.plugin.diagnostics.checkers.JsLikeEnvironmentChecker$runChecks$1: loaded 2 times (x 89B)
Class org.jetbrains.kotlin.gradle.plugin.diagnostics.UsesKotlinToolingDiagnostics     : loaded 2 times (x 72B)
Class org.jetbrains.kotlin.gradle.plugin.diagnostics.checkers.KonanHomeConflictDeclarationChecker: loaded 2 times (x 76B)
Class org.jetbrains.kotlin.gradle.plugin.diagnostics.KotlinToolingDiagnostics$WasmJsEnvironmentNotChosenExplicitly: loaded 2 times (x 75B)
Class org.jetbrains.kotlin.gradle.dsl.abi.AbiFilterSetSpec                            : loaded 2 times (x 72B)
Class org.jetbrains.kotlin.statistics.metrics.BooleanAnonymizationPolicy$SAFE         : loaded 2 times (x 87B)
Class com.google.common.cache.LocalCache$ComputingValueReference                      : loaded 2 times (x 98B)
Class com.google.protobuf.MessageLite$Builder                                         : loaded 2 times (x 72B)
Class org.codehaus.groovy.runtime.metaclass.MetaMethodIndex$CacheEntry                : loaded 2 times (x 74B)
Class org.codehaus.groovy.runtime.dgmimpl.arrays.DoubleArrayGetAtMetaMethod           : loaded 2 times (x 99B)
Class kotlin.reflect.KProperty$Getter                                                 : loaded 2 times (x 72B)
Class com.google.common.reflect.TypeToken$2                                           : loaded 2 times (x 112B)
Class org.jetbrains.kotlin.gradle.plugin.mpp.compilationImpl.DefaultKotlinCompilationSourceSetsContainer$allKotlinSourceSetsImpl$1$1: loaded 2 times (x 82B)
Class org.jetbrains.kotlin.gradle.plugin.mpp.compilationImpl.DefaultKotlinCompilationSourceSetsContainer: loaded 2 times (x 80B)
Class org.jetbrains.kotlin.konan.target.KonanTarget$TVOS_SIMULATOR_ARM64              : loaded 2 times (x 80B)
Class org.jetbrains.kotlin.gradle.plugin.KotlinPluginLifecycle$Stage$Companion        : loaded 2 times (x 73B)
Class org.jetbrains.kotlin.gradle.plugin.diagnostics.checkers.DeprecatedKotlinNativeTargetsChecker: loaded 2 times (x 76B)
Class org.jetbrains.kotlin.gradle.targets.jvm.KotlinJvmCompilationWireJavaSourcesSideEffectKt$KotlinJvmCompilationWireJavaSourcesSideEffect$1: loaded 2 times (x 76B)
Class org.jetbrains.kotlin.gradle.targets.native.ConfigureFrameworkExportSideEffectKt$special$$inlined$KotlinTargetSideEffect$1: loaded 2 times (x 76B)
Class org.jetbrains.kotlin.tooling.core.AbstractExtras                                : loaded 2 times (x 143B)
Class org.jetbrains.kotlin.konan.target.KonanTarget$Companion                         : loaded 2 times (x 73B)
Class org.jetbrains.kotlin.gradle.fus.BuildUidService$Companion$registerIfAbsent$1    : loaded 2 times (x 76B)
Class org.jetbrains.kotlin.gradle.internal.diagnostics.AgpCompatibilityCheck$AndroidGradlePluginVersionProvider: loaded 2 times (x 72B)
Class com.google.common.cache.LocalCache$Segment                                      : loaded 2 times (x 155B)
Class com.google.protobuf.Parser                                                      : loaded 2 times (x 72B)
Class org.codehaus.groovy.ast.expr.StaticMethodCallExpression                         : loaded 2 times (x 143B)
Class org.codehaus.groovy.vmplugin.VMPlugin                                           : loaded 2 times (x 72B)
Class org.codehaus.groovy.reflection.GeneratedMetaMethod$DgmMethodRecord              : loaded 2 times (x 74B)
Class com.google.common.util.concurrent.ExecutionError                                : loaded 2 times (x 84B)
Class kotlin.time.DurationJvmKt                                                       : loaded 2 times (x 73B)
Class kotlin.reflect.jvm.internal.ReflectProperties                                   : loaded 2 times (x 73B)
Class it.unimi.dsi.fastutil.objects.ObjectIterator                                    : loaded 2 times (x 72B)
Class kotlin.SafePublicationLazyImpl                                                  : loaded 2 times (x 78B)
Class org.jetbrains.kotlin.cli.jvm.compiler.KotlinCoreEnvironment                     : loaded 2 times (x 74B)
Class com.android.tools.lint.model.LintModelSeverity$Companion                        : loaded 2 times (x 73B)
Class Native_plugin_loader_gradle$NativePluginLoader$Companion                        : loaded 2 times (x 73B)
Class org.jetbrains.kotlin.build.report.metrics.BuildTimes                            : loaded 2 times (x 74B)
Class org.jetbrains.kotlin.gradle.tasks.KotlinCompile$ClasspathSnapshotProperties     : loaded 2 times (x 75B)
Class org.jetbrains.kotlin.gradle.internal.StdlibDependencyManagementKt$addStdlibDependency$1$1: loaded 2 times (x 81B)
Class org.jetbrains.kotlin.gradle.tasks.configuration.BaseKotlinCompileConfig$2$1     : loaded 2 times (x 77B)
Class org.jetbrains.kotlin.gradle.plugin.diagnostics.TransformActionUsingKotlinToolingDiagnostics: loaded 2 times (x 72B)
Class com.google.common.collect.SortedIterable                                        : loaded 2 times (x 72B)
Class org.jetbrains.kotlin.gradle.dsl.PlatformSourceSetConventionsChecker$runChecks$6 : loaded 2 times (x 89B)
Class org.jetbrains.kotlin.gradle.plugin.sources.DefaultKotlinSourceSet_Decorated     : loaded 2 times (x 187B)
Class org.jetbrains.kotlin.gradle.plugin.mpp.KotlinCompilationsKt                     : loaded 2 times (x 73B)
Class org.jetbrains.kotlin.gradle.dsl.abi.AbiValidationVariantSpec                    : loaded 2 times (x 72B)
Class org.jetbrains.kotlin.gradle.targets.native.KonanPropertiesBuildService$Companion: loaded 2 times (x 73B)
Class org.jetbrains.kotlin.statistics.metrics.StringOverridePolicy                    : loaded 2 times (x 87B)
Class org.jetbrains.kotlin.gradle.plugin.statistics.DefaultKotlinBuildStatsBeanService: loaded 2 times (x 94B)
Class org.jetbrains.kotlin.gradle.utils.GradleUtilsKt$registerClassLoaderScopedBuildService$1: loaded 2 times (x 76B)
Class org.jetbrains.kotlin.gradle.internal.diagnostics.AgpCompatibilityCheck$AndroidGradlePluginVersionProvider$Default: loaded 2 times (x 76B)
Class com.google.common.collect.AbstractListMultimap                                  : loaded 2 times (x 173B)
Class [Lorg.objectweb.asm.SymbolTable$Entry;                                          : loaded 2 times (x 71B)
Class com.google.common.cache.CacheLoader                                             : loaded 2 times (x 76B)
Class com.google.common.collect.Iterators$4                                           : loaded 2 times (x 84B)
Class org.gradle.api.internal.classpath.ModuleRegistry                                : loaded 2 times (x 72B)
Class org.gradle.internal.installation.GradleInstallation$1                           : loaded 2 times (x 77B)
Class com.google.protobuf.Descriptors$GenericDescriptor                               : loaded 2 times (x 77B)
Class [Lorg.codehaus.groovy.runtime.metaclass.MetaMethodIndex$Entry;                  : loaded 2 times (x 71B)
Class org.codehaus.groovy.runtime.metaclass.MetaClassRegistryImpl                     : loaded 2 times (x 103B)
Class com.android.resources.ResourceType$Kind                                         : loaded 2 times (x 81B)
Class org.jetbrains.kotlin.gradle.plugin.internal.CustomPropertiesFileValueSource$Parameters$Inject_: loaded 2 times (x 108B)
Class com.android.ide.common.repository.AgpVersion$PreviewKind$Companion              : loaded 2 times (x 73B)
Class com.android.ProgressManagerAdapter                                              : loaded 2 times (x 75B)
Class org.jetbrains.kotlin.statistics.metrics.StringAnonymizationPolicy$AllowedListAnonymizer: loaded 2 times (x 81B)
Class org.jetbrains.kotlin.gradle.plugin.KotlinPluginLifecycle$ProjectConfigurationResult: loaded 2 times (x 73B)
Class org.jetbrains.kotlin.gradle.internal.KotlinDependenciesManagementKt$configureDefaultVersionsResolutionStrategy$1: loaded 2 times (x 77B)
Class org.jetbrains.kotlin.gradle.internal.StdlibDependencyManagementKt$configureStdlibDefaultDependency$1: loaded 2 times (x 81B)
Class org.jetbrains.kotlin.gradle.plugin.mpp.compilationImpl.KotlinCreateResourcesTaskSideEffectKt: loaded 2 times (x 73B)
Class org.jetbrains.kotlin.gradle.plugin.mpp.KotlinUsages                             : loaded 2 times (x 73B)
Class org.jetbrains.kotlin.gradle.utils.ConfigurationCacheOpaqueValue                 : loaded 2 times (x 74B)
Class org.jetbrains.kotlin.gradle.internal.properties.NativePropertiesLoader$Companion: loaded 2 times (x 73B)
Class org.jetbrains.kotlin.gradle.plugin.statistics.KotlinBuildStatsBeanService$Companion: loaded 2 times (x 73B)
Class org.jetbrains.kotlin.gradle.plugin.statistics.BuildFusService$Companion         : loaded 2 times (x 73B)
Class com.google.common.util.concurrent.internal.InternalFutureFailureAccess          : loaded 2 times (x 74B)
Class com.google.common.collect.Iterators$5                                           : loaded 2 times (x 84B)
Class androidx.startup.lint.EnsureInitializerMetadataDetector                         : loaded 2 times (x 182B)
Class com.google.protobuf.AbstractMessageLite                                         : loaded 2 times (x 103B)
Class org.codehaus.groovy.control.ResolveVisitor$ConstructedNestedClass               : loaded 2 times (x 244B)
Class org.codehaus.groovy.runtime.metaclass.MethodHelper                              : loaded 2 times (x 73B)
Class groovy.lang.MetaClassImpl$MetaConstructor                                       : loaded 2 times (x 98B)
Class org.codehaus.groovy.runtime.metaclass.MethodMetaProperty                        : loaded 2 times (x 80B)
Class org.codehaus.groovy.runtime.dgmimpl.arrays.ByteArrayGetAtMetaMethod             : loaded 2 times (x 99B)
Class org.codehaus.groovy.reflection.ClassInfo$1                                      : loaded 2 times (x 78B)
Class kotlin.time.Duration$Companion                                                  : loaded 2 times (x 73B)
Class kotlin.reflect.jvm.internal.KDeclarationContainerImpl                           : loaded 2 times (x 86B)
Class kotlin.coroutines.intrinsics.IntrinsicsKt__IntrinsicsKt                         : loaded 2 times (x 73B)
Class kotlinx.coroutines.Job$Key                                                      : loaded 2 times (x 73B)
Class kotlin.text.RegexKt                                                             : loaded 2 times (x 73B)
Class org.jetbrains.kotlin.gradle.report.BuildReportType                              : loaded 2 times (x 81B)
Class com.google.common.collect.ImmutableMultimap$Values                              : loaded 2 times (x 128B)
Class org.jetbrains.kotlin.gradle.plugin.HasCompilerOptions                           : loaded 2 times (x 72B)
Class org.jetbrains.kotlin.gradle.plugin.mpp.compilationImpl.DefaultKotlinCompilationFriendPathsResolver$FriendArtifactResolver: loaded 2 times (x 72B)
Class org.jetbrains.kotlin.konan.target.KonanTarget$WATCHOS_SIMULATOR_ARM64           : loaded 2 times (x 80B)
Class org.jetbrains.kotlin.gradle.targets.js.ir.KotlinJsIrTarget                      : loaded 2 times (x 249B)
Class org.jetbrains.kotlin.gradle.plugin.mpp.DefaultKotlinUsageContext                : loaded 2 times (x 95B)
Class org.jetbrains.kotlin.gradle.plugin.KotlinPluginLifecycleImpl$start$3            : loaded 2 times (x 81B)
Class org.jetbrains.kotlin.gradle.dsl.KotlinJvmExtension                              : loaded 2 times (x 72B)
Class org.jetbrains.kotlin.gradle.plugin.KotlinMultiplatformPluginWrapper             : loaded 2 times (x 88B)
Class org.jetbrains.kotlin.gradle.dsl.abi.AbiFilterSetSpec_Decorated                  : loaded 2 times (x 135B)
Class [Lorg.jetbrains.kotlin.statistics.metrics.BooleanMetrics;                       : loaded 2 times (x 71B)
Class org.jetbrains.kotlin.gradle.fus.internal.CiUtilKt                               : loaded 2 times (x 73B)
Class org.jetbrains.kotlin.gradle.internal.properties.PropertiesBuildService$Companion: loaded 2 times (x 73B)
Class com.google.common.cache.LocalCache$LocalManualCache$1                           : loaded 2 times (x 77B)
Class [Lorg.codehaus.groovy.ast.MixinNode;                                            : loaded 2 times (x 71B)
Class org.codehaus.groovy.control.CompilationUnit$ISourceUnitOperation                : loaded 2 times (x 72B)
Class org.codehaus.groovy.reflection.stdclasses.ArrayCachedClass                      : loaded 2 times (x 97B)
Class org.codehaus.groovy.reflection.stdclasses.BigDecimalCachedClass                 : loaded 2 times (x 97B)
Class com.android.utils.PositionXmlParser$SaxParserPool                               : loaded 2 times (x 81B)
Class kotlin.io.FilesKt__UtilsKt                                                      : loaded 2 times (x 73B)
Class kotlin.collections.CollectionsKt__CollectionsJVMKt                              : loaded 2 times (x 73B)
Class [Lcom.android.prefs.Global;                                                     : loaded 2 times (x 71B)
Class org.jetbrains.kotlin.gradle.targets.native.KonanPropertiesBuildService$Companion$registerIfAbsent$2$1: loaded 2 times (x 81B)
Class org.jetbrains.kotlin.gradle.utils.ConfigurationCacheOpaqueValueSource           : loaded 2 times (x 81B)
Class com.google.common.collect.Multimaps$CustomSetMultimap                           : loaded 2 times (x 180B)
Class org.jetbrains.kotlin.gradle.plugin.mpp.compilationImpl.KotlinCompilationConfigurationsContainer: loaded 2 times (x 72B)
Class org.jetbrains.kotlin.gradle.internal.StdlibDependencyManagementKt$addStdlibDependency$1: loaded 2 times (x 77B)
Class [Lorg.jetbrains.kotlin.gradle.plugin.KotlinPluginLifecycle$CoroutineStart;      : loaded 2 times (x 71B)
Class org.jetbrains.kotlin.gradle.dsl.IosSourceSetConventionChecker                   : loaded 2 times (x 76B)
Class org.jetbrains.kotlin.gradle.plugin.diagnostics.KotlinGradleProjectChecker       : loaded 2 times (x 72B)
Class org.jetbrains.kotlin.gradle.plugin.sources.KotlinSourceSetFactory$Companion     : loaded 2 times (x 73B)
Class org.jetbrains.kotlin.gradle.dsl.KotlinMultiplatformSourceSetConventions         : loaded 2 times (x 72B)
Class org.jetbrains.kotlin.statistics.metrics.NumberOverridePolicy$SUM                : loaded 2 times (x 87B)
Class org.gradle.api.internal.classpath.DefaultModuleRegistry                         : loaded 2 times (x 88B)
Class androidx.fragment.lint.UseGetLayoutInflater                                     : loaded 2 times (x 172B)
Class kotlin.collections.IndexedValue                                                 : loaded 2 times (x 74B)
Class org.codehaus.groovy.control.messages.Message                                    : loaded 2 times (x 74B)
Class org.codehaus.groovy.runtime.metaclass.MissingMethodExceptionNoStack             : loaded 2 times (x 93B)
Class org.codehaus.groovy.runtime.dgmimpl.arrays.IntegerArrayGetAtMetaMethod          : loaded 2 times (x 99B)
Class groovy.lang.Closure$WritableClosure                                             : loaded 2 times (x 139B)
Class org.codehaus.groovy.util.ReferenceType$SoftRef                                  : loaded 2 times (x 89B)
Class org.codehaus.groovy.runtime.GStringImpl                                         : loaded 2 times (x 166B)
Class kotlin.KotlinVersionCurrentValue                                                : loaded 2 times (x 73B)
Class kotlin.reflect.jvm.internal.impl.name.SpecialNames                              : loaded 2 times (x 73B)
Class kotlin.reflect.jvm.internal.impl.builtins.functions.FunctionTypeKind$KFunction  : loaded 2 times (x 74B)
Class org.jetbrains.kotlin.gradle.dsl.KotlinHierarchyDsl                              : loaded 2 times (x 72B)
Class kotlin.collections.CollectionsKt__IteratorsKt                                   : loaded 2 times (x 73B)
Class kotlin.sequences.SequencesKt                                                    : loaded 2 times (x 73B)
Class org.jetbrains.kotlin.gradle.utils.MutableObservableSet                          : loaded 2 times (x 72B)
Class org.jetbrains.kotlin.gradle.plugin.mpp.compilationImpl.factory.KotlinCompilationImplFactory$KotlinCompilationSourceSetsContainerFactory: loaded 2 times (x 72B)
Class org.jetbrains.kotlin.gradle.plugin.internal.state.TaskExecutionResults          : loaded 2 times (x 73B)
Class org.jetbrains.kotlin.compilerRunner.KotlinCompilerArgumentsLogLevel             : loaded 2 times (x 81B)
Class org.jetbrains.kotlin.gradle.plugin.mpp.compilationImpl.factory.CompositePostConfigure: loaded 2 times (x 77B)
Class org.jetbrains.kotlin.gradle.plugin.diagnostics.KotlinToolingDiagnosticsSetupActionKt$KotlinToolingDiagnosticsSetupAction$1$reporterProvider$1: loaded 2 times (x 76B)
Class org.jetbrains.kotlin.gradle.targets.native.internal.CInteropConfigurationsKt    : loaded 2 times (x 73B)
Class org.jetbrains.kotlin.statistics.metrics.StatisticsValuesConsumer                : loaded 2 times (x 72B)
Class org.jetbrains.kotlin.gradle.plugin.AndroidGradlePluginVersion$Companion         : loaded 2 times (x 73B)
Class com.google.common.util.concurrent.ListenableFuture                              : loaded 2 times (x 72B)
Class com.google.common.cache.ReferenceEntry                                          : loaded 2 times (x 72B)
Class org.codehaus.groovy.runtime.m12n.ExtensionModuleScanner                         : loaded 2 times (x 76B)
Class org.codehaus.groovy.runtime.dgmimpl.arrays.ObjectArrayGetAtMetaMethod           : loaded 2 times (x 99B)
Class org.codehaus.groovy.ast.expr.ClassExpression                                    : loaded 2 times (x 129B)
Class kotlin.jvm.internal.markers.KMutableSet                                         : loaded 2 times (x 72B)
Class org.jetbrains.kotlin.gradle.report.UsesBuildMetricsService                      : loaded 2 times (x 72B)
Class [Lcom.android.resources.ResourceFolderType;                                     : loaded 2 times (x 71B)
Class org.jetbrains.kotlin.gradle.plugin.hierarchy.KotlinSourceSetTreeClassifierKt    : loaded 2 times (x 73B)
Class com.android.tools.lint.model.LintModelSerialization                             : loaded 2 times (x 77B)
Class kotlin.text.StringsKt                                                           : loaded 2 times (x 73B)
Class org.jetbrains.kotlin.gradle.plugin.DefaultKotlinBasePlugin$addKotlinCompilerConfiguration$2$1$1$1: loaded 2 times (x 77B)
Class org.jetbrains.kotlin.gradle.tasks.KotlinCompilerExecutionStrategy$Companion     : loaded 2 times (x 73B)
Class org.jetbrains.kotlin.gradle.plugin.CompilerPluginConfig                         : loaded 2 times (x 74B)
Class org.jetbrains.kotlin.gradle.plugin.diagnostics.KotlinToolingDiagnosticsSetupActionKt$KotlinToolingDiagnosticsSetupAction$1$reporterProvider$2: loaded 2 times (x 77B)
Class [Lorg.jetbrains.kotlin.tooling.core.HasMutableExtras;                           : loaded 2 times (x 71B)
Class org.jetbrains.kotlin.gradle.plugin.diagnostics.checkers.GradleDeprecatedPropertyChecker: loaded 2 times (x 76B)
Class org.jetbrains.kotlin.gradle.artifacts.KotlinJsKlibArtifactKt$KotlinJsKlibArtifact$1: loaded 2 times (x 76B)
Class org.jetbrains.kotlin.gradle.targets.CreateTargetConfigurationsSideEffectKt      : loaded 2 times (x 73B)
Class org.jetbrains.kotlin.gradle.plugin.mpp.ApplyUserDefinedAttributesKt$UserDefinedAttributesSetupAction$1: loaded 2 times (x 97B)
Class org.jetbrains.kotlin.gradle.plugin.mpp.KotlinAndroidTarget                      : loaded 2 times (x 158B)
Class org.jetbrains.kotlin.gradle.plugin.DefaultKotlinBasePlugin$addKotlinCompilerConfiguration$1: loaded 2 times (x 77B)
Class org.jetbrains.kotlin.gradle.plugin.statistics.NonSynchronizedMetricsContainer   : loaded 2 times (x 84B)
Class org.jetbrains.kotlin.gradle.plugin.internal.DefaultCompatibilityConventionRegistrar: loaded 2 times (x 76B)
Class org.jetbrains.kotlin.gradle.plugin.PropertiesProvider                           : loaded 2 times (x 75B)
Class com.google.common.collect.AbstractMapBasedMultimap                              : loaded 2 times (x 140B)
Class com.google.common.util.concurrent.AbstractFuture                                : loaded 2 times (x 108B)
Class com.google.common.collect.Iterators$9                                           : loaded 2 times (x 83B)
Class org.codehaus.groovy.ast.ClassNode$MapOfLists                                    : loaded 2 times (x 77B)
Class org.codehaus.groovy.ast.stmt.ForStatement                                       : loaded 2 times (x 124B)
Class org.codehaus.groovy.ast.expr.LambdaExpression                                   : loaded 2 times (x 137B)
Class org.codehaus.groovy.ast.ClassCodeExpressionTransformer                          : loaded 2 times (x 217B)
Class org.codehaus.groovy.ast.Variable                                                : loaded 2 times (x 72B)
Class kotlin.coroutines.jvm.internal.RestrictedContinuationImpl                       : loaded 2 times (x 89B)
Class kotlin.coroutines.CoroutineContext$Key                                          : loaded 2 times (x 72B)
Class kotlin.LazyKt__LazyJVMKt                                                        : loaded 2 times (x 73B)
Class com.google.common.collect.ImmutableMultiset                                     : loaded 2 times (x 165B)
Class [Lorg.jetbrains.kotlin.gradle.dsl.jvm.JvmTargetValidationMode;                  : loaded 2 times (x 71B)
Class org.jetbrains.kotlin.gradle.tasks.DefaultKotlinJavaToolchain$javaVersion$1      : loaded 2 times (x 76B)
Class org.jetbrains.kotlin.gradle.plugin.mpp.MppSourcesJarKt$sourcesJarTask$1         : loaded 2 times (x 97B)
Class org.jetbrains.kotlin.gradle.plugin.mpp.compilationImpl.factory.KotlinCompilationImplFactory$KotlinCompilationOutputFactory: loaded 2 times (x 72B)
Class org.jetbrains.kotlin.gradle.plugin.KotlinCompilationToRunnableFiles             : loaded 2 times (x 72B)
Class org.jetbrains.kotlin.gradle.tooling.BuildKotlinToolingMetadataTaskKt            : loaded 2 times (x 73B)
Class org.jetbrains.kotlin.gradle.plugin.ProjectLocalConfigurations$setupAttributesMatchingStrategy$1$1: loaded 2 times (x 76B)
Class org.jetbrains.kotlin.konan.target.TargetSupportException                        : loaded 2 times (x 84B)
Class org.jetbrains.kotlin.gradle.internal.IsInIdeaEnvironmentValueSource             : loaded 2 times (x 82B)
Class org.jetbrains.kotlin.gradle.targets.native.toolchain.KotlinNativeBundleBuildService$Companion$registerIfAbsent$2$1$1: loaded 2 times (x 77B)
Class org.jetbrains.kotlin.statistics.BuildSessionLogger$Companion                    : loaded 2 times (x 73B)
Class org.jetbrains.kotlin.gradle.plugin.diagnostics.ProblemsReporter$Factory         : loaded 2 times (x 72B)
Class org.objectweb.asm.RecordComponentVisitor                                        : loaded 2 times (x 79B)
Class com.google.common.cache.CacheLoader$SupplierToCacheLoader                       : loaded 2 times (x 77B)
Class androidx.fragment.lint.UseRequireInsteadOfGet                                   : loaded 2 times (x 172B)
Class com.google.protobuf.SingleFieldBuilderV3                                        : loaded 2 times (x 86B)
Class com.google.protobuf.IterableByteBufferInputStream                               : loaded 2 times (x 94B)
Class org.codehaus.groovy.control.io.NullWriter                                       : loaded 2 times (x 101B)
Class groovy.lang.GroovyClassLoader                                                   : loaded 2 times (x 143B)
Class org.codehaus.groovy.runtime.dgmimpl.arrays.LongArrayPutAtMetaMethod             : loaded 2 times (x 99B)
Class org.codehaus.groovy.runtime.dgmimpl.arrays.ArrayMetaMethod                      : loaded 2 times (x 99B)
Class kotlin.jvm.internal.markers.KMutableList                                        : loaded 2 times (x 72B)
Class kotlinx.coroutines.scheduling.TasksKt                                           : loaded 2 times (x 73B)
Class kotlinx.coroutines.internal.SystemPropsKt__SystemPropsKt                        : loaded 2 times (x 73B)
Class kotlinx.coroutines.ChildJob                                                     : loaded 2 times (x 72B)
Class [Lkotlin.Pair;                                                                  : loaded 2 times (x 71B)
Class kotlin.io.FilesKt__FileReadWriteKt                                              : loaded 2 times (x 73B)
Class kotlin.text.MatchNamedGroupCollection                                           : loaded 2 times (x 72B)
Class kotlin.text.StringsKt__StringNumberConversionsKt                                : loaded 2 times (x 73B)
Class org.jetbrains.kotlin.gradle.plugin.PropertiesProvider$separateKmpCompilation$1  : loaded 2 times (x 81B)
Class com.google.common.collect.UsingToStringOrdering                                 : loaded 2 times (x 116B)
Class org.jetbrains.kotlin.gradle.plugin.mpp.KotlinCompilationsKt$sam$java_util_concurrent_Callable$0: loaded 2 times (x 77B)
Class org.jetbrains.kotlin.gradle.tasks.KotlinCompilerPluginData                      : loaded 2 times (x 74B)
Class org.jetbrains.kotlin.gradle.targets.js.npm.SemverKt                             : loaded 2 times (x 73B)
Class org.jetbrains.kotlin.gradle.internal.StdlibDependencyManagementKt$isStdlibAddedByUser$1: loaded 2 times (x 81B)
Class org.jetbrains.kotlin.gradle.plugin.mpp.MppSourcesJarKt                          : loaded 2 times (x 73B)
Class org.jetbrains.kotlin.compilerRunner.CompilerSystemPropertiesService$Companion$registerIfAbsent$2$1$1: loaded 2 times (x 77B)
Class org.jetbrains.kotlin.gradle.plugin.KotlinCompilationInfo                        : loaded 2 times (x 90B)
Class org.jetbrains.kotlin.tooling.core.ExtrasPropertyKt                              : loaded 2 times (x 73B)
Class com.google.common.collect.AbstractMapBasedMultimap$WrappedCollection            : loaded 2 times (x 126B)
Class org.jetbrains.kotlin.gradle.plugin.internal.UsesBuildIdProviderService          : loaded 2 times (x 72B)
Class org.jetbrains.kotlin.gradle.plugin.mpp.compilationImpl.KotlinCompilationSourceSetInclusion$include$1: loaded 2 times (x 81B)
Class org.jetbrains.kotlin.gradle.plugin.mpp.compilationImpl.factory.KotlinCompilationImplFactory$KotlinCompilationDependencyConfigurationsFactory: loaded 2 times (x 72B)
Class org.jetbrains.kotlin.gradle.plugin.KotlinPluginLifecycleCoroutineContextElement$Key: loaded 2 times (x 73B)
Class org.jetbrains.kotlin.gradle.plugin.diagnostics.KotlinToolingDiagnosticsSetupActionKt$KotlinToolingDiagnosticsSetupAction$1: loaded 2 times (x 76B)
Class org.jetbrains.kotlin.gradle.tasks.abi.KotlinLegacyAbiCheckTask                  : loaded 2 times (x 72B)
Class org.jetbrains.kotlin.gradle.dsl.KotlinProjectExtensionKt                        : loaded 2 times (x 73B)
Class org.jetbrains.kotlin.gradle.internal.ClassLoadersCachingBuildService$Companion$registerIfAbsent$1: loaded 2 times (x 77B)
Class org.jetbrains.kotlin.gradle.plugin.UsesKotlinGradleBuildServices                : loaded 2 times (x 72B)
Class org.jetbrains.kotlin.gradle.plugin.KotlinGradleBuildServices$Parameters_Decorated: loaded 2 times (x 132B)
Class org.jetbrains.kotlin.gradle.plugin.DefaultKotlinBasePlugin$addKotlinCompilerConfiguration$3: loaded 2 times (x 81B)
Class [Lorg.jetbrains.kotlin.statistics.metrics.IMetricContainerFactory;              : loaded 2 times (x 71B)
Class org.jetbrains.kotlin.gradle.internal.IdeaKt                                     : loaded 2 times (x 73B)
Class org.gradle.internal.service.ServiceLookupException                              : loaded 2 times (x 84B)
Class com.google.protobuf.FieldSet$FieldDescriptorLite                                : loaded 2 times (x 72B)
Class com.google.protobuf.ExtensionLite                                               : loaded 2 times (x 79B)
Class org.codehaus.groovy.ast.CodeVisitorSupport                                      : loaded 2 times (x 188B)
Class org.codehaus.groovy.runtime.metaclass.MetaMethodIndex$Header                    : loaded 2 times (x 74B)
Class [Lorg.codehaus.groovy.reflection.CachedMethod;                                  : loaded 2 times (x 71B)
Class kotlin.jvm.internal.MutablePropertyReference1Impl                               : loaded 2 times (x 139B)
Class kotlinx.coroutines.scheduling.SchedulerCoroutineDispatcher                      : loaded 2 times (x 114B)
Class kotlinx.coroutines.ChildHandleNode                                              : loaded 2 times (x 92B)
Class com.android.tools.lint.model.LintModelBuildFeatures                             : loaded 2 times (x 72B)
Class org.jetbrains.kotlin.gradle.tasks.GradleCompileTaskProvider_Decorated           : loaded 2 times (x 119B)
Class org.jetbrains.kotlin.gradle.internal.StdlibDependencyManagementKt$isStdlibAddedByUser$2: loaded 2 times (x 80B)
Class org.jetbrains.kotlin.gradle.plugin.hierarchy.KotlinSourceSetTreeClassifierKt$sourceSetTreeClassifier$2: loaded 2 times (x 80B)
Class com.google.common.collect.ImmutableSortedSet                                    : loaded 2 times (x 302B)
Class org.jetbrains.kotlin.gradle.targets.js.npm.NpmDirectoryDependencyExtension      : loaded 2 times (x 72B)
Class org.jetbrains.kotlin.gradle.plugin.mpp.KotlinUsageContext$MavenScope            : loaded 2 times (x 81B)
Class org.jetbrains.kotlin.gradle.plugin.KotlinProjectSetupAction$Companion           : loaded 2 times (x 73B)
Class org.jetbrains.kotlin.konan.target.HostManager                                   : loaded 2 times (x 74B)
Class org.jetbrains.kotlin.gradle.internal.IsInIdeaEnvironmentValueSource$Inject_     : loaded 2 times (x 102B)
Class [Lcom.google.common.cache.LocalCache$EntryFactory;                              : loaded 2 times (x 71B)
Class org.gradle.internal.classloader.ClassLoaderFactory                              : loaded 2 times (x 72B)
Class com.google.protobuf.UnsafeUtil                                                  : loaded 2 times (x 73B)
Class org.codehaus.groovy.syntax.CSTNode                                              : loaded 2 times (x 106B)
Class org.codehaus.groovy.runtime.InvokerHelper$1                                     : loaded 2 times (x 97B)
Class org.codehaus.groovy.util.ReferenceManager$1                                     : loaded 2 times (x 78B)
Class kotlin.reflect.jvm.internal.impl.builtins.PrimitiveType                         : loaded 2 times (x 81B)
Class com.android.tools.lint.model.DefaultLintModelVariant$mainArtifact$2             : loaded 2 times (x 81B)
Class com.android.sdklib.IAndroidTarget                                               : loaded 2 times (x 72B)
Class org.jetbrains.kotlin.gradle.tasks.DefaultKotlinJavaToolchain$currentJvmJdkToolsJar$1: loaded 2 times (x 76B)
Class org.jetbrains.kotlin.gradle.plugin.diagnostics.ProblemsReporterKt               : loaded 2 times (x 73B)
Class org.jetbrains.kotlin.gradle.plugin.SubpluginEnvironment                         : loaded 2 times (x 74B)
Class org.jetbrains.kotlin.gradle.internal.StdlibDependencyManagementKt$addStdlibDependency$1$1$1: loaded 2 times (x 77B)
Class org.jetbrains.kotlin.gradle.plugin.sources.AbstractKotlinSourceSet              : loaded 2 times (x 141B)
Class org.jetbrains.kotlin.gradle.tooling.BuildKotlinToolingMetadataTaskKt$RegisterBuildKotlinToolingMetadataTask$1: loaded 2 times (x 76B)
Class org.jetbrains.kotlin.compilerRunner.GradleCliCommonizerKt$maybeCreateCommonizerClasspathConfiguration$1$1: loaded 2 times (x 77B)
Class [Lorg.jetbrains.kotlin.build.report.metrics.ValueType;                          : loaded 2 times (x 71B)
Class org.jetbrains.kotlin.gradle.internal.diagnostics.AgpCompatibilityCheck          : loaded 2 times (x 73B)
Class com.google.common.cache.LocalCache$LocalManualCache                             : loaded 2 times (x 101B)
Class org.gradle.internal.service.CachingServiceLocator                               : loaded 2 times (x 84B)
Class org.codehaus.groovy.ast.stmt.WhileStatement                                     : loaded 2 times (x 120B)
Class org.codehaus.groovy.ast.expr.ArgumentListExpression                             : loaded 2 times (x 140B)
Class org.codehaus.groovy.runtime.InvokerHelper$2                                     : loaded 2 times (x 97B)
Class org.codehaus.groovy.runtime.dgmimpl.NumberNumberMinus                           : loaded 2 times (x 116B)
Class [Lgroovy.lang.MetaClassRegistryChangeEventListener;                             : loaded 2 times (x 71B)
Class it.unimi.dsi.fastutil.objects.AbstractObjectCollection                          : loaded 2 times (x 145B)
Class kotlin.collections.AbstractList$IteratorImpl                                    : loaded 2 times (x 84B)
Class kotlin.SafePublicationLazyImpl$Companion                                        : loaded 2 times (x 73B)
Class kotlin.collections.AbstractList$SubList                                         : loaded 2 times (x 200B)
Class kotlin.jvm.internal.CallableReference                                           : loaded 2 times (x 108B)
Class build_8yybq3copos411raw9k9k6tlz$_run_closure1                                   : loaded 2 times (x 140B)
Class build_9x20xqzvl5fkxckwce03ag6jf$_run_closure1                                   : loaded 2 times (x 140B)
Class org.jetbrains.kotlin.gradle.plugin.PropertiesProvider$booleanPropertyWithValueReporting$1: loaded 2 times (x 80B)
Class org.jetbrains.kotlin.gradle.dsl.jvm.JvmTargetValidationMode                     : loaded 2 times (x 81B)
Class org.jetbrains.kotlin.gradle.plugin.KotlinTargetConfiguratorKt$WhenMappings      : loaded 2 times (x 73B)
Class com.google.common.collect.AbstractMapBasedMultimap$KeySet                       : loaded 2 times (x 139B)
Class com.google.common.collect.RegularImmutableSortedSet                             : loaded 2 times (x 302B)
Class org.jetbrains.kotlin.gradle.plugin.diagnostics.checkers.OverriddenKotlinNativeHomeChecker$StdlibExistenceCheckerValueSource$Params_Decorated: loaded 2 times (x 132B)
Class org.jetbrains.kotlin.project.model.LanguageSettings                             : loaded 2 times (x 72B)
Class org.jetbrains.kotlin.gradle.plugin.KotlinPluginLifecycleKt$kotlinPluginLifecycle$2: loaded 2 times (x 80B)
Class org.jetbrains.kotlin.gradle.targets.native.KonanPropertiesBuildService$Parameters: loaded 2 times (x 72B)
Class org.jetbrains.kotlin.gradle.plugin.statistics.BuildFusService$Companion$registerIfAbsent$1$1: loaded 2 times (x 81B)
Class org.jetbrains.kotlin.gradle.internal.IsInIdeaSyncValueSource$Inject_            : loaded 2 times (x 111B)
Class org.jetbrains.kotlin.gradle.plugin.internal.CompatibilityConventionRegistrar$Factory: loaded 2 times (x 72B)
Class org.codehaus.groovy.ast.expr.VariableExpression                                 : loaded 2 times (x 158B)
Class org.codehaus.groovy.runtime.dgmimpl.arrays.ArrayPutAtMetaMethod                 : loaded 2 times (x 99B)
Class org.codehaus.groovy.ast.stmt.Statement                                          : loaded 2 times (x 112B)
Class kotlin.jvm.internal.markers.KMutableMap                                         : loaded 2 times (x 72B)
Class com.google.common.collect.MapMakerInternalMap$InternalEntry                     : loaded 2 times (x 72B)
Class kotlin.jvm.internal.MutablePropertyReference1                                   : loaded 2 times (x 139B)
Class kotlin.properties.ReadOnlyProperty                                              : loaded 2 times (x 72B)
Class kotlin.reflect.jvm.internal.impl.descriptors.runtime.structure.ReflectClassUtilKt: loaded 2 times (x 73B)
Class kotlin.reflect.jvm.internal.impl.name.FqName$Companion                          : loaded 2 times (x 73B)
Class kotlin.coroutines.AbstractCoroutineContextElement                               : loaded 2 times (x 91B)
Class kotlin.ranges.IntRange                                                          : loaded 2 times (x 95B)
Class org.jetbrains.kotlin.gradle.plugin.mpp.KotlinMetadataTarget                     : loaded 2 times (x 160B)
Class org.jetbrains.kotlin.gradle.tasks.configuration.BaseKotlinCompileConfig$1$jvmToolchain$1: loaded 2 times (x 76B)
Class org.jetbrains.kotlin.gradle.plugin.mpp.InternalKotlinCompilation$DefaultImpls   : loaded 2 times (x 73B)
Class org.jetbrains.kotlin.gradle.plugin.mpp.compilationImpl.KotlinCompilationSourceSetInclusion$DefaultAddSourcesToCompileTask: loaded 2 times (x 76B)
Class org.jetbrains.kotlin.gradle.internal.KotlinTestDependencyManagementKt$configureKotlinTestDependency$2: loaded 2 times (x 81B)
Class org.jetbrains.kotlin.gradle.dsl.PlatformSourceSetConventionsChecker$runChecks$$inlined$CheckedPlatformInfo$default$1: loaded 2 times (x 80B)
Class [Lorg.jetbrains.kotlin.gradle.plugin.KotlinPluginLifecycle$Stage;               : loaded 2 times (x 71B)
Class org.jetbrains.kotlin.gradle.artifacts.KotlinTargetArtifact$Companion            : loaded 2 times (x 73B)
Class org.jetbrains.kotlin.gradle.plugin.mpp.compilationImpl.KotlinCreateLifecycleTasksSideEffectKt$KotlinCreateLifecycleTasksSideEffect$1: loaded 2 times (x 76B)
Class org.jetbrains.kotlin.gradle.dsl.KotlinGradlePluginDsl                           : loaded 2 times (x 72B)
Class org.jetbrains.kotlin.tooling.core.MutableExtras                                 : loaded 2 times (x 72B)
Class org.jetbrains.kotlin.gradle.plugin.KotlinGradleBuildServices$detectKotlinPluginLoadedInMultipleProjects$onRegister$1: loaded 2 times (x 81B)
Class org.jetbrains.kotlin.gradle.plugin.BuildFinishAndConfigurationTimeMetricsFlowAction$Parameters_Decorated: loaded 2 times (x 138B)
Class org.jetbrains.kotlin.gradle.plugin.BuildFinishAndConfigurationTimeMetricsFlowAction$Parameters: loaded 2 times (x 72B)
Class androidx.activity.lint.ActivityIssueRegistry                                    : loaded 2 times (x 84B)
Class org.codehaus.groovy.ast.stmt.CatchStatement                                     : loaded 2 times (x 116B)
Class groovy.lang.ExpandoMetaClass$Callable                                           : loaded 2 times (x 72B)
Class org.codehaus.groovy.runtime.metaclass.MissingPropertyExceptionNoStack           : loaded 2 times (x 91B)
Class groovy.lang.ObjectRange                                                         : loaded 2 times (x 246B)
Class kotlin.jvm.internal.PropertyReference1Impl                                      : loaded 2 times (x 129B)
Class kotlin.reflect.jvm.internal.KProperty0Impl$$Lambda$1                            : loaded 2 times (x 78B)
Class kotlinx.coroutines.CompletionStateKt                                            : loaded 2 times (x 73B)
Class com.android.sdklib.AndroidVersion$PreviewType                                   : loaded 2 times (x 81B)
Class com.android.prefs.LocationValue                                                 : loaded 2 times (x 72B)
Class com.android.ide.common.blame.SourcePosition                                     : loaded 2 times (x 73B)
Class kotlin.enums.EnumEntries                                                        : loaded 2 times (x 72B)
Class com.google.common.collect.ImmutableMultimap                                     : loaded 2 times (x 148B)
Class com.google.common.base.Predicates                                               : loaded 2 times (x 73B)
Class org.jetbrains.kotlin.gradle.plugin.diagnostics.CheckKotlinGradlePluginConfigurationErrorsKt$locateOrRegisterCheckKotlinGradlePluginErrorsTask$taskProvider$1$2: loaded 2 times (x 77B)
Class org.jetbrains.kotlin.gradle.tasks.CompileUsingKotlinDaemon                      : loaded 2 times (x 72B)
Class org.jetbrains.kotlin.gradle.plugin.mpp.KotlinWithJavaTarget                     : loaded 2 times (x 159B)
Class org.jetbrains.kotlin.gradle.utils.StoredPropertyKt$extrasStoredProperty$1       : loaded 2 times (x 80B)
Class org.jetbrains.kotlin.gradle.plugin.mpp.compilationImpl.KotlinCreateNativeCompileTasksSideEffectKt$special$$inlined$KotlinCompilationSideEffect$1: loaded 2 times (x 76B)
Class org.jetbrains.kotlin.gradle.targets.KotlinTargetSideEffect$Companion            : loaded 2 times (x 73B)
Class org.jetbrains.kotlin.gradle.dsl.KotlinSingleJavaTargetExtension                 : loaded 2 times (x 132B)
Class org.jetbrains.kotlin.gradle.plugin.KotlinPluginLifecycle$IllegalLifecycleException: loaded 2 times (x 84B)
Class org.jetbrains.kotlin.gradle.internal.properties.NativePropertiesLoader$userProvidedNativeHome$1: loaded 2 times (x 77B)
Class org.jetbrains.kotlin.gradle.plugin.KotlinGradleFinishBuildHandler               : loaded 2 times (x 74B)
Class org.jetbrains.kotlin.statistics.metrics.StringOverridePolicy$CONCAT             : loaded 2 times (x 87B)
Class org.jetbrains.kotlin.gradle.dsl.KotlinTopLevelExtension                         : loaded 2 times (x 72B)
Class org.codehaus.groovy.reflection.stdclasses.LongCachedClass                       : loaded 2 times (x 97B)
Class kotlinx.coroutines.CoroutineDispatcher                                          : loaded 2 times (x 102B)
Class com.google.gson.JsonParseException                                              : loaded 2 times (x 84B)
Class com.android.tools.lint.model.DefaultLintModelJavaLibrary                        : loaded 2 times (x 105B)
Class com.android.prefs.PathLocator                                                   : loaded 2 times (x 75B)
Class org.jetbrains.kotlin.gradle.plugin.diagnostics.CheckKotlinGradlePluginConfigurationErrorsKt$locateOrRegisterCheckKotlinGradlePluginErrorsTask$taskProvider$1$3: loaded 2 times (x 77B)
Class org.jetbrains.kotlin.gradle.plugin.ProjectLocalConfigurationsKt                 : loaded 2 times (x 73B)
Class org.jetbrains.kotlin.gradle.plugin.mpp.compilationImpl.factory.KotlinCompilationImplFactory: loaded 2 times (x 74B)
Class org.jetbrains.kotlin.gradle.internal.KotlinDomApiDependencyManagementKt$addKotlinDomApiDependency$1: loaded 2 times (x 77B)
Class org.jetbrains.kotlin.gradle.plugin.diagnostics.checkers.KotlinTargetAlreadyDeclaredChecker$runChecks$1: loaded 2 times (x 89B)
Class org.jetbrains.kotlin.gradle.plugin.mpp.KotlinTargetWithBinaries                 : loaded 2 times (x 156B)
Class [Lorg.jetbrains.kotlin.gradle.plugin.KotlinSourceSet;                           : loaded 2 times (x 71B)
Class org.jetbrains.kotlin.gradle.plugin.diagnostics.checkers.JsEnvironmentChecker$1  : loaded 2 times (x 80B)
Class org.jetbrains.kotlin.gradle.plugin.diagnostics.KotlinToolingDiagnostics$JsLikeEnvironmentNotChosenExplicitly: loaded 2 times (x 75B)
Class org.jetbrains.kotlin.gradle.utils.StoredLazyProperty$getValue$1                 : loaded 2 times (x 81B)
Class org.jetbrains.kotlin.statistics.metrics.IMetricContainerFactory                 : loaded 2 times (x 72B)
Class org.jetbrains.kotlin.statistics.MetricValueValidationFailed                     : loaded 2 times (x 84B)
Class org.jetbrains.kotlin.gradle.plugin.PropertiesProvider$localProperties$2         : loaded 2 times (x 81B)
Class com.google.common.cache.CacheBuilder$OneWeigher                                 : loaded 2 times (x 84B)
Class [Lgroovy.lang.MetaMethod;                                                       : loaded 2 times (x 71B)
Class com.android.builder.model.MavenCoordinates                                      : loaded 2 times (x 72B)
Class com.android.Version                                                             : loaded 2 times (x 73B)
Class kotlin.reflect.jvm.internal.KDeclarationContainerImpl$Companion                 : loaded 2 times (x 73B)
Class com.android.sdklib.AndroidVersion                                               : loaded 2 times (x 77B)
Class com.android.tools.lint.model.LintModelLibraryResolver                           : loaded 2 times (x 72B)
Class kotlin.text.MatchResult$DefaultImpls                                            : loaded 2 times (x 73B)
Class com.android.tools.lint.model.LintModelSerialization$LintModelSerializationAdapter: loaded 2 times (x 72B)
Class org.gradle.kotlin.dsl.TestImplementationConfigurationAccessorsKt                : loaded 2 times (x 73B)
Class org.jetbrains.kotlin.gradle.plugin.mpp.compilationImpl.DefaultKotlinCompilationFriendPathsResolver$resolveFriendPaths$1$1: loaded 2 times (x 81B)
Class org.jetbrains.kotlin.build.report.metrics.BuildMetricsReporterImpl              : loaded 2 times (x 100B)
Class org.jetbrains.kotlin.gradle.plugin.diagnostics.CheckKotlinGradlePluginConfigurationErrorsKt$locateOrRegisterCheckKotlinGradlePluginErrorsTask$taskProvider$1$4: loaded 2 times (x 76B)
Class org.jetbrains.kotlin.gradle.tasks.configuration.KaptGenerateStubsConfig         : loaded 2 times (x 74B)
Class org.jetbrains.kotlin.gradle.targets.js.npm.SemVer                               : loaded 2 times (x 77B)
Class org.jetbrains.kotlin.gradle.internal.properties.NativePropertiesLoader$konanDataDirProperty$1$1: loaded 2 times (x 76B)
Class org.jetbrains.kotlin.gradle.plugin.diagnostics.checkers.JsEnvironmentChecker$2  : loaded 2 times (x 80B)
Class org.jetbrains.kotlin.gradle.utils.WhenPluginEnabledKt$whenPluginsEnabled$1      : loaded 2 times (x 77B)
Class org.jetbrains.kotlin.gradle.tasks.AbstractKotlinCompileTool                     : loaded 2 times (x 366B)
Class org.jetbrains.kotlin.gradle.plugin.statistics.FlowActionBuildFusService$Companion$registerIfAbsentImpl$1$1: loaded 2 times (x 76B)
Class [Lorg.jetbrains.kotlin.gradle.report.BuildReportType;                           : loaded 2 times (x 71B)
Class org.jetbrains.kotlin.gradle.plugin.statistics.KotlinBuildStatsConfiguration     : loaded 2 times (x 74B)
Class org.jetbrains.kotlin.gradle.internal.properties.PropertiesBuildService$localProperties$2: loaded 2 times (x 81B)
Class org.gradle.internal.classloader.ClasspathUtil                                   : loaded 2 times (x 73B)
Class androidx.annotation.experimental.lint.ExperimentalDetector                      : loaded 2 times (x 173B)
Class org.codehaus.groovy.ast.tools.GeneralUtils$1                                    : loaded 2 times (x 130B)
Class org.codehaus.groovy.ast.expr.MethodReferenceExpression                          : loaded 2 times (x 133B)
Class org.codehaus.groovy.runtime.NumberAwareComparator                               : loaded 2 times (x 92B)
Class groovy.lang.ListWithDefault                                                     : loaded 2 times (x 177B)
Class [Lorg.codehaus.groovy.util.ReferenceType;                                       : loaded 2 times (x 71B)
Class com.android.utils.PositionXmlParser$SaxParserFactoryFunction                    : loaded 2 times (x 72B)
Class kotlin.jvm.internal.PropertyReference0                                          : loaded 2 times (x 129B)
Class kotlinx.coroutines.NonDisposableHandle                                          : loaded 2 times (x 80B)
Class it.unimi.dsi.fastutil.Hash                                                      : loaded 2 times (x 72B)
Class org.jetbrains.kotlin.gradle.plugin.diagnostics.CheckKotlinGradlePluginConfigurationErrorsKt$locateOrRegisterCheckKotlinGradlePluginErrorsTask$taskProvider$1$5: loaded 2 times (x 76B)
Class org.jetbrains.kotlin.gradle.dsl.KotlinCompile                                   : loaded 2 times (x 72B)
Class org.jetbrains.kotlin.gradle.plugin.mpp.compilationImpl.DefaultKotlinCompilationFriendPathsResolver$DefaultFriendArtifactResolver: loaded 2 times (x 76B)
Class org.jetbrains.kotlin.gradle.plugin.diagnostics.checkers.InternalGradlePropertiesUsageChecker$runChecks$1: loaded 2 times (x 89B)
Class org.jetbrains.kotlin.gradle.utils.StringUtilsKt$lowerCamelCaseName$1            : loaded 2 times (x 127B)
Class org.jetbrains.kotlin.gradle.plugin.diagnostics.checkers.JsEnvironmentChecker$3  : loaded 2 times (x 80B)
Class org.jetbrains.kotlin.gradle.dsl.JvmTarget$Companion                             : loaded 2 times (x 73B)
Class org.jetbrains.kotlin.gradle.internal.properties.NativePropertiesLoader$downloadFromMaven$1: loaded 2 times (x 77B)
Class org.jetbrains.kotlin.gradle.plugin.internal.DefaultConfigurationCacheStartParameterAccessor_Decorated: loaded 2 times (x 123B)
Class org.jetbrains.kotlin.gradle.plugin.internal.DefaultConfigurationCacheStartParameterAccessor: loaded 2 times (x 79B)
Class org.jetbrains.kotlin.tooling.core.HasExtras                                     : loaded 2 times (x 72B)
Class com.google.common.util.concurrent.Uninterruptibles                              : loaded 2 times (x 73B)
Class androidx.annotation.experimental.lint.AnnotationRetentionDetector$Companion     : loaded 2 times (x 73B)
Class androidx.fragment.lint.UnsafeRepeatOnLifecycleDetector                          : loaded 2 times (x 173B)
Class org.codehaus.groovy.control.ConfigurationException                              : loaded 2 times (x 90B)
Class groovy.lang.GroovyClassLoader$1                                                 : loaded 2 times (x 78B)
Class org.codehaus.groovy.control.CompilationUnit$PhaseOperation                      : loaded 2 times (x 72B)
Class org.codehaus.groovy.ast.ClassCodeVisitorSupport                                 : loaded 2 times (x 213B)
Class org.codehaus.groovy.runtime.dgmimpl.NumberNumberMetaMethod                      : loaded 2 times (x 116B)
Class groovy.io.FileType                                                              : loaded 2 times (x 81B)
Class org.codehaus.groovy.runtime.m12n.ExtensionModuleScanner$ExtensionModuleListener : loaded 2 times (x 72B)
Class kotlin.sequences.DistinctSequence                                               : loaded 2 times (x 77B)
Class kotlin.reflect.jvm.internal.impl.builtins.functions.FunctionTypeKind$KSuspendFunction: loaded 2 times (x 74B)
Class kotlin.reflect.jvm.internal.KClassImpl$$Lambda$0                                : loaded 2 times (x 78B)
Class kotlin.jvm.internal.DefaultConstructorMarker                                    : loaded 2 times (x 73B)
Class kotlin.reflect.full.IllegalCallableAccessException                              : loaded 2 times (x 84B)
Class kotlin.jvm.internal.PropertyReference1                                          : loaded 2 times (x 129B)
Class org.codehaus.groovy.reflection.stdclasses.ShortCachedClass                      : loaded 2 times (x 97B)
Class com.google.common.collect.AbstractMapBasedMultimap$WrappedSet                   : loaded 2 times (x 144B)
Class org.jetbrains.kotlin.gradle.plugin.KotlinCompilationInfo$TCS$friendPaths$1      : loaded 2 times (x 81B)
Class org.jetbrains.kotlin.gradle.fus.internal.SynchronizedConfigurationMetrics$add$1 : loaded 2 times (x 81B)
Class org.jetbrains.kotlin.gradle.plugin.sources.DefaultLanguageSettingsBuilder$freeCompilerArgsProvider$1: loaded 2 times (x 97B)
Class org.jetbrains.kotlin.gradle.targets.js.npm.DevNpmDependencyExtension            : loaded 2 times (x 72B)
Class org.jetbrains.kotlin.gradle.plugin.diagnostics.checkers.PreHmppDependenciesUsageChecker: loaded 2 times (x 76B)
Class org.jetbrains.kotlin.gradle.targets.CreateArtifactsSideEffectKt                 : loaded 2 times (x 73B)
Class org.jetbrains.kotlin.gradle.plugin.AbstractKotlinMultiplatformPluginWrapper     : loaded 2 times (x 88B)
Class org.jetbrains.kotlin.konan.target.HostManager$Companion                         : loaded 2 times (x 73B)
Class org.jetbrains.kotlin.gradle.utils.GradleConfigurationUtilsKt$addGradlePluginMetadataAttributes$1: loaded 2 times (x 77B)
Class org.jetbrains.kotlin.gradle.plugin.internal.DefaultProjectIsolationStartParameterAccessor: loaded 2 times (x 79B)
Class org.jetbrains.kotlin.gradle.dsl.KotlinAndroidExtension                          : loaded 2 times (x 72B)
Class com.google.common.util.concurrent.LazyLogger                                    : loaded 2 times (x 74B)
Class org.gradle.api.specs.Spec                                                       : loaded 2 times (x 72B)
Class androidx.fragment.lint.OnCreateDialogIncorrectCallbackDetector                  : loaded 2 times (x 172B)
Class [Lcom.google.protobuf.ProtocolMessageEnum;                                      : loaded 2 times (x 71B)
Class org.codehaus.groovy.ast.expr.AttributeExpression                                : loaded 2 times (x 141B)
Class groovy.lang.Tuple10                                                             : loaded 2 times (x 208B)
Class org.codehaus.groovy.runtime.memoize.StampedCommonCache                          : loaded 2 times (x 156B)
Class org.codehaus.groovy.reflection.AccessPermissionChecker                          : loaded 2 times (x 73B)
Class org.codehaus.groovy.runtime.metaclass.MixinInstanceMetaMethod                   : loaded 2 times (x 98B)
Class groovy.lang.MetaClass                                                           : loaded 2 times (x 72B)
Class org.codehaus.groovy.reflection.ClassInfo                                        : loaded 2 times (x 94B)
Class com.google.common.collect.MapMaker                                              : loaded 2 times (x 74B)
Class org.codehaus.groovy.reflection.stdclasses.BooleanCachedClass                    : loaded 2 times (x 97B)
Class kotlin.reflect.jvm.internal.CachesKt$$Lambda$0                                  : loaded 2 times (x 77B)
Class kotlin.jvm.internal.MutablePropertyReference                                    : loaded 2 times (x 121B)
Class kotlin.jvm.internal.PropertyReference2                                          : loaded 2 times (x 129B)
Class kotlin.UnsafeLazyImpl                                                           : loaded 2 times (x 78B)
Class kotlin.LazyKt__LazyJVMKt$WhenMappings                                           : loaded 2 times (x 73B)
Class com.android.tools.lint.model.LintModelExternalLibrary                           : loaded 2 times (x 72B)
Class build_8mv0dnb2dcs6rxm46ctbg3io9                                                 : loaded 2 times (x 174B)
Class org.jetbrains.kotlin.gradle.tasks.GradleCompileTaskProviderKt                   : loaded 2 times (x 73B)
Class org.jetbrains.kotlin.gradle.plugin.SubpluginEnvironment$Companion               : loaded 2 times (x 73B)
Class org.jetbrains.kotlin.gradle.plugin.mpp.ApplyUserDefinedAttributesKt$UserDefinedAttributesSetupAction$1$1$3: loaded 2 times (x 77B)
Class org.jetbrains.kotlin.gradle.tasks.configuration.BaseKotlinCompileConfig$Companion: loaded 2 times (x 73B)
Class org.jetbrains.kotlin.gradle.plugin.mpp.compilationImpl.KotlinCompilationImpl$Params: loaded 2 times (x 74B)
Class org.jetbrains.kotlin.gradle.tooling.BuildKotlinToolingMetadataTask              : loaded 2 times (x 316B)
Class org.jetbrains.kotlin.gradle.plugin.internal.CompatibilityConventionRegistrarKt  : loaded 2 times (x 73B)
Class org.jetbrains.kotlin.konan.target.UtilsKt                                       : loaded 2 times (x 73B)
Class org.jetbrains.kotlin.gradle.artifacts.KotlinJvmJarArtifactKt                    : loaded 2 times (x 73B)
Class org.jetbrains.kotlin.gradle.plugin.mpp.compilationImpl.CreateCInteropTasksSideEffectKt$special$$inlined$KotlinCompilationSideEffect$1: loaded 2 times (x 76B)
Class org.jetbrains.kotlin.gradle.plugin.statistics.FinalizeConfigurationFusMetricActionKt: loaded 2 times (x 73B)
Class org.jetbrains.kotlin.gradle.targets.native.toolchain.KotlinNativeBundleBuildService$Companion$registerIfAbsent$2$1: loaded 2 times (x 81B)
Class org.jetbrains.kotlin.gradle.plugin.statistics.KotlinBuildStatsBeanService       : loaded 2 times (x 89B)
Class org.jetbrains.kotlin.gradle.plugin.internal.MavenPublicationComponentAccessor$Factory: loaded 2 times (x 72B)
Class androidx.fragment.lint.AttachAndDetachInSameTransactionDetector$Issues          : loaded 2 times (x 73B)
Class com.google.protobuf.UninitializedMessageException                               : loaded 2 times (x 86B)
Class groovy.lang.Tuple11                                                             : loaded 2 times (x 208B)
Class groovy.lang.Tuple0                                                              : loaded 2 times (x 208B)
Class [Lorg.codehaus.groovy.ast.ASTNode;                                              : loaded 2 times (x 71B)
Class groovy.lang.EmptyRange                                                          : loaded 2 times (x 244B)
Class org.codehaus.groovy.reflection.stdclasses.IntegerCachedClass                    : loaded 2 times (x 97B)
Class [Lkotlin.reflect.jvm.internal.impl.builtins.jvm.JavaToKotlinClassMap$PlatformMutabilityMapping;: loaded 2 times (x 71B)
Class kotlin.reflect.jvm.internal.CachesKt$$Lambda$1                                  : loaded 2 times (x 77B)
Class kotlin.reflect.full.IllegalPropertyDelegateAccessException                      : loaded 2 times (x 84B)
Class kotlinx.coroutines.CoroutineContextKt                                           : loaded 2 times (x 73B)
Class it.unimi.dsi.fastutil.HashCommon                                                : loaded 2 times (x 73B)
Class kotlin.LazyThreadSafetyMode                                                     : loaded 2 times (x 81B)
Class com.android.tools.lint.model.LintModelVariant                                   : loaded 2 times (x 72B)
Class kotlin.jvm.internal.ArrayIterator                                               : loaded 2 times (x 81B)
Class org.jetbrains.kotlin.gradle.tasks.configuration.AbstractKotlinCompileConfig$1$1 : loaded 2 times (x 76B)
Class org.jetbrains.kotlin.gradle.tasks.KotlinCompile$kotlinOptions$1                 : loaded 2 times (x 81B)
Class org.jetbrains.kotlin.tooling.core.ExtrasLazyProperty                            : loaded 2 times (x 72B)
Class org.jetbrains.kotlin.gradle.internal.properties.NativeProperties$Companion      : loaded 2 times (x 73B)
Class org.jetbrains.kotlin.gradle.utils.StringUtilsKt                                 : loaded 2 times (x 73B)
Class org.jetbrains.kotlin.gradle.targets.ConfigureBuildSideEffectKt$ConfigureBuildSideEffect$1: loaded 2 times (x 76B)
Class org.jetbrains.kotlin.gradle.utils.CompletableFuture                             : loaded 2 times (x 72B)
Class org.jetbrains.kotlin.gradle.plugin.diagnostics.DiagnosticGroup$Kgp$Misconfiguration: loaded 2 times (x 84B)
Class org.jetbrains.kotlin.build.report.metrics.BuildPerformanceMetric                : loaded 2 times (x 74B)
Class [Lorg.jetbrains.kotlin.statistics.metrics.StringOverridePolicy;                 : loaded 2 times (x 71B)
Class org.jetbrains.kotlin.gradle.plugin.internal.JavaExecTaskParametersCompatibility : loaded 2 times (x 72B)
Class com.google.common.cache.LocalCache$LoadingValueReference                        : loaded 2 times (x 98B)
Class com.google.protobuf.GeneratedMessageV3$1                                        : loaded 2 times (x 80B)
Class groovy.lang.Tuple12                                                             : loaded 2 times (x 208B)
Class groovy.lang.Tuple1                                                              : loaded 2 times (x 208B)
Class org.codehaus.groovy.runtime.ScriptBytecodeAdapter                               : loaded 2 times (x 73B)
Class org.codehaus.groovy.runtime.callsite.CallSiteArray                              : loaded 2 times (x 74B)
Class org.codehaus.groovy.runtime.typehandling.GroovyCastException                    : loaded 2 times (x 84B)
Class org.codehaus.groovy.runtime.DefaultGroovyMethods                                : loaded 2 times (x 73B)
Class groovy.lang.StringWriterIOException                                             : loaded 2 times (x 85B)
Class groovy.lang.GroovySystem                                                        : loaded 2 times (x 73B)
Class com.android.utils.PositionXmlParser$DomBuilder                                  : loaded 2 times (x 150B)
Class kotlin.jvm.internal.SpreadBuilder                                               : loaded 2 times (x 78B)
Class kotlin.reflect.jvm.internal.CachesKt$$Lambda$2                                  : loaded 2 times (x 77B)
Class kotlinx.coroutines.internal.DispatchedContinuation                              : loaded 2 times (x 91B)
Class kotlinx.coroutines.internal.Symbol                                              : loaded 2 times (x 74B)
Class kotlin.collections.EmptyIterator                                                : loaded 2 times (x 91B)
Class kotlin.SynchronizedLazyImpl                                                     : loaded 2 times (x 78B)
Class [Lcom.android.tools.lint.model.LintModelArtifactType;                           : loaded 2 times (x 71B)
Class com.android.tools.lint.model.LintModelMavenName                                 : loaded 2 times (x 72B)
Class kotlin.text.StringsKt__RegexExtensionsKt                                        : loaded 2 times (x 73B)
Class groovy.lang.MetaProperty                                                        : loaded 2 times (x 79B)
Class com.google.common.reflect.Invokable$MethodInvokable                             : loaded 2 times (x 109B)
Class org.jetbrains.kotlin.gradle.tasks.configuration.AbstractKotlinCompileConfig$getClasspathSnapshotDir$1: loaded 2 times (x 76B)
Class org.jetbrains.kotlin.gradle.tasks.configuration.AbstractKotlinCompileConfig$1$2 : loaded 2 times (x 76B)
Class org.jetbrains.kotlin.gradle.plugin.statistics.ConfigurationMetricsBuildFusParameters: loaded 2 times (x 72B)
Class org.jetbrains.kotlin.gradle.tasks.configuration.AbstractKotlinCompileConfigKt$explicitApiMode$1: loaded 2 times (x 77B)
Class com.google.common.base.Platform                                                 : loaded 2 times (x 73B)
Class com.google.common.collect.Multimaps$Entries                                     : loaded 2 times (x 120B)
Class org.jetbrains.kotlin.gradle.plugin.diagnostics.checkers.CommonMainOrTestWithDependsOnChecker: loaded 2 times (x 76B)
Class org.jetbrains.kotlin.gradle.artifacts.KotlinNativeHostSpecificMetadataArtifactKt: loaded 2 times (x 73B)
Class org.jetbrains.kotlin.gradle.plugin.mpp.compilationImpl.KotlinCreateLifecycleTasksSideEffectKt: loaded 2 times (x 73B)
Class org.jetbrains.kotlin.gradle.plugin.KotlinTarget                                 : loaded 2 times (x 72B)
Class org.jetbrains.kotlin.gradle.utils.ConfigurationsKt$createResolvable$1           : loaded 2 times (x 80B)
Class [Lorg.jetbrains.kotlin.statistics.metrics.BooleanAnonymizationPolicy;           : loaded 2 times (x 71B)
Class androidx.annotation.experimental.lint.AnnotationRetentionDetector               : loaded 2 times (x 174B)
Class com.google.protobuf.Internal$LongList                                           : loaded 2 times (x 72B)
Class groovy.lang.Tuple13                                                             : loaded 2 times (x 208B)
Class groovy.lang.Tuple2                                                              : loaded 2 times (x 208B)
Class org.codehaus.groovy.reflection.ReflectionUtils$ClassContextHelper               : loaded 2 times (x 103B)
Class org.codehaus.groovy.ast.ClassNode                                               : loaded 2 times (x 244B)
Class org.codehaus.groovy.reflection.stdclasses.ByteCachedClass                       : loaded 2 times (x 97B)
Class kotlin.reflect.jvm.internal.KMutableProperty1Impl$$Lambda$0                     : loaded 2 times (x 78B)
Class kotlin.coroutines.jvm.internal.RestrictedSuspendLambda                          : loaded 2 times (x 93B)
Class kotlin.reflect.jvm.internal.CachesKt$$Lambda$3                                  : loaded 2 times (x 77B)
Class com.android.tools.lint.model.LintModelLibrary                                   : loaded 2 times (x 72B)
Class kotlin.sequences.SequencesKt__SequencesJVMKt                                    : loaded 2 times (x 73B)
Class org.codehaus.groovy.ast.expr.BinaryExpression                                   : loaded 2 times (x 136B)
Class kotlin.collections.AbstractList                                                 : loaded 2 times (x 199B)
Class kotlin.collections.AbstractCollection                                           : loaded 2 times (x 119B)
Class groovyjarjarasm.asm.Type                                                        : loaded 2 times (x 74B)
Class build_46lfueya9knwmqpf8j19h1d3i$_run_closure1                                   : loaded 2 times (x 140B)
Class com.google.common.collect.AbstractMapBasedMultimap$WrappedList                  : loaded 2 times (x 207B)
Class com.google.common.collect.CompoundOrdering                                      : loaded 2 times (x 117B)
Class [Lorg.jetbrains.kotlin.build.report.metrics.BuildAttributeKind;                 : loaded 2 times (x 71B)
Class org.jetbrains.kotlin.gradle.tasks.K2MultiplatformStructure                      : loaded 2 times (x 76B)
Class org.jetbrains.kotlin.gradle.internal.KotlinDependenciesManagementKt$allNonProjectDependencies$1: loaded 2 times (x 76B)
Class org.jetbrains.kotlin.compilerRunner.CompilerSystemPropertiesService$Parameters  : loaded 2 times (x 72B)
Class org.jetbrains.kotlin.gradle.plugin.mpp.compilationImpl.KotlinCompilationSourceSetsContainer: loaded 2 times (x 72B)
Class org.jetbrains.kotlin.gradle.artifacts.KotlinNativeKlibArtifactKt                : loaded 2 times (x 73B)
Class org.jetbrains.kotlin.gradle.plugin.ProjectLocalConfigurations                   : loaded 2 times (x 73B)
Class org.jetbrains.kotlin.gradle.plugin.mpp.KotlinUsages$KotlinUsagesDisambiguation  : loaded 2 times (x 78B)
Class org.jetbrains.kotlin.gradle.plugin.diagnostics.KotlinToolingDiagnosticsCollector$Parameter: loaded 2 times (x 72B)
Class org.jetbrains.kotlin.gradle.plugin.diagnostics.KotlinToolingDiagnosticsCollectorKt$kotlinToolingDiagnosticsCollectorProvider$1: loaded 2 times (x 77B)
Class org.jetbrains.kotlin.tooling.core.Extras$Key$Companion                          : loaded 2 times (x 73B)
Class org.jetbrains.kotlin.tooling.core.Extras$Key                                    : loaded 2 times (x 74B)
Class [Lorg.objectweb.asm.AnnotationWriter;                                           : loaded 2 times (x 71B)
Class androidx.fragment.lint.OnCreateDialogIncorrectCallbackDetector$Issues           : loaded 2 times (x 73B)
Class com.google.protobuf.InvalidProtocolBufferException                              : loaded 2 times (x 89B)
Class groovy.lang.Tuple14                                                             : loaded 2 times (x 208B)
Class groovy.lang.Tuple3                                                              : loaded 2 times (x 208B)
Class org.codehaus.groovy.ast.stmt.AssertStatement                                    : loaded 2 times (x 116B)
Class org.codehaus.groovy.control.ResolveVisitor                                      : loaded 2 times (x 238B)
Class org.codehaus.groovy.runtime.typehandling.DefaultTypeTransformation              : loaded 2 times (x 73B)
Class org.codehaus.groovy.util.SingleKeyHashMap$Copier                                : loaded 2 times (x 72B)
Class groovy.lang.MetaClassImpl                                                       : loaded 2 times (x 195B)
Class kotlin.Triple                                                                   : loaded 2 times (x 74B)
Class kotlin.sequences.SequencesKt__SequenceBuilderKt$sequence$$inlined$Sequence$1    : loaded 2 times (x 77B)
Class kotlin.reflect.jvm.internal.CachesKt$$Lambda$4                                  : loaded 2 times (x 77B)
Class kotlin.collections.ArrayAsCollection                                            : loaded 2 times (x 107B)
Class kotlin.LazyKt__LazyKt                                                           : loaded 2 times (x 73B)
Class kotlin.text.Regex                                                               : loaded 2 times (x 74B)
Class com.android.utils.EnvironmentProvider                                           : loaded 2 times (x 72B)
Class kotlin.text.StringsKt__StringBuilderJVMKt                                       : loaded 2 times (x 73B)
Class com.google.protobuf.CodedInputStream$StreamDecoder                              : loaded 2 times (x 121B)
Class org.gradle.internal.classloader.ClassLoaderHierarchy                            : loaded 2 times (x 72B)
Class com.google.common.collect.ImmutableRangeSet$Builder                             : loaded 2 times (x 79B)
Class [Lcom.google.common.collect.Iterators$EmptyModifiableIterator;                  : loaded 2 times (x 71B)
Class org.jetbrains.kotlin.gradle.plugin.diagnostics.CheckKotlinGradlePluginConfigurationErrors: loaded 2 times (x 318B)
Class org.jetbrains.kotlin.gradle.plugin.sources.DefaultKotlinSourceSetKt             : loaded 2 times (x 73B)
Class org.jetbrains.kotlin.gradle.dsl.KotlinJvmOptions                                : loaded 2 times (x 72B)
Class org.jetbrains.kotlin.gradle.plugin.mpp.HierarchyAttributeContainer$1            : loaded 2 times (x 80B)
Class org.jetbrains.kotlin.gradle.plugin.KotlinPluginLifecycle                        : loaded 2 times (x 72B)
Class org.jetbrains.kotlin.gradle.plugin.KotlinJsPluginWrapper                        : loaded 2 times (x 88B)
Class org.jetbrains.kotlin.gradle.dsl.ToolchainSupport                                : loaded 2 times (x 72B)
Class org.jetbrains.kotlin.tooling.core.Extras                                        : loaded 2 times (x 72B)
Class org.jetbrains.kotlin.gradle.plugin.mpp.InternalKotlinTarget                     : loaded 2 times (x 72B)
Class org.jetbrains.kotlin.gradle.fus.BuildUidService$Inject_                         : loaded 2 times (x 102B)
Class org.jetbrains.kotlin.statistics.metrics.NumberAnonymizationPolicy$RANDOM_10_PERCENT: loaded 2 times (x 87B)
Class org.jetbrains.kotlin.statistics.metrics.StringMetrics                           : loaded 2 times (x 81B)
Class com.google.common.cache.LocalCache$StrongValueReference                         : loaded 2 times (x 92B)
Class com.google.protobuf.Extension                                                   : loaded 2 times (x 87B)
Class com.google.protobuf.MessageOrBuilder                                            : loaded 2 times (x 72B)
Class org.codehaus.groovy.util.URLStreams                                             : loaded 2 times (x 73B)
Class groovy.lang.Tuple15                                                             : loaded 2 times (x 208B)
Class groovy.lang.Tuple4                                                              : loaded 2 times (x 208B)
Class org.codehaus.groovy.ast.expr.MethodCallExpression                               : loaded 2 times (x 154B)
Class org.codehaus.groovy.runtime.dgmimpl.arrays.LongArrayGetAtMetaMethod             : loaded 2 times (x 99B)
Class org.codehaus.groovy.runtime.dgmimpl.arrays.ArrayGetAtMetaMethod                 : loaded 2 times (x 99B)
Class org.jetbrains.kotlin.gradle.plugin.internal.ConfigurationCacheStartParameterAccessorKt: loaded 2 times (x 73B)
Class it.unimi.dsi.fastutil.ints.AbstractIntSet                                       : loaded 2 times (x 235B)
Class org.jetbrains.kotlin.gradle.plugin.KotlinPlatformType$Companion                 : loaded 2 times (x 73B)
Class kotlin.jvm.internal.ReflectionFactory                                           : loaded 2 times (x 93B)
Class kotlin.jvm.internal.Ref$ObjectRef                                               : loaded 2 times (x 74B)
Class kotlin.UNINITIALIZED_VALUE                                                      : loaded 2 times (x 73B)
Class org.jetbrains.kotlin.gradle.tasks.CompilerPluginOptions                         : loaded 2 times (x 74B)
Class org.jetbrains.kotlin.gradle.plugin.mpp.KotlinTargetSoftwareComponentImpl        : loaded 2 times (x 92B)
Class org.jetbrains.kotlin.gradle.plugin.mpp.DefaultKotlinUsageContext$PublishOnlyIf  : loaded 2 times (x 72B)
Class org.jetbrains.kotlin.gradle.dsl.KotlinCommonCompilerOptionsHelper               : loaded 2 times (x 73B)
Class org.jetbrains.kotlin.gradle.plugin.KotlinJvmPlugin$Companion                    : loaded 2 times (x 73B)
Class org.jetbrains.kotlin.gradle.artifacts.KotlinMetadataArtifactKt                  : loaded 2 times (x 73B)
Class org.jetbrains.kotlin.gradle.targets.CreateArtifactsSideEffectKt$CreateArtifactsSideEffect$1: loaded 2 times (x 76B)
Class org.jetbrains.kotlin.gradle.plugin.diagnostics.KotlinToolingDiagnostics         : loaded 2 times (x 73B)
Class org.jetbrains.kotlin.gradle.internal.properties.PropertiesBuildService$property$1$valueFromGradleAndLocalProperties$1: loaded 2 times (x 77B)
Class org.jetbrains.kotlin.gradle.plugin.KotlinPluginWrapperKt$kotlinToolingVersion$2 : loaded 2 times (x 80B)
Class org.gradle.internal.classloader.VisitableURLClassLoader$InstrumentingVisitableURLClassLoader: loaded 2 times (x 124B)
Class com.android.ide.common.gradle.DEV                                               : loaded 2 times (x 79B)
Class groovy.lang.Tuple16                                                             : loaded 2 times (x 208B)
Class groovy.lang.Tuple5                                                              : loaded 2 times (x 208B)
Class groovy.lang.MetaClassImpl$DummyMetaMethod                                       : loaded 2 times (x 99B)
Class org.codehaus.groovy.runtime.dgmimpl.arrays.ShortArrayPutAtMetaMethod            : loaded 2 times (x 99B)
Class org.codehaus.groovy.transform.trait.Traits$Implemented                          : loaded 2 times (x 72B)
Class com.google.common.collect.MapMakerInternalMap$AbstractWeakKeyEntry              : loaded 2 times (x 90B)
Class org.jetbrains.kotlin.gradle.plugin.KotlinPlatformType$DisambiguationRule        : loaded 2 times (x 78B)
Class [Lkotlin.reflect.jvm.internal.impl.resolve.jvm.JvmPrimitiveType;                : loaded 2 times (x 71B)
Class kotlin.jvm.internal.ClassBasedDeclarationContainer                              : loaded 2 times (x 72B)
Class kotlin.coroutines.Continuation                                                  : loaded 2 times (x 72B)
Class kotlin.coroutines.CoroutineContext$Element$DefaultImpls                         : loaded 2 times (x 73B)
Class kotlinx.coroutines.Job$DefaultImpls                                             : loaded 2 times (x 73B)
Class kotlin.ranges.RangesKt__RangesKt                                                : loaded 2 times (x 73B)
Class org.jetbrains.kotlin.gradle.targets.ConfigureNonPackedKlibConsumingSideEffectKt : loaded 2 times (x 73B)
Class com.android.tools.lint.model.LintModelArtifactType                              : loaded 2 times (x 81B)
Class kotlin.collections.SetsKt___SetsKt                                              : loaded 2 times (x 73B)
Class kotlin.sequences.SequencesKt__SequencesKt                                       : loaded 2 times (x 73B)
Class kotlin.comparisons.ComparisonsKt__ComparisonsKt                                 : loaded 2 times (x 73B)
Class [Lorg.jetbrains.kotlin.gradle.tasks.KotlinCompilerExecutionStrategy;            : loaded 2 times (x 71B)
Class org.jetbrains.kotlin.gradle.tasks.FailedCompilationException                    : loaded 2 times (x 84B)
Class org.jetbrains.kotlin.gradle.plugin.mpp.DefaultKotlinUsageContext$1              : loaded 2 times (x 76B)
Class org.jetbrains.kotlin.gradle.plugin.mpp.compilationImpl.KotlinCompilationImpl$associateWith$2: loaded 2 times (x 81B)
Class org.jetbrains.kotlin.gradle.plugin.hierarchy.KotlinSourceSetTreeClassifier      : loaded 2 times (x 72B)
Class org.jetbrains.kotlin.gradle.plugin.mpp.compilationImpl.KotlinCompilationAssociator: loaded 2 times (x 72B)
Class org.jetbrains.kotlin.gradle.utils.WhenEvaluatedKt$whenEvaluated$afterAndroidDispatchQueue$1$1$1: loaded 2 times (x 77B)
Class org.jetbrains.kotlin.gradle.plugin.mpp.KotlinNativeTarget                       : loaded 2 times (x 166B)
Class org.jetbrains.kotlin.gradle.plugin.diagnostics.checkers.KotlinSourceSetTreeDependsOnMismatchChecker$runChecks$1: loaded 2 times (x 89B)
Class org.jetbrains.kotlin.gradle.plugin.diagnostics.checkers.PreHmppDependenciesUsageChecker$runChecks$1: loaded 2 times (x 89B)
Class org.jetbrains.kotlin.gradle.utils.ProjectExtensionsKt                           : loaded 2 times (x 73B)
Class org.jetbrains.kotlin.gradle.plugin.KotlinSourceSetTree$Companion                : loaded 2 times (x 73B)
Class org.jetbrains.kotlin.konan.target.UtilsKt$evaluatePresetName$1                  : loaded 2 times (x 80B)
Class org.jetbrains.kotlin.gradle.plugin.diagnostics.KotlinGradleProjectChecker$Companion: loaded 2 times (x 73B)
Class org.jetbrains.kotlin.gradle.plugin.KotlinGradleBuildServices$Parameters         : loaded 2 times (x 72B)
Class org.jetbrains.kotlin.gradle.plugin.statistics.BuildFusService$Companion$registerIfAbsent$1$1$1: loaded 2 times (x 77B)
Class org.jetbrains.kotlin.statistics.fileloggers.MetricsContainer$Companion          : loaded 2 times (x 73B)
Class org.objectweb.asm.ByteVector                                                    : loaded 2 times (x 81B)
Class [Lcom.google.common.cache.CacheBuilder$NullListener;                            : loaded 2 times (x 71B)
Class org.gradle.internal.classloader.VisitableURLClassLoader$Spec                    : loaded 2 times (x 76B)
Class org.gradle.internal.classpath.DefaultClassPath                                  : loaded 2 times (x 92B)
Class com.google.protobuf.Utf8$Processor                                              : loaded 2 times (x 79B)
Class com.google.protobuf.Reader                                                      : loaded 2 times (x 72B)
Class groovy.lang.Tuple6                                                              : loaded 2 times (x 208B)
Class [Lgroovy.lang.groovydoc.GroovydocHolder;                                        : loaded 2 times (x 71B)
Class org.codehaus.groovy.runtime.metaclass.ClosureStaticMetaMethod                   : loaded 2 times (x 104B)
Class org.codehaus.groovy.runtime.dgmimpl.NumberNumberPlus                            : loaded 2 times (x 116B)
Class org.codehaus.groovy.util.ReferenceType$1                                        : loaded 2 times (x 82B)
Class it.unimi.dsi.fastutil.ints.IntArrays                                            : loaded 2 times (x 73B)
Class kotlin.Result$Companion                                                         : loaded 2 times (x 73B)
Class kotlin.coroutines.jvm.internal.BaseContinuationImpl                             : loaded 2 times (x 89B)
Class it.unimi.dsi.fastutil.Hash$Strategy                                             : loaded 2 times (x 72B)
Class kotlin.text.MatchGroup                                                          : loaded 2 times (x 74B)
Class kotlin.sequences.FilteringSequence                                              : loaded 2 times (x 77B)
Class com.android.tools.lint.model.LintModelDependencies                              : loaded 2 times (x 72B)
Class kotlin.text.CharsKt__CharJVMKt                                                  : loaded 2 times (x 73B)
Class kotlin.comparisons.ComparisonsKt                                                : loaded 2 times (x 73B)
Class kotlin.comparisons.ComparisonsKt___ComparisonsKt                                : loaded 2 times (x 73B)
Class org.jetbrains.kotlin.gradle.plugin.diagnostics.checkers.MissingNativeStdlibChecker: loaded 2 times (x 76B)
Class org.jetbrains.kotlin.gradle.plugin.DefaultKotlinBasePlugin$addKotlinCompilerConfiguration$2$1$1: loaded 2 times (x 77B)
Class org.jetbrains.kotlin.gradle.plugin.mpp.KotlinSoftwareComponentKt                : loaded 2 times (x 73B)
Class org.jetbrains.kotlin.gradle.plugin.mpp.compilationImpl.KotlinCompilationSourceSetInclusion$AddSourcesToCompileTask: loaded 2 times (x 72B)
Class [Lorg.jetbrains.kotlin.gradle.plugin.HasProject;                                : loaded 2 times (x 71B)
Class org.jetbrains.kotlin.gradle.utils.MutableObservableSetImpl                      : loaded 2 times (x 165B)
Class org.jetbrains.kotlin.gradle.tasks.KotlinTasksProvider                           : loaded 2 times (x 74B)
Class org.jetbrains.kotlin.gradle.dsl.DefaultToolchainSupport$wireToolchainToTasks$1  : loaded 2 times (x 77B)
Class org.jetbrains.kotlin.gradle.dsl.KotlinCommonCompilerOptions                     : loaded 2 times (x 72B)
Class org.jetbrains.kotlin.gradle.plugin.KotlinJsCompilerTypeHolder                   : loaded 2 times (x 72B)
Class org.jetbrains.kotlin.konan.target.Architecture                                  : loaded 2 times (x 81B)
Class org.jetbrains.kotlin.gradle.internal.properties.PropertiesBuildService$MemoizedCallable: loaded 2 times (x 77B)
Class org.jetbrains.kotlin.gradle.plugin.internal.DefaultMavenPublicationComponentAccessorFactory: loaded 2 times (x 78B)
Class org.objectweb.asm.Symbol                                                        : loaded 2 times (x 75B)
Class com.google.protobuf.AbstractMessage$BuilderParent                               : loaded 2 times (x 72B)
Class groovy.lang.Tuple7                                                              : loaded 2 times (x 208B)
Class org.codehaus.groovy.runtime.InvokerInvocationException                          : loaded 2 times (x 89B)
Class org.codehaus.groovy.util.ReferenceType$2                                        : loaded 2 times (x 82B)
Class groovy.lang.Closure                                                             : loaded 2 times (x 133B)
Class com.android.utils.PositionXmlParser$ParserFactoryFunction                       : loaded 2 times (x 72B)
Class org.jetbrains.kotlin.gradle.targets.js.npm.NpmDependencyExtensionKt$defaultNpmDependencyDelegate$1: loaded 2 times (x 162B)
Class kotlin.reflect.KType                                                            : loaded 2 times (x 72B)
Class org.jetbrains.kotlin.gradle.plugin.KotlinPluginLifecycleImpl$launch$coroutine$1 : loaded 2 times (x 78B)
Class org.jetbrains.kotlin.gradle.internal.KotlinDomApiDependencyManagementKt         : loaded 2 times (x 73B)
Class org.jetbrains.kotlin.gradle.tasks.CInteropProcess                               : loaded 2 times (x 347B)
Class org.jetbrains.kotlin.gradle.tasks.AbstractKotlinCompile$friendPathsSet$1        : loaded 2 times (x 77B)
Class org.jetbrains.kotlin.build.report.metrics.BuildAttributes                       : loaded 2 times (x 74B)
Class org.jetbrains.kotlin.gradle.plugin.cocoapods.KotlinCocoapodsPlugin$Companion    : loaded 2 times (x 73B)
Class org.jetbrains.kotlin.gradle.plugin.mpp.compilationImpl.KotlinCompilationImpl    : loaded 2 times (x 145B)
Class [Lorg.jetbrains.kotlin.gradle.plugin.mpp.compilationImpl.factory.KotlinCompilationImplFactory$PostConfigure;: loaded 2 times (x 71B)
Class org.jetbrains.kotlin.gradle.plugin.KotlinSourceSet$Companion                    : loaded 2 times (x 73B)
Class org.jetbrains.kotlin.konan.target.KonanTarget$MACOS_X64                         : loaded 2 times (x 80B)
Class org.jetbrains.kotlin.konan.util.Named                                           : loaded 2 times (x 72B)
Class [Lorg.jetbrains.kotlin.gradle.report.BuildReportMode;                           : loaded 2 times (x 71B)
Class org.jetbrains.kotlin.statistics.metrics.BooleanOverridePolicy                   : loaded 2 times (x 87B)
Class org.jetbrains.kotlin.gradle.plugin.AbstractKotlinAndroidPluginWrapper           : loaded 2 times (x 88B)
Class org.gradle.internal.classloader.ClassLoaderSpec                                 : loaded 2 times (x 73B)
Class groovy.lang.Tuple8                                                              : loaded 2 times (x 208B)
Class org.codehaus.groovy.GroovyExceptionInterface                                    : loaded 2 times (x 72B)
Class org.codehaus.groovy.runtime.memoize.UnlimitedConcurrentCache                    : loaded 2 times (x 136B)
Class org.codehaus.groovy.ast.ConstructorNode                                         : loaded 2 times (x 159B)
Class org.codehaus.groovy.reflection.ReflectionCache                                  : loaded 2 times (x 73B)
Class org.codehaus.groovy.util.ReferenceType$3                                        : loaded 2 times (x 82B)
Class it.unimi.dsi.fastutil.ints.IntArrays$ForkJoinQuickSortComp                      : loaded 2 times (x 97B)
Class kotlin.reflect.jvm.internal.ReflectProperties$Val$1                             : loaded 2 times (x 73B)
Class kotlin.text.DelimitedRangesSequence                                             : loaded 2 times (x 77B)
Class com.android.tools.lint.model.LintModelSerialization$LintModelSerializationFileAdapter: loaded 2 times (x 89B)
Class kotlin.collections.CollectionsKt___CollectionsJvmKt                             : loaded 2 times (x 73B)
Class com.android.prefs.VariableType                                                  : loaded 2 times (x 81B)
Class kotlin.jvm.internal.FunctionReferenceImpl                                       : loaded 2 times (x 124B)
Class org.jetbrains.kotlin.gradle.tasks.DefaultKotlinJavaToolchain$DefaultJavaToolchainSetter: loaded 2 times (x 77B)
Class org.jetbrains.kotlin.build.report.metrics.BuildAttributeKind                    : loaded 2 times (x 81B)
Class org.jetbrains.kotlin.gradle.plugin.mpp.KotlinCompilationsKt$moduleNameForCompilation$1: loaded 2 times (x 77B)
Class org.jetbrains.kotlin.gradle.plugin.sources.KotlinDependencyScopeKt              : loaded 2 times (x 73B)
Class org.jetbrains.kotlin.gradle.plugin.diagnostics.TransformActionUsingKotlinToolingDiagnostics$Parameters: loaded 2 times (x 72B)
Class org.jetbrains.kotlin.compilerRunner.CompilerSystemPropertiesService$Companion$registerIfAbsent$2$1: loaded 2 times (x 81B)
Class org.jetbrains.kotlin.gradle.plugin.mpp.KotlinCompilationsKt$addSourcesToKotlinCompileTask$1: loaded 2 times (x 77B)
Class org.jetbrains.kotlin.gradle.internal.KotlinDependenciesManagementKt$configureDefaultVersionsResolutionStrategy$1$1: loaded 2 times (x 77B)
Class org.jetbrains.kotlin.gradle.utils.KotlinExtensionUtilsKt$forAllTargets$1        : loaded 2 times (x 97B)
Class org.jetbrains.kotlin.gradle.plugin.diagnostics.CheckKotlinGradlePluginConfigurationErrorsKt$locateOrRegisterCheckKotlinGradlePluginErrorsTask$taskProvider$1: loaded 2 times (x 77B)
Class org.jetbrains.kotlin.gradle.plugin.diagnostics.checkers.KmpPartiallyResolvedDependenciesChecker$runChecks$1: loaded 2 times (x 89B)
Class org.jetbrains.kotlin.gradle.plugin.diagnostics.checkers.OverriddenKotlinNativeHomeChecker$StdlibExistenceCheckerValueSource$Params: loaded 2 times (x 72B)
Class org.jetbrains.kotlin.gradle.dsl.PlatformSourceSetConventionsChecker$nativeTargetPresets$1$1: loaded 2 times (x 81B)
Class org.jetbrains.kotlin.gradle.tooling.BuildKotlinToolingMetadataTaskKt$buildKotlinToolingMetadataTask$1: loaded 2 times (x 80B)
Class org.jetbrains.kotlin.gradle.internal.Kapt3GradleSubplugin$Companion             : loaded 2 times (x 73B)
Class org.jetbrains.kotlin.gradle.plugin.mpp.compilationImpl.KotlinCreateCompilationArchiveTaskKt$KotlinRegisterCompilationArchiveTasksExtension$1: loaded 2 times (x 76B)
Class [Lorg.jetbrains.kotlin.statistics.metrics.NumberOverridePolicy;                 : loaded 2 times (x 71B)
Class org.jetbrains.kotlin.gradle.internal.properties.PropertiesBuildService$GradleProperty: loaded 2 times (x 72B)
Class org.jetbrains.kotlin.gradle.plugin.statistics.BuildFinishBuildService$Companion : loaded 2 times (x 73B)
Class org.jetbrains.kotlin.gradle.utils.StoredPropertyKt$projectStoredProperty$1      : loaded 2 times (x 80B)
Class org.objectweb.asm.AnnotationWriter                                              : loaded 2 times (x 80B)
Class com.google.common.cache.CacheStats                                              : loaded 2 times (x 73B)
Class androidx.fragment.lint.UseRequireInsteadOfGet$Companion                         : loaded 2 times (x 73B)
Class groovy.lang.Tuple9                                                              : loaded 2 times (x 208B)
Class org.codehaus.groovy.util.ComplexKeyHashMap$Entry                                : loaded 2 times (x 76B)
Class [Lgroovy.lang.MetaClass;                                                        : loaded 2 times (x 71B)
Class org.codehaus.groovy.reflection.ClassInfo$LazyClassLoaderRef                     : loaded 2 times (x 84B)
Class org.codehaus.groovy.util.ReferenceType$4                                        : loaded 2 times (x 82B)
Class kotlin.jdk7.AutoCloseableKt                                                     : loaded 2 times (x 73B)
Class it.unimi.dsi.fastutil.objects.AbstractObject2IntMap                             : loaded 2 times (x 241B)
Class com.android.resources.ResourceType                                              : loaded 2 times (x 81B)
Class kotlin.time.DurationKt                                                          : loaded 2 times (x 73B)
Class kotlin.jvm.internal.markers.KMutableIterable                                    : loaded 2 times (x 72B)
Class org.jetbrains.kotlin.gradle.plugin.mpp.KotlinVariantWithCoordinates             : loaded 2 times (x 108B)
Class kotlinx.coroutines.CoroutineStart$WhenMappings                                  : loaded 2 times (x 73B)
Class kotlin.TuplesKt                                                                 : loaded 2 times (x 73B)
Class kotlin.Unit                                                                     : loaded 2 times (x 73B)
Class com.google.common.collect.SortedSetMultimap                                     : loaded 2 times (x 72B)
Class kotlin.sequences.SequencesKt___SequencesJvmKt                                   : loaded 2 times (x 73B)
Class com.android.tools.lint.model.PathVariables                                      : loaded 2 times (x 74B)
Class com.google.common.io.FileWriteMode                                              : loaded 2 times (x 81B)
Class com.google.common.collect.ImmutableMultisetGwtSerializationDependencies         : loaded 2 times (x 127B)
Class org.jetbrains.kotlin.gradle.tasks.K2MultiplatformStructure$RefinesEdge          : loaded 2 times (x 74B)
Class org.jetbrains.kotlin.gradle.plugin.mpp.SyncLanguageSettingsWithKotlinExtensionSetupActionKt$SyncLanguageSettingsWithKotlinExtensionSetupAction$1$1: loaded 2 times (x 77B)
Class org.jetbrains.kotlin.gradle.tasks.configuration.TaskConfigAction$configureTask$1: loaded 2 times (x 81B)
Class com.google.common.collect.AbstractMapBasedMultimap$2                            : loaded 2 times (x 87B)
Class org.jetbrains.kotlin.gradle.plugin.diagnostics.checkers.DuplicateSourceSetChecker$runChecks$1: loaded 2 times (x 89B)
Class org.jetbrains.kotlin.gradle.dsl.JvmTarget                                       : loaded 2 times (x 81B)
Class org.jetbrains.kotlin.gradle.dsl.abi.AbiValidationExtension                      : loaded 2 times (x 72B)
Class org.jetbrains.kotlin.gradle.plugin.diagnostics.ToolingDiagnostic$Severity       : loaded 2 times (x 81B)
Class org.jetbrains.kotlin.gradle.internal.ClassLoadersCachingBuildService            : loaded 2 times (x 78B)
Class org.jetbrains.kotlin.gradle.plugin.internal.DefaultJavaExecTaskParametersCompatibility$Factory: loaded 2 times (x 78B)
Class org.jetbrains.kotlin.gradle.plugin.VariantImplementationFactoriesConfigurator$Companion: loaded 2 times (x 73B)
Class org.objectweb.asm.RecordComponentWriter                                         : loaded 2 times (x 79B)
Class com.google.common.util.concurrent.AbstractFuture$Listener                       : loaded 2 times (x 74B)
Class Settings_gradle$1$1                                                             : loaded 2 times (x 76B)
Class org.codehaus.groovy.runtime.metaclass.ReflectionMetaMethod                      : loaded 2 times (x 99B)
Class org.codehaus.groovy.reflection.CachedMethod                                     : loaded 2 times (x 113B)
Class kotlin.sequences.SequencesKt__SequenceBuilderKt                                 : loaded 2 times (x 73B)
Class kotlin.collections.CollectionsKt__ReversedViewsKt                               : loaded 2 times (x 73B)
Class kotlin.ranges.RangesKt                                                          : loaded 2 times (x 73B)
Class com.android.ide.common.gradle.Version$Companion$ParseState                      : loaded 2 times (x 72B)
Class com.google.common.collect.ForwardingSet                                         : loaded 2 times (x 153B)
Class [Lorg.jetbrains.kotlin.compilerRunner.KotlinCompilerArgumentsLogLevel;          : loaded 2 times (x 71B)
Class org.jetbrains.kotlin.gradle.tasks.KotlinCompile_Decorated                       : loaded 2 times (x 601B)
Class org.jetbrains.kotlin.gradle.plugin.mpp.SyncLanguageSettingsWithKotlinExtensionSetupActionKt$SyncLanguageSettingsWithKotlinExtensionSetupAction$1$2: loaded 2 times (x 77B)
Class org.jetbrains.kotlin.gradle.plugin.internal.BuildIdService$Companion            : loaded 2 times (x 73B)
Class org.jetbrains.kotlin.gradle.plugin.diagnostics.checkers.OverriddenKotlinNativeHomeChecker$StdlibExistenceCheckerValueSource$Companion: loaded 2 times (x 73B)
Class org.jetbrains.kotlin.gradle.targets.js.dsl.KotlinWasmSubTargetContainerDsl      : loaded 2 times (x 72B)
Class org.jetbrains.kotlin.gradle.plugin.diagnostics.checkers.WasmWasiEnvironmentChecker$1: loaded 2 times (x 80B)
Class org.jetbrains.kotlin.gradle.plugin.diagnostics.checkers.DisabledCinteropCommonizationInHmppProjectChecker: loaded 2 times (x 76B)
Class org.jetbrains.kotlin.gradle.plugin.diagnostics.checkers.NoKotlinTargetsDeclaredChecker: loaded 2 times (x 76B)
Class org.jetbrains.kotlin.gradle.targets.jvm.KotlinJvmTargetTestFixturesSideEffectKt$ConfigureJavaTestFixturesSideEffect$1: loaded 2 times (x 76B)
Class org.jetbrains.kotlin.gradle.utils.StoredPropertyStorage                         : loaded 2 times (x 74B)
Class org.jetbrains.kotlin.gradle.plugin.KotlinSourceSetContainer                     : loaded 2 times (x 72B)
Class com.google.common.base.Supplier                                                 : loaded 2 times (x 72B)
Class org.gradle.internal.classloader.VisitableURLClassLoader                         : loaded 2 times (x 118B)
Class com.google.protobuf.ExtensionRegistryLite                                       : loaded 2 times (x 76B)
Class org.codehaus.groovy.ast.MixinNode                                               : loaded 2 times (x 244B)
Class org.codehaus.groovy.runtime.wrappers.Wrapper                                    : loaded 2 times (x 90B)
Class org.codehaus.groovy.control.CompilerConfiguration$1                             : loaded 2 times (x 124B)
Class org.codehaus.groovy.ast.stmt.LoopingStatement                                   : loaded 2 times (x 72B)
Class org.codehaus.groovy.runtime.metaclass.MetaMethodIndex                           : loaded 2 times (x 95B)
Class it.unimi.dsi.fastutil.objects.Object2IntMap                                     : loaded 2 times (x 72B)
Class kotlin.sequences.GeneratorSequence                                              : loaded 2 times (x 77B)
Class kotlin.reflect.jvm.internal.KClassImpl                                          : loaded 2 times (x 117B)
Class kotlin.collections.ArraysUtilJVM                                                : loaded 2 times (x 73B)
Class kotlin.jvm.functions.Function0                                                  : loaded 2 times (x 72B)
Class com.android.ide.common.repository.AgpVersion$Companion                          : loaded 2 times (x 73B)
Class kotlin.sequences.FlatteningSequence$iterator$1                                  : loaded 2 times (x 81B)
Class com.android.prefs.AbstractAndroidLocations                                      : loaded 2 times (x 84B)
Class kotlin.sequences.FilteringSequence$iterator$1                                   : loaded 2 times (x 81B)
Class org.jetbrains.kotlin.gradle.plugin.statistics.plugins.ObservablePlugins         : loaded 2 times (x 81B)
Class org.jetbrains.kotlin.gradle.plugin.sources.InternalKotlinSourceSetKt$awaitPlatformCompilations$1: loaded 2 times (x 89B)
Class [Lorg.jetbrains.kotlin.gradle.plugin.sources.KotlinDependencyScope;             : loaded 2 times (x 71B)
Class org.jetbrains.kotlin.gradle.tasks.configuration.BaseKotlinCompileConfig$configureCommonParameters$1: loaded 2 times (x 76B)
Class org.jetbrains.kotlin.gradle.plugin.mpp.compilationImpl.factory.ConfigurationNaming: loaded 2 times (x 72B)
Class org.jetbrains.kotlin.gradle.plugin.mpp.compilationImpl.DefaultKotlinCompilationPostConfigureKt: loaded 2 times (x 73B)
Class org.jetbrains.kotlin.konan.target.KonanTarget$WATCHOS_X64                       : loaded 2 times (x 80B)
Class org.jetbrains.kotlin.gradle.plugin.diagnostics.KotlinGradleProjectCheckersRunnerKt: loaded 2 times (x 73B)
Class [Lorg.jetbrains.kotlin.tooling.core.HasExtras;                                  : loaded 2 times (x 71B)
Class org.jetbrains.kotlin.gradle.plugin.diagnostics.checkers.IncorrectCompileOnlyDependenciesChecker: loaded 2 times (x 76B)
Class org.jetbrains.kotlin.gradle.plugin.diagnostics.checkers.WasmWasiEnvironmentChecker$2: loaded 2 times (x 80B)
Class org.jetbrains.kotlin.gradle.dsl.DefaultToolchainSupport$wireToolchainToTasks$1$1: loaded 2 times (x 77B)
Class org.jetbrains.kotlin.gradle.internal.IdeaKt$isInIdeaEnvironment$1               : loaded 2 times (x 76B)
Class org.jetbrains.kotlin.gradle.plugin.statistics.FusUtilKt                         : loaded 2 times (x 73B)
Class org.jetbrains.kotlin.gradle.utils.SingleActionPerProject                        : loaded 2 times (x 75B)
Class org.jetbrains.kotlin.gradle.plugin.DefaultKotlinBasePlugin                      : loaded 2 times (x 84B)
Class org.gradle.internal.Cast                                                        : loaded 2 times (x 73B)
Class org.gradle.api.Action                                                           : loaded 2 times (x 72B)
Class kotlin.properties.ReadWriteProperty                                             : loaded 2 times (x 72B)
Class org.codehaus.groovy.ast.expr.ElvisOperatorExpression                            : loaded 2 times (x 132B)
Class org.codehaus.groovy.util.LockableObject                                         : loaded 2 times (x 80B)
Class com.google.common.collect.MapMakerInternalMap                                   : loaded 2 times (x 162B)
Class com.android.ide.common.resources.configuration.ResourceQualifier                : loaded 2 times (x 90B)
Class it.unimi.dsi.fastutil.ints.IntArrays$ArrayHashStrategy                          : loaded 2 times (x 77B)
Class kotlin.collections.AbstractMutableList                                          : loaded 2 times (x 208B)
Class kotlin.reflect.jvm.internal.impl.name.ClassId$Companion                         : loaded 2 times (x 73B)
Class kotlin.reflect.jvm.internal.impl.load.java.JvmAnnotationNames                   : loaded 2 times (x 73B)
Class kotlinx.coroutines.CompletedExceptionally                                       : loaded 2 times (x 74B)
Class kotlin.coroutines.AbstractCoroutineContextKey                                   : loaded 2 times (x 74B)
Class com.android.ide.common.gradle.Version$Companion                                 : loaded 2 times (x 73B)
Class com.android.tools.lint.model.DefaultLintModelMavenName                          : loaded 2 times (x 87B)
Class kotlin.jvm.functions.Function1                                                  : loaded 2 times (x 72B)
Class kotlin.io.FilesKt__FileTreeWalkKt                                               : loaded 2 times (x 73B)
Class kotlin.jvm.internal.CollectionToArray                                           : loaded 2 times (x 73B)
Class build_8mv0dnb2dcs6rxm46ctbg3io9$_run_closure1                                   : loaded 2 times (x 140B)
Class [Lorg.jetbrains.kotlin.gradle.plugin.mpp.KotlinUsageContext$MavenScope;         : loaded 2 times (x 71B)
Class org.jetbrains.kotlin.gradle.tasks.configuration.BaseKotlinCompileConfig$configureCommonParameters$2: loaded 2 times (x 77B)
Class org.jetbrains.kotlin.gradle.plugin.mpp.compilationImpl.KotlinCompilationCompilerOptionsFromTargetConfigurator: loaded 2 times (x 76B)
Class [Lorg.jetbrains.kotlin.gradle.plugin.mpp.compilationImpl.DefaultKotlinCompilationFriendPathsResolver$FriendArtifactResolver;: loaded 2 times (x 71B)
Class com.google.common.base.Strings                                                  : loaded 2 times (x 73B)
Class org.jetbrains.kotlin.gradle.utils.FailuresKt$ideaSyncClasspathModeUtil$1        : loaded 2 times (x 74B)
Class org.jetbrains.kotlin.gradle.artifacts.KotlinJsKlibArtifactKt                    : loaded 2 times (x 73B)
Class org.jetbrains.kotlin.gradle.dsl.KotlinTargetContainerWithWasmPresetFunctions    : loaded 2 times (x 72B)
Class org.jetbrains.kotlin.gradle.internal.IdeaKt$isInIdeaEnvironment$2               : loaded 2 times (x 76B)
Class org.jetbrains.kotlin.gradle.plugin.GradleUtilsKt                                : loaded 2 times (x 73B)
Class org.jetbrains.kotlin.gradle.internal.properties.PropertiesBuildService$Params$Inject_: loaded 2 times (x 108B)
Class org.jetbrains.kotlin.gradle.internal.properties.PropertiesBuildService          : loaded 2 times (x 78B)
Class org.jetbrains.kotlin.gradle.plugin.BuildFinishedListenerService$Companion$registerIfAbsent$1$1$1: loaded 2 times (x 77B)
Class org.objectweb.asm.Handler                                                       : loaded 2 times (x 74B)
Class com.google.common.base.Ticker                                                   : loaded 2 times (x 74B)
Class com.google.protobuf.Utf8$SafeProcessor                                          : loaded 2 times (x 79B)
Class org.codehaus.groovy.ast.stmt.CaseStatement                                      : loaded 2 times (x 116B)
Class groovy.transform.Generated                                                      : loaded 2 times (x 72B)
Class kotlin.jvm.internal.markers.KMutableIterator                                    : loaded 2 times (x 72B)
Class com.android.SdkConstants                                                        : loaded 2 times (x 73B)
Class kotlin.reflect.jvm.internal.KClassImpl$Data$$Lambda$10                          : loaded 2 times (x 78B)
Class kotlin.reflect.jvm.internal.KDeclarationContainerImpl$Data$$Lambda$0            : loaded 2 times (x 78B)
Class kotlinx.coroutines.BuildersKt                                                   : loaded 2 times (x 73B)
Class kotlinx.coroutines.internal.ThreadContextKt                                     : loaded 2 times (x 73B)
Class kotlin.jvm.functions.Function2                                                  : loaded 2 times (x 72B)
Class kotlin.KotlinNothingValueException                                              : loaded 2 times (x 84B)
Class org.jetbrains.kotlin.gradle.tasks.KotlinCompile$javaSources$1                   : loaded 2 times (x 77B)
Class org.jetbrains.kotlin.incremental.IncrementalCompilationFeatures                 : loaded 2 times (x 73B)
Class org.jetbrains.kotlin.gradle.plugin.KotlinTarget$DefaultImpls                    : loaded 2 times (x 73B)
Class org.jetbrains.kotlin.gradle.plugin.mpp.compilationImpl.KotlinCreateCompilationArchiveTaskKt: loaded 2 times (x 73B)
Class org.jetbrains.kotlin.tooling.core.MutableExtrasImpl                             : loaded 2 times (x 167B)
Class org.jetbrains.kotlin.gradle.plugin.diagnostics.KotlinToolingDiagnosticsCollector: loaded 2 times (x 78B)
Class org.jetbrains.kotlin.gradle.plugin.statistics.KotlinBuildStatsMXBean            : loaded 2 times (x 72B)
Class org.jetbrains.kotlin.gradle.utils.FileUtilsKt                                   : loaded 2 times (x 73B)
Class [Lcom.google.common.cache.LocalCache$Segment;                                   : loaded 2 times (x 71B)
Class [Lcom.google.common.cache.LocalCache$Strength;                                  : loaded 2 times (x 71B)
Class com.google.common.cache.CacheBuilder$1                                          : loaded 2 times (x 87B)
Class org.gradle.internal.classpath.DefaultClassPath$ImmutableUniqueList$Builder      : loaded 2 times (x 77B)
Class org.codehaus.groovy.ast.stmt.BreakStatement                                     : loaded 2 times (x 113B)
Class org.codehaus.groovy.runtime.metaclass.NewInstanceMetaMethod                     : loaded 2 times (x 101B)
Class groovy.io.GroovyPrintWriter                                                     : loaded 2 times (x 130B)
Class org.codehaus.groovy.ast.expr.PropertyExpression                                 : loaded 2 times (x 141B)
Class [Lgroovy.lang.MetaObjectProtocol;                                               : loaded 2 times (x 71B)
Class org.codehaus.groovy.util.ReferenceManager                                       : loaded 2 times (x 78B)
Class org.codehaus.groovy.reflection.stdclasses.FloatCachedClass                      : loaded 2 times (x 97B)
Class com.google.common.collect.MapMakerInternalMap$WeakValueReference                : loaded 2 times (x 72B)
Class kotlin.reflect.jvm.internal.KClassImpl$Data$$Lambda$11                          : loaded 2 times (x 78B)
Class kotlin.reflect.jvm.internal.KDeclarationContainerImpl$Data                      : loaded 2 times (x 74B)
Class kotlin.jvm.functions.Function3                                                  : loaded 2 times (x 72B)
Class kotlinx.coroutines.CoroutineStart                                               : loaded 2 times (x 81B)
Class org.jetbrains.kotlin.utils.exceptions.KotlinExceptionWithAttachments            : loaded 2 times (x 72B)
Class kotlin.collections.MapsKt___MapsJvmKt                                           : loaded 2 times (x 73B)
Class [Lcom.android.prefs.LocationValue;                                              : loaded 2 times (x 71B)
Class kotlin.jvm.internal.MutablePropertyReference0                                   : loaded 2 times (x 139B)
Class org.jetbrains.kotlin.gradle.plugin.PropertiesProvider$propertyWithValueReporting$1: loaded 2 times (x 77B)
Class org.jetbrains.kotlin.gradle.plugin.mpp.KotlinCompilationFactory$DefaultImpls    : loaded 2 times (x 73B)
Class com.google.common.collect.AbstractRangeSet                                      : loaded 2 times (x 116B)
Class org.jetbrains.kotlin.gradle.plugin.diagnostics.checkers.InternalGradlePropertiesUsageChecker: loaded 2 times (x 76B)
Class org.jetbrains.kotlin.gradle.plugin.mpp.compilationImpl.CreateCInteropTasksSideEffectKt: loaded 2 times (x 73B)
Class org.jetbrains.kotlin.gradle.testing.internal.KotlinTestsRegistry$Companion      : loaded 2 times (x 73B)
Class org.jetbrains.kotlin.gradle.dsl.KotlinCommonCompilerToolOptions                 : loaded 2 times (x 72B)
Class org.jetbrains.kotlin.gradle.internal.properties.PropertiesBuildService$Companion$registerIfAbsent$1: loaded 2 times (x 77B)
Class org.jetbrains.kotlin.gradle.plugin.internal.DefaultConfigurationCacheStartParameterAccessorVariantFactory: loaded 2 times (x 78B)
Class com.google.common.cache.LocalCache                                              : loaded 2 times (x 188B)
Class com.google.common.cache.CacheBuilder$2                                          : loaded 2 times (x 81B)
Class androidx.annotation.experimental.lint.ExperimentalIssueRegistry                 : loaded 2 times (x 84B)
Class androidx.activity.lint.ActivityResultFragmentVersionDetector$createUastHandler$1: loaded 2 times (x 129B)
Class org.codehaus.groovy.runtime.ProcessGroovyMethods                                : loaded 2 times (x 73B)
Class org.codehaus.groovy.util.ComplexKeyHashMap                                      : loaded 2 times (x 81B)
Class org.codehaus.groovy.util.Reference                                              : loaded 2 times (x 72B)
Class org.codehaus.groovy.reflection.stdclasses.CachedSAMClass                        : loaded 2 times (x 97B)
Class it.unimi.dsi.fastutil.objects.AbstractObject2IntFunction                        : loaded 2 times (x 121B)
Class kotlin.reflect.jvm.internal.impl.builtins.CompanionObjectMapping                : loaded 2 times (x 73B)
Class kotlin.reflect.jvm.internal.KProperty0Impl$$Lambda$0                            : loaded 2 times (x 78B)
Class kotlin.annotation.Target                                                        : loaded 2 times (x 72B)
Class kotlin.reflect.jvm.internal.impl.builtins.PrimitiveType$Companion               : loaded 2 times (x 73B)
Class kotlin.jvm.functions.Function4                                                  : loaded 2 times (x 72B)
Class kotlin.reflect.jvm.internal.KClassImpl$Data$$Lambda$12                          : loaded 2 times (x 78B)
Class kotlin.reflect.jvm.internal.KClassImpl$Data                                     : loaded 2 times (x 74B)
Class kotlinx.coroutines.CoroutineId                                                  : loaded 2 times (x 95B)
Class kotlin.collections.EmptySet                                                     : loaded 2 times (x 124B)
Class kotlin.collections.CollectionsKt___CollectionsKt                                : loaded 2 times (x 73B)
Class Build_gradle$inlined$sam$i$org_gradle_api_Action$0                              : loaded 2 times (x 77B)
Class org.jetbrains.kotlin.build.report.metrics.BuildPerformanceMetrics$Companion     : loaded 2 times (x 73B)
Class org.jetbrains.kotlin.cli.common.arguments.K2JVMCompilerArguments                : loaded 2 times (x 77B)
Class org.jetbrains.kotlin.gradle.plugin.mpp.compilationImpl.DefaultKotlinCompilationSourceSetsContainer$source$1: loaded 2 times (x 81B)
Class org.jetbrains.kotlin.gradle.internal.KotlinTestDependencyManagementKt           : loaded 2 times (x 73B)
Class [Lorg.jetbrains.kotlin.gradle.plugin.sources.ConsistencyCheck;                  : loaded 2 times (x 71B)
Class org.jetbrains.kotlin.konan.target.KonanTarget$ANDROID_X64                       : loaded 2 times (x 80B)
Class org.jetbrains.kotlin.gradle.plugin.statistics.FlowActionBuildFusService$Companion: loaded 2 times (x 73B)
Class org.jetbrains.kotlin.gradle.report.ReportingSettings                            : loaded 2 times (x 74B)
Class org.jetbrains.kotlin.statistics.metrics.StringAnonymizationPolicy$ComponentVersionAnonymizer: loaded 2 times (x 80B)
Class org.jetbrains.kotlin.gradle.plugin.KotlinBasePluginWrapper                      : loaded 2 times (x 88B)
Class com.google.common.collect.ArrayListMultimap                                     : loaded 2 times (x 173B)
Class com.google.common.cache.CacheBuilder$3                                          : loaded 2 times (x 74B)
Class org.gradle.api.GradleException                                                  : loaded 2 times (x 84B)
Class org.codehaus.groovy.vmplugin.v9.ClassFinder$1                                   : loaded 2 times (x 86B)
Class groovy.lang.SpreadMapEvaluatingException                                        : loaded 2 times (x 89B)
Class org.codehaus.groovy.runtime.m12n.ExtensionModuleRegistry                        : loaded 2 times (x 79B)
Class org.codehaus.groovy.reflection.GeneratedMetaMethod$Proxy                        : loaded 2 times (x 98B)
Class groovy.lang.MetaClassRegistry                                                   : loaded 2 times (x 72B)
Class com.android.ide.common.resources.configuration.FolderConfiguration              : loaded 2 times (x 77B)
Class kotlin.annotation.Retention                                                     : loaded 2 times (x 72B)
Class kotlin.jvm.functions.Function5                                                  : loaded 2 times (x 72B)
Class kotlin.reflect.jvm.internal.KClassImpl$Data$$Lambda$13                          : loaded 2 times (x 78B)
Class it.unimi.dsi.fastutil.Stack                                                     : loaded 2 times (x 72B)
Class com.android.ide.common.gradle.Version                                           : loaded 2 times (x 77B)
Class kotlin.reflect.KDeclarationContainer                                            : loaded 2 times (x 72B)
Class kotlin.text.StringsKt___StringsJvmKt                                            : loaded 2 times (x 73B)
Class com.google.common.base.Suppliers$MemoizingSupplier                              : loaded 2 times (x 81B)
Class org.jetbrains.kotlin.gradle.plugin.diagnostics.KotlinToolingDiagnostics$JsEnvironmentNotChosenExplicitly: loaded 2 times (x 75B)
Class org.jetbrains.kotlin.gradle.plugin.ProjectLocalConfigurations$ProjectLocalCompatibility: loaded 2 times (x 78B)
Class org.jetbrains.kotlin.gradle.dsl.JvmDefaultMode                                  : loaded 2 times (x 81B)
Class org.jetbrains.kotlin.gradle.dsl.KotlinJvmCompilerOptions                        : loaded 2 times (x 72B)
Class org.jetbrains.kotlin.gradle.plugin.internal.DefaultMavenPublicationComponentAccessor: loaded 2 times (x 77B)
Class org.jetbrains.kotlin.gradle.plugin.statistics.BuildFinishBuildService           : loaded 2 times (x 86B)
Class org.jetbrains.kotlin.gradle.plugin.internal.DefaultProjectIsolationStartParameterAccessor$Factory: loaded 2 times (x 78B)
Class com.google.protobuf.Internal$EnumLiteMap                                        : loaded 2 times (x 72B)
Class org.codehaus.groovy.ast.AnnotationNode                                          : loaded 2 times (x 120B)
Class org.codehaus.groovy.ast.stmt.SwitchStatement                                    : loaded 2 times (x 119B)
Class org.codehaus.groovy.runtime.GroovyCategorySupport                               : loaded 2 times (x 73B)
Class org.codehaus.groovy.runtime.metaclass.NewMetaMethod                             : loaded 2 times (x 101B)
Class org.codehaus.groovy.reflection.stdclasses.DoubleCachedClass                     : loaded 2 times (x 97B)
Class [Lcom.google.common.collect.MapMakerInternalMap$Strength;                       : loaded 2 times (x 71B)
Class kotlin.jvm.functions.Function6                                                  : loaded 2 times (x 72B)
Class kotlin.reflect.jvm.internal.KClassImpl$Data$$Lambda$14                          : loaded 2 times (x 78B)
Class kotlin.reflect.jvm.internal.KTypeParameterOwnerImpl                             : loaded 2 times (x 72B)
Class kotlinx.coroutines.Unconfined                                                   : loaded 2 times (x 102B)
Class kotlinx.coroutines.GlobalScope                                                  : loaded 2 times (x 76B)
Class kotlin.io.FilesKt                                                               : loaded 2 times (x 73B)
Class kotlin.collections.MapsKt___MapsKt                                              : loaded 2 times (x 73B)
Class kotlin.collections.ArraysKt___ArraysKt                                          : loaded 2 times (x 73B)
Class [Lcom.google.common.collect.MapMakerInternalMap$Segment;                        : loaded 2 times (x 71B)
Class build_46lfueya9knwmqpf8j19h1d3i                                                 : loaded 2 times (x 174B)
Class [Lcom.google.common.io.FileWriteMode;                                           : loaded 2 times (x 71B)
Class org.jetbrains.kotlin.buildtools.api.SourcesChanges                              : loaded 2 times (x 72B)
Class org.jetbrains.kotlin.gradle.plugin.KotlinPluginLifecycleImpl$launch$1           : loaded 2 times (x 81B)
Class org.jetbrains.kotlin.gradle.plugin.diagnostics.checkers.GradleDeprecatedPropertyChecker$DeprecatedProperty: loaded 2 times (x 74B)
Class org.jetbrains.kotlin.gradle.utils.Completable                                   : loaded 2 times (x 74B)
Class org.jetbrains.kotlin.konan.target.HostManager$Companion$targetAliases$2         : loaded 2 times (x 80B)
Class org.jetbrains.kotlin.gradle.plugin.DefaultKotlinBasePlugin$addKotlinCompilerConfiguration$2$1: loaded 2 times (x 77B)
Class org.jetbrains.kotlin.gradle.plugin.statistics.KotlinBuildStatsServicesRegistry$Companion: loaded 2 times (x 73B)
Class org.jetbrains.kotlin.gradle.plugin.internal.DefaultCompatibilityConventionRegistrar$Factory: loaded 2 times (x 78B)
Class androidx.fragment.lint.AttachAndDetachInSameTransactionDetector                 : loaded 2 times (x 172B)
Class groovy.lang.MetaBeanProperty                                                    : loaded 2 times (x 85B)
Class org.codehaus.groovy.runtime.DefaultGroovyMethods$1                              : loaded 2 times (x 80B)
Class org.codehaus.groovy.runtime.GeneratedClosure                                    : loaded 2 times (x 72B)
Class kotlin.sequences.SequencesKt___SequencesKt$asIterable$$inlined$Iterable$1       : loaded 2 times (x 81B)
Class [Lkotlin.time.DurationUnit;                                                     : loaded 2 times (x 71B)
Class groovy.lang.Range                                                               : loaded 2 times (x 72B)
Class kotlin.jvm.functions.Function7                                                  : loaded 2 times (x 72B)
Class kotlin.reflect.jvm.internal.KClassImpl$Data$$Lambda$15                          : loaded 2 times (x 78B)
Class kotlin.reflect.jvm.internal.impl.name.Name                                      : loaded 2 times (x 77B)
Class kotlin.reflect.jvm.internal.KPropertyImpl$Companion                             : loaded 2 times (x 73B)
Class kotlinx.coroutines.AbstractCoroutine                                            : loaded 2 times (x 145B)
Class it.unimi.dsi.fastutil.objects.ObjectSet                                         : loaded 2 times (x 72B)
Class com.android.tools.lint.model.DefaultLintModelSourceProvider                     : loaded 2 times (x 86B)
Class kotlin.collections.MapsKt__MapWithDefaultKt                                     : loaded 2 times (x 73B)
Class [Lcom.android.prefs.VariableType;                                               : loaded 2 times (x 71B)
Class org.jetbrains.kotlin.gradle.tasks.DefaultKotlinJavaToolchain$DefaultJdkSetter   : loaded 2 times (x 78B)
Class org.jetbrains.kotlin.cli.common.arguments.CommonCompilerArguments               : loaded 2 times (x 76B)
Class org.jetbrains.kotlin.gradle.plugin.diagnostics.checkers.IncorrectCompileOnlyDependenciesChecker$runChecks$1: loaded 2 times (x 89B)
Class org.jetbrains.kotlin.gradle.plugin.mpp.KotlinOnlyTarget                         : loaded 2 times (x 152B)
Class org.jetbrains.kotlin.gradle.targets.js.npm.BaseNpmDependencyExtension           : loaded 2 times (x 72B)
Class org.jetbrains.kotlin.gradle.dsl.KotlinVersion$Companion                         : loaded 2 times (x 73B)
Class org.jetbrains.kotlin.gradle.InternalKotlinGradlePluginApi                       : loaded 2 times (x 72B)
Class org.jetbrains.kotlin.gradle.targets.ConfigureNonPackedKlibConsumingSideEffectKt$ConfigureNonPackedKlibConsumingSideEffect$1: loaded 2 times (x 76B)
Class org.jetbrains.kotlin.gradle.dsl.DefaultToolchainSupport                         : loaded 2 times (x 78B)
Class org.jetbrains.kotlin.gradle.plugin.diagnostics.DiagnosticGroup$Base             : loaded 2 times (x 83B)
Class org.jetbrains.kotlin.gradle.plugin.VariantImplementationFactories$Inject_       : loaded 2 times (x 108B)
Class org.jetbrains.kotlin.gradle.plugin.internal.CustomPropertiesFileValueSource     : loaded 2 times (x 84B)
Class com.google.common.cache.LocalCache$EntryFactory                                 : loaded 2 times (x 85B)
Class com.google.protobuf.GeneratedMessageV3$Builder                                  : loaded 2 times (x 280B)
Class com.google.protobuf.MutabilityOracle                                            : loaded 2 times (x 72B)
Class [Lkotlin.annotation.AnnotationRetention;                                        : loaded 2 times (x 71B)
Class org.codehaus.groovy.reflection.ReflectionUtils                                  : loaded 2 times (x 73B)
Class kotlin.collections.builders.MapBuilder$Companion                                : loaded 2 times (x 73B)
Class it.unimi.dsi.fastutil.ints.IntArrays$ForkJoinQuickSortIndirect                  : loaded 2 times (x 97B)
Class kotlin.jvm.functions.Function8                                                  : loaded 2 times (x 72B)
Class kotlin.reflect.jvm.internal.KClassImpl$Data$$Lambda$16                          : loaded 2 times (x 78B)
Class kotlin.reflect.jvm.internal.impl.name.FqNameUnsafe                              : loaded 2 times (x 74B)
Class [Lcom.android.ide.common.gradle.Separator;                                      : loaded 2 times (x 71B)
Class com.android.prefs.QueryResult                                                   : loaded 2 times (x 84B)
Class kotlin.collections.CollectionsKt__MutableCollectionsJVMKt                       : loaded 2 times (x 73B)
Class com.google.common.base.Splitter$1$1                                             : loaded 2 times (x 88B)
Class kotlin.text.StringsKt___StringsKt                                               : loaded 2 times (x 73B)
Class kotlin.enums.EnumEntriesKt                                                      : loaded 2 times (x 73B)
Class com.google.common.reflect.TypeParameter                                         : loaded 2 times (x 74B)
Class com.google.common.collect.NullsLastOrdering                                     : loaded 2 times (x 117B)
Class org.jetbrains.kotlin.gradle.tasks.TaskOutputsBackup                             : loaded 2 times (x 74B)
Class org.jetbrains.kotlin.gradle.plugin.cocoapods.KotlinCocoapodsPlugin              : loaded 2 times (x 78B)
Class org.jetbrains.kotlin.gradle.internal.CompilerOptionsDslHelpersKt                : loaded 2 times (x 73B)
Class org.jetbrains.kotlin.gradle.tasks.configuration.AbstractKotlinCompileConfigKt   : loaded 2 times (x 73B)
Class org.jetbrains.kotlin.gradle.internal.StdlibDependencyManagementKt$configureStdlibVersionAlignment$1$1: loaded 2 times (x 77B)
Class org.jetbrains.kotlin.gradle.dsl.KotlinProjectExtension$awaitSourceSets$1        : loaded 2 times (x 89B)
Class org.jetbrains.kotlin.gradle.plugin.KotlinPluginLifecycle$CoroutineStart         : loaded 2 times (x 81B)
Class org.jetbrains.kotlin.gradle.tasks.TasksProviderKt$sam$org_gradle_api_Action$0   : loaded 2 times (x 77B)
Class org.jetbrains.kotlin.gradle.tooling.BuildKotlinToolingMetadataTask$FromKotlinExtension: loaded 2 times (x 316B)
Class org.jetbrains.kotlin.gradle.utils.FailuresKt                                    : loaded 2 times (x 73B)
Class org.jetbrains.kotlin.gradle.targets.native.internal.CInteropConfigurationsKt$special$$inlined$KotlinTargetSideEffect$1: loaded 2 times (x 76B)
Class org.jetbrains.kotlin.konan.target.Family                                        : loaded 2 times (x 81B)
Class org.jetbrains.kotlin.gradle.plugin.diagnostics.DiagnosticGroup                  : loaded 2 times (x 72B)
Class org.jetbrains.kotlin.gradle.internal.properties.NativePropertiesLoader$konanDataDirProperty$1: loaded 2 times (x 77B)
Class org.jetbrains.kotlin.gradle.plugin.KotlinGradleBuildServices$Inject_            : loaded 2 times (x 102B)
Class org.jetbrains.kotlin.gradle.plugin.KotlinGradleBuildServices$Companion$registerIfAbsent$2$1: loaded 2 times (x 81B)
Class org.jetbrains.kotlin.gradle.plugin.statistics.BuildFusService$Parameters_Decorated: loaded 2 times (x 141B)
Class org.jetbrains.kotlin.gradle.plugin.VariantImplementationFactoriesConfigurator$Inject_: loaded 2 times (x 98B)
Class org.jetbrains.kotlin.tooling.core.HasMutableExtras                              : loaded 2 times (x 72B)
Class com.google.common.cache.LocalCache$AbstractReferenceEntry                       : loaded 2 times (x 109B)
Class org.gradle.internal.IoActions                                                   : loaded 2 times (x 73B)
Class com.google.protobuf.Android                                                     : loaded 2 times (x 73B)
Class kotlin.annotation.MustBeDocumented                                              : loaded 2 times (x 72B)
Class org.codehaus.groovy.ast.expr.MethodCall                                         : loaded 2 times (x 72B)
Class org.codehaus.groovy.ast.expr.ExpressionTransformer                              : loaded 2 times (x 72B)
Class groovy.lang.ReadOnlyPropertyException                                           : loaded 2 times (x 91B)
Class org.codehaus.groovy.runtime.dgmimpl.arrays.ShortArrayGetAtMetaMethod            : loaded 2 times (x 99B)
Class org.codehaus.groovy.runtime.callsite.CallSite                                   : loaded 2 times (x 72B)
Class groovy.lang.GString                                                             : loaded 2 times (x 125B)
Class com.android.ide.common.resources.configuration.LocaleQualifier                  : loaded 2 times (x 91B)
Class org.jetbrains.kotlin.utils.KotlinExceptionWithAttachments                       : loaded 2 times (x 96B)
Class [Lkotlin.reflect.jvm.internal.impl.name.ClassId;                                : loaded 2 times (x 71B)
Class kotlin.jvm.functions.Function10                                                 : loaded 2 times (x 72B)
Class kotlin.jvm.functions.Function9                                                  : loaded 2 times (x 72B)
Class kotlin.reflect.jvm.internal.KClassImpl$Data$$Lambda$17                          : loaded 2 times (x 78B)
Class kotlin.reflect.jvm.internal.KCallableImpl$$Lambda$0                             : loaded 2 times (x 78B)
Class [Lkotlin.reflect.KClassifier;                                                   : loaded 2 times (x 71B)
Class kotlin.reflect.jvm.internal.EmptyContainerForLocal                              : loaded 2 times (x 86B)
Class it.unimi.dsi.fastutil.objects.AbstractObjectSet                                 : loaded 2 times (x 181B)
Class org.codehaus.groovy.reflection.CacheAccessControlException                      : loaded 2 times (x 89B)
Class [Lkotlin.LazyThreadSafetyMode;                                                  : loaded 2 times (x 71B)
Class org.jetbrains.kotlin.gradle.internal.Kapt3KotlinGradleSubpluginKt               : loaded 2 times (x 73B)
Class org.jetbrains.kotlin.gradle.dsl.KotlinJvmCompile                                : loaded 2 times (x 72B)
Class com.google.common.collect.ImmutableRangeSet$ComplementRanges                    : loaded 2 times (x 209B)
Class org.jetbrains.kotlin.konan.target.KonanTarget$LINUX_ARM32_HFP                   : loaded 2 times (x 80B)
Class org.jetbrains.kotlin.gradle.internal.Kapt3GradleSubplugin                       : loaded 2 times (x 83B)
Class org.jetbrains.kotlin.gradle.plugin.diagnostics.checkers.CInteropInputChecker    : loaded 2 times (x 76B)
Class org.jetbrains.kotlin.gradle.targets.native.internal.CInteropConfigurationsKt$special$$inlined$KotlinTargetSideEffect$2: loaded 2 times (x 76B)
Class org.jetbrains.kotlin.gradle.plugin.statistics.FinalizeConfigurationFusMetricActionKt$FinalizeConfigurationFusMetricAction$1: loaded 2 times (x 97B)
Class org.jetbrains.kotlin.gradle.internal.KotlinDependenciesManagementKt$CustomizeKotlinDependenciesSetupAction$1: loaded 2 times (x 76B)
Class org.jetbrains.kotlin.gradle.plugin.KotlinGradlePluginExtensionPointInternal$registeredExtensions$2: loaded 2 times (x 80B)
Class org.jetbrains.kotlin.statistics.metrics.BooleanOverridePolicy$OR                : loaded 2 times (x 87B)
Class org.jetbrains.kotlin.gradle.plugin.UsesVariantImplementationFactories           : loaded 2 times (x 72B)
Class org.objectweb.asm.SymbolTable                                                   : loaded 2 times (x 74B)
Class com.google.common.cache.CacheLoader$InvalidCacheLoadException                   : loaded 2 times (x 84B)
Class org.gradle.internal.classloader.SystemClassLoaderSpec                           : loaded 2 times (x 73B)
Class groovy.lang.MutableMetaClass                                                    : loaded 2 times (x 72B)
Class org.codehaus.groovy.reflection.stdclasses.StringCachedClass                     : loaded 2 times (x 97B)
Class com.google.common.collect.Queues                                                : loaded 2 times (x 73B)
Class kotlin.jvm.internal.PropertyReference0Impl                                      : loaded 2 times (x 129B)
Class kotlin.jvm.internal.markers.KMutableCollection                                  : loaded 2 times (x 72B)
Class kotlin.jvm.functions.Function11                                                 : loaded 2 times (x 72B)
Class kotlin.reflect.jvm.internal.KClassImpl$Data$$Lambda$18                          : loaded 2 times (x 78B)
Class kotlin.reflect.jvm.internal.KCallableImpl$$Lambda$1                             : loaded 2 times (x 78B)
Class kotlin.coroutines.intrinsics.IntrinsicsKt                                       : loaded 2 times (x 73B)
Class kotlin.coroutines.CoroutineContext$DefaultImpls                                 : loaded 2 times (x 73B)
Class kotlinx.coroutines.internal.LockFreeLinkedListNode                              : loaded 2 times (x 76B)
Class kotlin.ranges.IntRange$Companion                                                : loaded 2 times (x 73B)
Class kotlin.collections.EmptyMap                                                     : loaded 2 times (x 110B)
Class kotlin.text.MatcherMatchResult$groups$1                                         : loaded 2 times (x 153B)
Class kotlin.reflect.KAnnotatedElement                                                : loaded 2 times (x 72B)
Class kotlin.jvm.internal.Intrinsics                                                  : loaded 2 times (x 73B)
Class org.jetbrains.kotlin.gradle.tasks.CacheableTasksKt$cacheOnlyIfEnabledForKotlin$1$1: loaded 2 times (x 76B)
Class org.jetbrains.kotlin.gradle.plugin.diagnostics.DefaultProblemsReporter_Decorated: loaded 2 times (x 121B)
Class org.jetbrains.kotlin.gradle.tasks.configuration.BaseKotlinCompileConfig$1$1     : loaded 2 times (x 77B)
Class org.jetbrains.kotlin.gradle.plugin.mpp.compilationImpl.factory.KotlinCompilationImplFactory$PostConfigure: loaded 2 times (x 72B)
Class org.jetbrains.kotlin.gradle.utils.KotlinExtensionUtilsKt                        : loaded 2 times (x 73B)
Class [Lorg.jetbrains.kotlin.konan.util.Named;                                        : loaded 2 times (x 71B)
Class org.jetbrains.kotlin.gradle.plugin.diagnostics.checkers.NoKotlinTargetsDeclaredChecker$runChecks$1: loaded 2 times (x 89B)
Class org.jetbrains.kotlin.gradle.plugin.mpp.AbstractKotlinTarget$kotlinComponents$2  : loaded 2 times (x 81B)
Class org.jetbrains.kotlin.gradle.plugin.KotlinPlatformType$CompatibilityRule         : loaded 2 times (x 78B)
Class org.jetbrains.kotlin.gradle.tasks.abi.KotlinLegacyAbiDumpTask                   : loaded 2 times (x 72B)
Class org.jetbrains.kotlin.gradle.internal.properties.NativePropertiesLoader$actualNativeHomeDirectory$1: loaded 2 times (x 77B)
Class org.jetbrains.kotlin.gradle.internal.properties.NativePropertiesKt              : loaded 2 times (x 73B)
Class [Lorg.jetbrains.kotlin.statistics.metrics.BooleanOverridePolicy;                : loaded 2 times (x 71B)
Class org.jetbrains.kotlin.gradle.plugin.BuildEventsListenerRegistryHolder            : loaded 2 times (x 74B)
Class com.google.common.cache.LocalCache$StrongEntry                                  : loaded 2 times (x 110B)
Class com.google.common.util.concurrent.AbstractFuture$TrustedFuture                  : loaded 2 times (x 116B)
Class com.google.common.cache.LoadingCache                                            : loaded 2 times (x 72B)
Class androidx.startup.lint.StartupRuntimeIssueRegistry                               : loaded 2 times (x 84B)
Class kotlin.sequences.TakeWhileSequence                                              : loaded 2 times (x 77B)
Class org.codehaus.groovy.runtime.wrappers.GroovyObjectWrapper                        : loaded 2 times (x 90B)
Class org.codehaus.groovy.runtime.memoize.ValueConvertable                            : loaded 2 times (x 72B)
Class org.codehaus.groovy.ast.AnnotatedNode                                           : loaded 2 times (x 123B)
Class com.google.protobuf.MapField                                                    : loaded 2 times (x 91B)
Class com.google.protobuf.CodedInputStream$UnsafeDirectNioDecoder                     : loaded 2 times (x 121B)
Class it.unimi.dsi.fastutil.BidirectionalIterator                                     : loaded 2 times (x 72B)
Class kotlin.jvm.functions.Function12                                                 : loaded 2 times (x 72B)
Class kotlin.reflect.jvm.internal.KCallableImpl$$Lambda$2                             : loaded 2 times (x 78B)
Class kotlin.coroutines.intrinsics.CoroutineSingletons                                : loaded 2 times (x 81B)
Class it.unimi.dsi.fastutil.objects.ObjectCollection                                  : loaded 2 times (x 72B)
Class kotlin.collections.MapsKt                                                       : loaded 2 times (x 73B)
Class com.android.tools.lint.model.DefaultLintModelModule                             : loaded 2 times (x 97B)
Class kotlin.collections.CollectionsKt__IterablesKt                                   : loaded 2 times (x 73B)
Class org.gradle.internal.classloader.FilteringClassLoader                            : loaded 2 times (x 106B)
Class com.google.common.base.Suppliers$NonSerializableMemoizingSupplier               : loaded 2 times (x 81B)
Class org.jetbrains.kotlin.gradle.tasks.GradleCompileTaskProvider                     : loaded 2 times (x 74B)
Class org.jetbrains.kotlin.gradle.plugin.mpp.KotlinTargetSoftwareComponentImplKt$KotlinTargetSoftwareComponent$1: loaded 2 times (x 97B)
Class org.jetbrains.kotlin.gradle.tasks.configuration.BaseKotlinCompileConfig$registerBuildToolsApiTransformations$1: loaded 2 times (x 81B)
Class org.jetbrains.kotlin.gradle.tasks.configuration.AbstractKotlinCompileConfigKt$sam$org_gradle_api_Action$0: loaded 2 times (x 77B)
Class org.jetbrains.kotlin.gradle.plugin.internal.BuildIdService                      : loaded 2 times (x 78B)
Class org.jetbrains.kotlin.gradle.plugin.mpp.compilationImpl.factory.KotlinCompilationDependencyConfigurationsFactoriesKt: loaded 2 times (x 73B)
Class org.jetbrains.kotlin.gradle.plugin.mpp.compilationImpl.DefaultKotlinCompilationFriendPathsResolver: loaded 2 times (x 77B)
Class org.jetbrains.kotlin.gradle.plugin.diagnostics.checkers.KmpPartiallyResolvedDependenciesCheckerKt: loaded 2 times (x 73B)
Class org.jetbrains.kotlin.gradle.plugin.diagnostics.checkers.WasmSourceSetsNotFoundChecker$runChecks$1: loaded 2 times (x 89B)
Class org.jetbrains.kotlin.konan.target.KonanTarget$IOS_SIMULATOR_ARM64               : loaded 2 times (x 80B)
Class org.jetbrains.kotlin.gradle.targets.jvm.KotlinJvmCompilationWireJavaSourcesSideEffectKt: loaded 2 times (x 73B)
Class org.jetbrains.kotlin.gradle.plugin.mpp.compilationImpl.KotlinCreateCompilationArchiveTaskKt$KotlinCreateCompilationArchivesTask$1: loaded 2 times (x 76B)
Class org.jetbrains.kotlin.gradle.dsl.KotlinVersion                                   : loaded 2 times (x 81B)
Class org.jetbrains.kotlin.gradle.internal.properties.NativePropertiesLoader$actualNativeHomeDirectory$2: loaded 2 times (x 76B)
Class org.jetbrains.kotlin.gradle.utils.StoredPropertyKt                              : loaded 2 times (x 73B)
Class [Lcom.google.common.cache.Weigher;                                              : loaded 2 times (x 71B)
Class com.google.protobuf.Message$Builder                                             : loaded 2 times (x 72B)
Class org.codehaus.groovy.classgen.asm.util.TypeUtil                                  : loaded 2 times (x 73B)
Class kotlin.sequences.SequenceBuilderIterator                                        : loaded 2 times (x 87B)
Class kotlin.jvm.functions.Function13                                                 : loaded 2 times (x 72B)
Class kotlin.reflect.jvm.internal.KCallableImpl$$Lambda$3                             : loaded 2 times (x 78B)
Class kotlinx.coroutines.internal.LockFreeTaskQueueCore$Companion                     : loaded 2 times (x 73B)
Class kotlin.ranges.OpenEndRange                                                      : loaded 2 times (x 72B)
Class com.android.ide.common.gradle.Version$Companion$ParseState$EMPTY                : loaded 2 times (x 76B)
Class kotlin.text.Charsets                                                            : loaded 2 times (x 73B)
Class kotlin.KotlinNullPointerException                                               : loaded 2 times (x 84B)
Class com.google.common.collect.ImmutableMultimap$1                                   : loaded 2 times (x 84B)
Class com.google.common.collect.AbstractMapBasedMultimap$RandomAccessWrappedList      : loaded 2 times (x 207B)
Class org.jetbrains.kotlin.gradle.internal.build.SourcesUtilsKt                       : loaded 2 times (x 73B)
Class org.jetbrains.kotlin.gradle.plugin.sources.KotlinDependencyScope$Companion      : loaded 2 times (x 73B)
Class org.jetbrains.kotlin.gradle.tasks.configuration.BaseKotlinCompileConfig$registerBuildToolsApiTransformations$2: loaded 2 times (x 81B)
Class org.jetbrains.kotlin.gradle.tasks.KotlinJvmCompile                              : loaded 2 times (x 72B)
Class org.jetbrains.kotlin.gradle.plugin.mpp.compilationImpl.KotlinCompilationSourceSetsContainerKt: loaded 2 times (x 73B)
Class org.jetbrains.kotlin.gradle.plugin.KotlinPluginLifecycleKt$launchInStage$1      : loaded 2 times (x 97B)
Class org.jetbrains.kotlin.gradle.targets.NativeForwardImplementationToApiElementsSideEffectKt: loaded 2 times (x 73B)
Class org.jetbrains.kotlin.gradle.tasks.publishing.HelpersKt$addPgpSignatureHelpers$1 : loaded 2 times (x 77B)
Class org.jetbrains.kotlin.gradle.internal.properties.NativePropertiesLoader$actualNativeHomeDirectory$3: loaded 2 times (x 77B)
Class org.jetbrains.kotlin.gradle.report.BuildReportMode                              : loaded 2 times (x 81B)
Class org.jetbrains.kotlin.statistics.metrics.StringAnonymizationPolicy$RegexControlled: loaded 2 times (x 81B)
Class org.jetbrains.kotlin.statistics.ValueAnonymizer                                 : loaded 2 times (x 72B)
Class org.jetbrains.kotlin.gradle.plugin.VariantImplementationFactories$Companion$getProvider$2$1$1: loaded 2 times (x 77B)
Class org.jetbrains.kotlin.gradle.plugin.internal.ProjectIsolationStartParameterAccessor$Factory: loaded 2 times (x 72B)
Class androidx.startup.lint.EnsureInitializerMetadataDetector$Companion               : loaded 2 times (x 73B)
Class org.codehaus.groovy.vmplugin.v9.ClassFindFailedException                        : loaded 2 times (x 84B)
Class org.codehaus.groovy.runtime.ResourceGroovyMethods                               : loaded 2 times (x 73B)
Class org.codehaus.groovy.runtime.IOGroovyMethods                                     : loaded 2 times (x 73B)
Class org.codehaus.groovy.reflection.GroovyClassValueFactory                          : loaded 2 times (x 73B)
Class kotlin.jvm.functions.Function14                                                 : loaded 2 times (x 72B)
Class kotlin.reflect.jvm.internal.KCallableImpl$$Lambda$4                             : loaded 2 times (x 78B)
Class kotlin.ranges.RangesKt___RangesKt                                               : loaded 2 times (x 73B)
Class com.android.ide.common.repository.AgpVersion$Companion$WhenMappings             : loaded 2 times (x 73B)
Class org.jetbrains.kotlin.gradle.plugin.internal.CustomPropertiesFileValueSource$Inject_: loaded 2 times (x 115B)
Class org.jetbrains.kotlin.gradle.fus.internal.SynchronizedConfigurationMetrics$Companion: loaded 2 times (x 73B)
Class com.google.common.collect.ImmutableMultimap$2                                   : loaded 2 times (x 83B)
Class org.jetbrains.kotlin.gradle.tasks.DefaultKotlinJavaToolchain$javaExecutable$1   : loaded 2 times (x 77B)
Class org.jetbrains.kotlin.build.report.metrics.BuildAttribute                        : loaded 2 times (x 81B)
Class com.google.common.collect.RegularImmutableBiMap                                 : loaded 2 times (x 150B)
Class org.jetbrains.kotlin.gradle.plugin.mpp.compilationImpl.KotlinCompilationRegisterInSourceSetsConfigurator: loaded 2 times (x 76B)
Class org.jetbrains.kotlin.gradle.plugin.mpp.compilationImpl.factory.DefaultKotlinCompilationTaskNamesContainerFactory: loaded 2 times (x 76B)
Class org.jetbrains.kotlin.gradle.plugin.mpp.compilationImpl.DefaultKotlinCompilationFriendPathsResolver$FriendArtifactResolver$Companion: loaded 2 times (x 73B)
Class org.jetbrains.kotlin.gradle.targets.native.internal.CommonizerTasksKt           : loaded 2 times (x 73B)
Class [Lorg.jetbrains.kotlin.gradle.targets.js.npm.NpmDependency$Scope;               : loaded 2 times (x 71B)
Class org.jetbrains.kotlin.gradle.plugin.KotlinCompilerPluginSupportPlugin            : loaded 2 times (x 72B)
Class org.jetbrains.kotlin.gradle.plugin.mpp.AbstractKotlinTarget$components$2        : loaded 2 times (x 81B)
Class org.jetbrains.kotlin.gradle.targets.CreateNonPackedKlibVariantsSideEffectKt$CreateNonPackedKlibVariantsSideEffect$1: loaded 2 times (x 76B)
Class org.jetbrains.kotlin.gradle.plugin.mpp.KotlinUsages$setupAttributesMatchingStrategy$1: loaded 2 times (x 76B)
Class org.jetbrains.kotlin.gradle.plugin.KotlinGradleBuildServices$Companion$registerIfAbsent$2$1$1: loaded 2 times (x 77B)
Class org.jetbrains.kotlin.gradle.plugin.statistics.BuildFinishBuildService$Parameters$Inject_: loaded 2 times (x 116B)
Class org.jetbrains.kotlin.gradle.internal.diagnostics.AgpCompatibilityCheck$runAgpCompatibilityCheckIfAgpIsApplied$1$1: loaded 2 times (x 77B)
Class org.jetbrains.kotlin.gradle.utils.AndroidPluginIdsKt                            : loaded 2 times (x 73B)
Class org.jetbrains.kotlin.gradle.plugin.KotlinBasePlugin                             : loaded 2 times (x 72B)
Class com.google.common.cache.LocalCache$ValueReference                               : loaded 2 times (x 72B)
Class kotlin.collections.ArrayDeque$Companion                                         : loaded 2 times (x 73B)
Class org.codehaus.groovy.runtime.dgmimpl.arrays.FloatArrayPutAtMetaMethod            : loaded 2 times (x 99B)
Class groovy.lang.GString$1                                                           : loaded 2 times (x 125B)
Class groovy.util.BufferedIterator                                                    : loaded 2 times (x 72B)
Class groovy.lang.GroovyObject                                                        : loaded 2 times (x 72B)
Class org.jetbrains.kotlin.gradle.internal.ClassLoadersCachingBuildService$Companion$registerIfAbsent$2$1$1: loaded 2 times (x 77B)
Class it.unimi.dsi.fastutil.ints.IntArrays$Segment                                    : loaded 2 times (x 73B)
Class it.unimi.dsi.fastutil.ints.IntBidirectionalIterator                             : loaded 2 times (x 72B)
Class kotlin.jvm.functions.Function15                                                 : loaded 2 times (x 72B)
Class kotlin.reflect.jvm.internal.KCallableImpl$$Lambda$5                             : loaded 2 times (x 78B)
Class kotlin.coroutines.jvm.internal.Boxing                                           : loaded 2 times (x 73B)
Class org.jetbrains.kotlin.gradle.targets.native.KonanPropertiesBuildService$Companion$registerIfAbsent$1: loaded 2 times (x 77B)
Class com.android.tools.lint.model.LintModelAndroidLibrary                            : loaded 2 times (x 72B)
Class kotlin.text.CharsKt__CharKt                                                     : loaded 2 times (x 73B)
Class kotlin.collections.ArraysKt                                                     : loaded 2 times (x 73B)
Class org.jetbrains.kotlin.gradle.plugin.diagnostics.checkers.AndroidPublicationNotConfiguredChecker: loaded 2 times (x 76B)
Class com.google.common.hash.PrimitiveSink                                            : loaded 2 times (x 72B)
Class org.jetbrains.kotlin.gradle.tasks.internal.KotlinJvmOptionsCompat               : loaded 2 times (x 103B)
Class org.jetbrains.kotlin.cli.common.arguments.CommonToolArguments                   : loaded 2 times (x 75B)
Class com.google.common.base.PatternCompiler                                          : loaded 2 times (x 72B)
Class org.jetbrains.kotlin.gradle.utils.FutureKt                                      : loaded 2 times (x 73B)
Class org.jetbrains.kotlin.gradle.dsl.abi.AbiFiltersSpec                              : loaded 2 times (x 72B)
Class org.jetbrains.kotlin.gradle.targets.native.internal.PlatformLibrariesGenerator$GeneratedPlatformLibrariesService: loaded 2 times (x 78B)
Class org.jetbrains.kotlin.gradle.logging.GradleLoggingUtilsKt                        : loaded 2 times (x 73B)
Class org.jetbrains.kotlin.gradle.plugin.KotlinAndroidPluginWrapper                   : loaded 2 times (x 88B)
Class com.google.common.util.concurrent.AbstractFuture$Failure                        : loaded 2 times (x 74B)
Class org.codehaus.groovy.ast.ClassHelper$ClassHelperCache                            : loaded 2 times (x 73B)
Class org.codehaus.groovy.ast.ClassHelper                                             : loaded 2 times (x 73B)
Class org.codehaus.groovy.runtime.DefaultGroovyMethodsSupport                         : loaded 2 times (x 73B)
Class groovy.lang.groovydoc.Groovydoc                                                 : loaded 2 times (x 78B)
Class org.jetbrains.kotlin.gradle.utils.Completable$await$1                           : loaded 2 times (x 89B)
Class kotlin.reflect.jvm.internal.KProperty0Impl                                      : loaded 2 times (x 130B)
Class kotlin.jvm.functions.Function16                                                 : loaded 2 times (x 72B)
Class kotlin.reflect.jvm.internal.CacheByClassKt                                      : loaded 2 times (x 73B)
Class kotlin.coroutines.EmptyCoroutineContext                                         : loaded 2 times (x 79B)
Class kotlin.LazyKt                                                                   : loaded 2 times (x 73B)
Class kotlin.collections.SetsKt__SetsKt                                               : loaded 2 times (x 73B)
Class org.jetbrains.kotlin.compilerRunner.CompilerSystemPropertiesService$Companion   : loaded 2 times (x 73B)
Class com.google.common.io.CharSink                                                   : loaded 2 times (x 81B)
Class com.google.common.collect.ByFunctionOrdering                                    : loaded 2 times (x 117B)
Class org.jetbrains.kotlin.compilerRunner.GradleCompilerRunner$Companion              : loaded 2 times (x 73B)
Class com.google.common.base.Joiner$1                                                 : loaded 2 times (x 82B)
Class [Lorg.jetbrains.kotlin.gradle.dsl.PlatformSourceSetConventionsChecker$CheckedPlatformInfo;: loaded 2 times (x 71B)
Class org.jetbrains.kotlin.gradle.plugin.diagnostics.KotlinGradleProjectCheckerContext: loaded 2 times (x 74B)
Class org.jetbrains.kotlin.gradle.plugin.diagnostics.checkers.DuplicateSourceSetChecker: loaded 2 times (x 76B)
Class org.jetbrains.kotlin.gradle.targets.KotlinTargetSideEffect                      : loaded 2 times (x 72B)
Class org.jetbrains.kotlin.gradle.plugin.DefaultKotlinBasePlugin$setupAttributeMatchingStrategy$1$1: loaded 2 times (x 81B)
Class org.jetbrains.kotlin.gradle.plugin.diagnostics.ToolingDiagnosticFactory         : loaded 2 times (x 75B)
Class org.jetbrains.kotlin.statistics.metrics.NumericalMetrics$Companion              : loaded 2 times (x 73B)
Class [Lorg.jetbrains.kotlin.statistics.metrics.NumberAnonymizationPolicy;            : loaded 2 times (x 71B)
Class org.jetbrains.kotlin.statistics.metrics.NumberOverridePolicy$OVERRIDE           : loaded 2 times (x 87B)
Class org.jetbrains.kotlin.gradle.internal.properties.PropertiesBuildService$property$1: loaded 2 times (x 81B)
Class org.objectweb.asm.CurrentFrame                                                  : loaded 2 times (x 75B)
Class org.objectweb.asm.ClassTooLargeException                                        : loaded 2 times (x 84B)
Class com.google.common.collect.PeekingIterator                                       : loaded 2 times (x 72B)
Class androidx.startup.lint.InitializerConstructorDetector                            : loaded 2 times (x 172B)
Class kotlin.NotImplementedError                                                      : loaded 2 times (x 84B)
Class kotlin.InitializedLazyImpl                                                      : loaded 2 times (x 78B)
Class org.codehaus.groovy.ast.expr.MethodPointerExpression                            : loaded 2 times (x 133B)
Class org.codehaus.groovy.runtime.DefaultGroovyStaticMethods                          : loaded 2 times (x 73B)
Class com.google.common.collect.MapMakerInternalMap$InternalEntryHelper               : loaded 2 times (x 72B)
Class com.android.resources.ResourceFolderType                                        : loaded 2 times (x 81B)
Class kotlin.text.StringsKt__StringsKt                                                : loaded 2 times (x 73B)
Class kotlin.jvm.functions.Function17                                                 : loaded 2 times (x 72B)
Class com.android.ide.common.gradle.Version$Companion$ParseState$NUMERIC              : loaded 2 times (x 76B)
Class com.android.ide.common.repository.AgpVersion$PreviewKind                        : loaded 2 times (x 81B)
Class [Lcom.android.tools.lint.model.LintModelModuleType;                             : loaded 2 times (x 71B)
Class com.android.tools.lint.model.LintModelSerialization$LintModelSerializationFileAdapter$WhenMappings: loaded 2 times (x 73B)
Class kotlin.collections.ArraysKt__ArraysJVMKt                                        : loaded 2 times (x 73B)
Class com.android.prefs.AndroidPathLocator                                            : loaded 2 times (x 75B)
Class kotlin.sequences.FlatteningSequence                                             : loaded 2 times (x 77B)
Class com.google.common.collect.Maps$IteratorBasedAbstractMap                         : loaded 2 times (x 127B)
Class com.google.common.collect.Table                                                 : loaded 2 times (x 72B)
Class org.jetbrains.kotlin.gradle.tasks.configuration.AbstractKotlinCompileConfig$2$2$1: loaded 2 times (x 77B)
Class org.jetbrains.kotlin.build.report.metrics.BuildAttributes$Companion             : loaded 2 times (x 73B)
Class org.jetbrains.kotlin.gradle.tasks.KotlinCompilationTask                         : loaded 2 times (x 72B)
Class org.jetbrains.kotlin.gradle.plugin.mpp.compilationImpl.factory.KotlinCompilationImplFactory$ProcessResourcesTaskNameFactory: loaded 2 times (x 72B)
Class com.google.common.base.Joiner$2                                                 : loaded 2 times (x 81B)
Class org.jetbrains.kotlin.gradle.internal.properties.PropertiesBuildService$property$2: loaded 2 times (x 81B)
Class org.jetbrains.kotlin.gradle.internal.KotlinDependenciesManagementKt             : loaded 2 times (x 73B)
Class org.jetbrains.kotlin.gradle.plugin.DefaultKotlinBasePlugin$setupAttributeMatchingStrategy$1$2: loaded 2 times (x 81B)
Class org.jetbrains.kotlin.gradle.targets.native.internal.PlatformLibrariesGenerator$Companion: loaded 2 times (x 73B)
Class org.jetbrains.kotlin.gradle.plugin.statistics.KotlinBuildStatsLoggerService     : loaded 2 times (x 74B)
Class org.objectweb.asm.Frame                                                         : loaded 2 times (x 75B)
Class com.google.common.cache.LocalCache$EntryFactory$1                               : loaded 2 times (x 85B)
Class [Lcom.google.common.cache.RemovalListener;                                      : loaded 2 times (x 71B)
Class org.codehaus.groovy.ast.stmt.BlockStatement                                     : loaded 2 times (x 117B)
Class org.apache.groovy.plugin.GroovyRunnerRegistry                                   : loaded 2 times (x 136B)
Class org.codehaus.groovy.runtime.metaclass.MetaClassRegistryImpl$DefaultModuleListener: loaded 2 times (x 78B)
Class kotlin.jvm.functions.Function18                                                 : loaded 2 times (x 72B)
Class kotlin.reflect.jvm.internal.CachesKt                                            : loaded 2 times (x 73B)
Class kotlin.jvm.internal.CallableReference$NoReceiver                                : loaded 2 times (x 73B)
Class kotlin.text.StringsKt__StringBuilderKt                                          : loaded 2 times (x 73B)
Class org.jetbrains.kotlin.gradle.plugin.mpp.InternalKotlinTargetKt$special$$inlined$extrasStoredFuture$1: loaded 2 times (x 81B)
Class org.jetbrains.kotlin.tooling.core.ExtrasProperty                                : loaded 2 times (x 72B)
Class org.jetbrains.kotlin.compilerRunner.UsesCompilerSystemPropertiesService         : loaded 2 times (x 72B)
Class org.jetbrains.kotlin.gradle.plugin.mpp.compilationImpl.KotlinCompilationSourceSetInclusion$Companion: loaded 2 times (x 73B)
Class com.google.common.collect.RangeSet                                              : loaded 2 times (x 72B)
Class org.jetbrains.kotlin.konan.target.KonanTarget$WATCHOS_DEVICE_ARM64              : loaded 2 times (x 80B)
Class org.jetbrains.kotlin.gradle.plugin.diagnostics.checkers.MissingNativeStdlibChecker$runChecks$1: loaded 2 times (x 89B)
Class [Lorg.jetbrains.kotlin.gradle.plugin.sources.android.AndroidVariantType;        : loaded 2 times (x 71B)
Class org.jetbrains.kotlin.gradle.plugin.sources.android.AndroidVariantType           : loaded 2 times (x 81B)
Class org.jetbrains.kotlin.gradle.plugin.mpp.KotlinTargetSoftwareComponent            : loaded 2 times (x 91B)
Class org.jetbrains.kotlin.gradle.plugin.mpp.KotlinVariant                            : loaded 2 times (x 101B)
Class org.jetbrains.kotlin.gradle.targets.native.ConfigureFrameworkExportSideEffectKt : loaded 2 times (x 73B)
Class org.jetbrains.kotlin.gradle.utils.WhenPluginEnabledKt                           : loaded 2 times (x 73B)
Class org.jetbrains.kotlin.gradle.plugin.diagnostics.KotlinToolingDiagnosticsCollector$Parameter$Inject_: loaded 2 times (x 108B)
Class org.jetbrains.kotlin.gradle.plugin.VariantImplementationFactories               : loaded 2 times (x 77B)
Class org.jetbrains.kotlin.gradle.internal.diagnostics.KotlinCompilerEmbeddableCheck  : loaded 2 times (x 73B)
Class com.google.common.cache.LocalCache$EntryFactory$2                               : loaded 2 times (x 85B)
Class org.gradle.api.internal.classpath.GlobalCacheRootsProvider                      : loaded 2 times (x 72B)
Class org.apache.groovy.util.Maps                                                     : loaded 2 times (x 73B)
Class org.codehaus.groovy.ast.stmt.TryCatchStatement                                  : loaded 2 times (x 123B)
Class org.codehaus.groovy.runtime.metaclass.MethodSelectionException                  : loaded 2 times (x 89B)
Class org.codehaus.groovy.util.TripleKeyHashMap                                       : loaded 2 times (x 84B)
Class org.codehaus.groovy.util.FastArray                                              : loaded 2 times (x 87B)
Class kotlin.reflect.KMutableProperty$Setter                                          : loaded 2 times (x 72B)
Class kotlin.text.MatcherMatchResult                                                  : loaded 2 times (x 82B)
Class it.unimi.dsi.fastutil.ints.IntArrays$ForkJoinQuickSort                          : loaded 2 times (x 97B)
Class kotlin.jvm.functions.Function19                                                 : loaded 2 times (x 72B)
Class kotlin.reflect.jvm.internal.impl.resolve.jvm.JvmClassName                       : loaded 2 times (x 77B)
Class kotlin.Lazy                                                                     : loaded 2 times (x 72B)
Class com.android.prefs.Global                                                        : loaded 2 times (x 81B)
Class kotlin.NoWhenBranchMatchedException                                             : loaded 2 times (x 84B)
Class kotlin.text.MatchGroupCollection                                                : loaded 2 times (x 72B)
Class com.google.common.collect.Multimaps                                             : loaded 2 times (x 73B)
Class org.jetbrains.kotlin.tooling.core.Extras$Entry$Companion                        : loaded 2 times (x 73B)
Class com.google.common.collect.CollectCollectors                                     : loaded 2 times (x 73B)
Class org.jetbrains.kotlin.gradle.targets.js.dsl.KotlinWasmWasiTargetDsl              : loaded 2 times (x 72B)
Class org.jetbrains.kotlin.gradle.plugin.diagnostics.checkers.DisabledNativeTargetsChecker: loaded 2 times (x 76B)
Class org.jetbrains.kotlin.gradle.plugin.mpp.compilationImpl.KotlinCreateSourcesJarTaskSideEffectKt$KotlinCreateSourcesJarTaskSideEffect$1: loaded 2 times (x 76B)
Class org.jetbrains.kotlin.gradle.internal.CompilerArgumentAware                      : loaded 2 times (x 72B)
Class org.jetbrains.kotlin.gradle.plugin.statistics.BuildFusService$Parameters$Inject_: loaded 2 times (x 114B)
Class org.jetbrains.kotlin.gradle.utils.ReportUtilsKt                                 : loaded 2 times (x 73B)
Class org.jetbrains.kotlin.gradle.utils.StoredLazyProperty                            : loaded 2 times (x 77B)
Class org.objectweb.asm.ModuleWriter                                                  : loaded 2 times (x 83B)
Class com.google.common.cache.LocalCache$EntryFactory$3                               : loaded 2 times (x 85B)
Class com.google.common.base.Ticker$1                                                 : loaded 2 times (x 74B)
Class androidx.fragment.lint.FragmentTagDetector$Companion                            : loaded 2 times (x 73B)
Class androidx.lifecycle.lint.NonNullableMutableLiveDataDetector$Companion            : loaded 2 times (x 73B)
Class com.google.protobuf.Descriptors$Descriptor                                      : loaded 2 times (x 78B)
Class org.codehaus.groovy.control.MultipleCompilationErrorsException                  : loaded 2 times (x 92B)
Class org.codehaus.groovy.runtime.metaclass.ThreadManagedMetaBeanProperty             : loaded 2 times (x 88B)
Class groovy.lang.groovydoc.GroovydocHolder                                           : loaded 2 times (x 72B)
Class org.codehaus.groovy.util.ManagedConcurrentLinkedQueue$Element                   : loaded 2 times (x 78B)
Class groovy.lang.GroovyCallable                                                      : loaded 2 times (x 72B)
Class groovy.lang.GroovyObjectSupport                                                 : loaded 2 times (x 86B)
Class kotlinx.coroutines.Incomplete                                                   : loaded 2 times (x 72B)
Class [Lkotlin.jvm.functions.Function1;                                               : loaded 2 times (x 71B)
Class com.android.tools.lint.model.LintModelJavaLibrary                               : loaded 2 times (x 72B)
Class Native_plugin_loader_gradle$NativePluginLoader                                  : loaded 2 times (x 74B)
Class org.jetbrains.kotlin.gradle.tasks.K2MultiplatformStructure_Decorated            : loaded 2 times (x 133B)
Class org.jetbrains.kotlin.compilerRunner.GradleCompilerRunner                        : loaded 2 times (x 75B)
Class com.google.common.collect.SetMultimap                                           : loaded 2 times (x 72B)
Class org.jetbrains.kotlin.gradle.dsl.AndroidMainSourceSetConventionsChecker$runChecks$1: loaded 2 times (x 89B)
Class org.jetbrains.kotlin.gradle.plugin.sources.FragmentConsistencyChecks            : loaded 2 times (x 74B)
Class org.jetbrains.kotlin.gradle.plugin.mpp.InternalKotlinTargetComponent            : loaded 2 times (x 93B)
Class org.jetbrains.kotlin.gradle.targets.CreateNonPackedKlibVariantsSideEffectKt     : loaded 2 times (x 73B)
Class org.jetbrains.kotlin.gradle.targets.CreateDefaultTestRunSideEffectKt$special$$inlined$KotlinTargetSideEffect$1: loaded 2 times (x 76B)
Class org.jetbrains.kotlin.gradle.utils.ProviderApiUtilsKt                            : loaded 2 times (x 73B)
Class org.jetbrains.kotlin.gradle.plugin.diagnostics.IsAttachedToTerminalValueSource  : loaded 2 times (x 82B)
Class org.jetbrains.kotlin.gradle.targets.native.UsesKonanPropertiesBuildService      : loaded 2 times (x 72B)
Class org.jetbrains.kotlin.gradle.internal.properties.NativePropertiesLoader$forceDisableRunningInProcess$1: loaded 2 times (x 77B)
Class org.jetbrains.kotlin.gradle.internal.tasks.TaskWithLocalState                   : loaded 2 times (x 72B)
Class org.jetbrains.kotlin.gradle.plugin.statistics.KotlinBuildStatisticsUtilsKt      : loaded 2 times (x 73B)
Class org.jetbrains.kotlin.statistics.metrics.BooleanMetrics                          : loaded 2 times (x 81B)
Class org.jetbrains.kotlin.gradle.utils.PersistentCachesKt                            : loaded 2 times (x 73B)
Class org.jetbrains.kotlin.gradle.internal.properties.PropertiesBuildService$Params   : loaded 2 times (x 72B)
Class org.jetbrains.kotlin.gradle.internal.diagnostics.GradleCompatibilityCheck       : loaded 2 times (x 73B)
Class com.google.common.collect.ImmutableSet$Builder                                  : loaded 2 times (x 87B)
Class com.google.common.cache.LocalCache$EntryFactory$4                               : loaded 2 times (x 85B)
Class groovy.lang.GroovyResourceLoader                                                : loaded 2 times (x 72B)
Class kotlin.sequences.ConstrainedOnceSequence                                        : loaded 2 times (x 77B)
Class kotlinx.coroutines.AbstractTimeSourceKt                                         : loaded 2 times (x 73B)
Class build_dlfdqnc8j351ojam8lhof8lg0                                                 : loaded 2 times (x 174B)
Class com.google.common.collect.ReverseOrdering                                       : loaded 2 times (x 117B)
Class org.jetbrains.kotlin.gradle.plugin.sources.KotlinDependencyScopeKt$WhenMappings : loaded 2 times (x 73B)
Class org.jetbrains.kotlin.gradle.tasks.K2MultiplatformCompilationTask                : loaded 2 times (x 72B)
Class org.jetbrains.kotlin.gradle.utils.ConfigurationsKt$maybeCreateDependencyScope$1 : loaded 2 times (x 80B)
Class org.jetbrains.kotlin.gradle.plugin.sources.FragmentConsistencyChecks$languageVersionCheck$1: loaded 2 times (x 81B)
Class org.jetbrains.kotlin.gradle.plugin.mpp.DecoratedKotlinCompilation               : loaded 2 times (x 193B)
Class org.jetbrains.kotlin.gradle.plugin.diagnostics.checkers.ExperimentalTryNextUsageChecker: loaded 2 times (x 76B)
Class [Lorg.jetbrains.kotlin.gradle.plugin.KotlinPlatformType;                        : loaded 2 times (x 71B)
Class [Lorg.jetbrains.kotlin.gradle.plugin.diagnostics.ToolingDiagnostic$Severity;    : loaded 2 times (x 71B)
Class org.jetbrains.kotlin.gradle.plugin.statistics.UsesBuildFusService               : loaded 2 times (x 72B)
Class org.jetbrains.kotlin.gradle.plugin.statistics.old.Pre232IdeaKotlinBuildStatsBeanService: loaded 2 times (x 97B)
Class org.jetbrains.kotlin.statistics.metrics.NumberOverridePolicy$AVERAGE            : loaded 2 times (x 87B)
Class org.jetbrains.kotlin.gradle.plugin.BuildFinishedListenerService$Companion$registerIfAbsent$1$1: loaded 2 times (x 81B)
Class org.jetbrains.kotlin.gradle.internal.diagnostics.GradleCompatibilityCheck$CurrentGradleVersionProvider: loaded 2 times (x 72B)
Class com.google.common.cache.LocalCache$EntryFactory$5                               : loaded 2 times (x 85B)
Class androidx.fragment.lint.UnsafeFragmentLifecycleObserverDetector$Issues           : loaded 2 times (x 73B)
Class androidx.lifecycle.lint.NonNullableMutableLiveDataDetector$createUastHandler$1  : loaded 2 times (x 129B)
Class org.codehaus.groovy.ast.InnerClassNode                                          : loaded 2 times (x 249B)
Class org.codehaus.groovy.control.ResolveVisitor$LowerCaseClass                       : loaded 2 times (x 244B)
Class [Lgroovy.lang.MetaProperty;                                                     : loaded 2 times (x 71B)
Class org.codehaus.groovy.reflection.CachedClass$1                                    : loaded 2 times (x 84B)
Class org.codehaus.groovy.util.LazyReference$1                                        : loaded 2 times (x 78B)
Class kotlin.time.Duration                                                            : loaded 2 times (x 76B)
Class [Lkotlin.reflect.KProperty;                                                     : loaded 2 times (x 71B)
Class kotlin.jvm.internal.markers.KMappedMarker                                       : loaded 2 times (x 72B)
Class kotlin.sequences.DropTakeSequence                                               : loaded 2 times (x 72B)
Class com.google.common.collect.HashMultimap                                          : loaded 2 times (x 175B)
Class org.jetbrains.kotlin.gradle.plugin.mpp.MppSourcesJarKt$sourcesJarTaskNamed$result$1: loaded 2 times (x 81B)
Class org.jetbrains.kotlin.gradle.tasks.configuration.BaseKotlinCompileConfig$1       : loaded 2 times (x 81B)
Class org.jetbrains.kotlin.gradle.plugin.mpp.compilationImpl.factory.ConfigurationNaming$Default: loaded 2 times (x 77B)
Class org.jetbrains.kotlin.gradle.plugin.mpp.compilationImpl.KotlinCompilationSourceSetInclusion: loaded 2 times (x 74B)
Class org.jetbrains.kotlin.gradle.plugin.KotlinBaseApiPlugin                          : loaded 2 times (x 118B)
Class org.jetbrains.kotlin.gradle.targets.jvm.KotlinJvmTarget                         : loaded 2 times (x 165B)
Class org.jetbrains.kotlin.gradle.targets.js.dsl.KotlinWasmJsTargetDsl                : loaded 2 times (x 72B)
Class org.jetbrains.kotlin.gradle.plugin.diagnostics.checkers.DisabledNativeTargetsChecker$runChecks$1: loaded 2 times (x 89B)
Class org.jetbrains.kotlin.gradle.plugin.KotlinPluginLifecycleImpl$await$2$1          : loaded 2 times (x 81B)
Class org.jetbrains.kotlin.gradle.plugin.sources.DefaultLanguageSettingsBuilder       : loaded 2 times (x 102B)
Class org.jetbrains.kotlin.gradle.plugin.sources.FragmentConsistencyChecks$languageVersionCheck$2: loaded 2 times (x 80B)
Class org.jetbrains.kotlin.gradle.targets.CreateTargetConfigurationsSideEffectKt$CreateTargetConfigurationsSideEffect$1: loaded 2 times (x 76B)
Class org.jetbrains.kotlin.gradle.dsl.KotlinPublishingDsl                             : loaded 2 times (x 72B)
Class org.jetbrains.kotlin.gradle.dsl.KotlinTargetContainerWithPresetFunctions        : loaded 2 times (x 72B)
Class org.jetbrains.kotlin.gradle.plugin.diagnostics.ToolingDiagnosticRenderingOptionsKt$WhenMappings: loaded 2 times (x 73B)
Class org.jetbrains.kotlin.gradle.utils.GradleConfigurationUtilsKt                    : loaded 2 times (x 73B)
Class org.jetbrains.kotlin.gradle.plugin.internal.CustomPropertiesFileValueSource$Parameters: loaded 2 times (x 72B)
Class org.jetbrains.kotlin.gradle.plugin.UsesBuildFinishedListenerService             : loaded 2 times (x 72B)
Class com.google.common.cache.LocalCache$EntryFactory$6                               : loaded 2 times (x 85B)
Class org.gradle.internal.installation.CurrentGradleInstallationLocator               : loaded 2 times (x 73B)
Class com.google.protobuf.CodedInputStream$ArrayDecoder                               : loaded 2 times (x 121B)
Class [Lcom.google.protobuf.Internal$EnumLite;                                        : loaded 2 times (x 71B)
Class org.codehaus.groovy.runtime.callsite.BooleanClosureWrapper                      : loaded 2 times (x 76B)
Class groovy.lang.Binding                                                             : loaded 2 times (x 91B)
Class org.codehaus.groovy.runtime.memoize.CommonCache                                 : loaded 2 times (x 156B)
Class [Lorg.codehaus.groovy.reflection.CachedField;                                   : loaded 2 times (x 71B)
Class org.codehaus.groovy.reflection.CachedClass$2                                    : loaded 2 times (x 84B)
Class [Lorg.codehaus.groovy.util.ComplexKeyHashMap$Entry;                             : loaded 2 times (x 71B)
Class org.codehaus.groovy.util.LazyReference$2                                        : loaded 2 times (x 78B)
Class [Lorg.codehaus.groovy.reflection.ParameterTypes;                                : loaded 2 times (x 71B)
Class com.android.utils.PositionXmlParser$Position                                    : loaded 2 times (x 80B)
Class kotlin.io.TextStreamsKt                                                         : loaded 2 times (x 73B)
Class kotlin.coroutines.jvm.internal.SpillingKt                                       : loaded 2 times (x 73B)
Class kotlinx.coroutines.Empty                                                        : loaded 2 times (x 77B)
Class com.android.tools.lint.model.DefaultLintModelDependencyGraph                    : loaded 2 times (x 80B)
Class com.android.tools.lint.model.DefaultLintModelLintOptions                        : loaded 2 times (x 105B)
Class kotlinx.coroutines.internal.ResizableAtomicArray                                : loaded 2 times (x 74B)
Class com.google.common.collect.ImmutableMultimap$Builder                             : loaded 2 times (x 88B)
Class org.jetbrains.kotlin.gradle.tasks.DefaultKotlinJavaToolchain$getToolsJarFromJvm$1: loaded 2 times (x 77B)
Class org.jetbrains.kotlin.build.report.metrics.GcMetrics                             : loaded 2 times (x 74B)
Class org.jetbrains.kotlin.gradle.plugin.diagnostics.UsesKotlinToolingDiagnosticsKt   : loaded 2 times (x 73B)
Class org.jetbrains.kotlin.gradle.tasks.configuration.BaseKotlinCompileConfig$2       : loaded 2 times (x 81B)
Class com.google.common.collect.Maps$KeySet                                           : loaded 2 times (x 139B)
Class org.jetbrains.kotlin.gradle.plugin.KotlinJvmFactory                             : loaded 2 times (x 72B)
Class org.jetbrains.kotlin.gradle.plugin.mpp.InternalKotlinCompilation                : loaded 2 times (x 72B)
Class org.jetbrains.kotlin.gradle.utils.WhenEvaluatedKt                               : loaded 2 times (x 73B)
Class org.jetbrains.kotlin.konan.target.KonanTarget$IOS_X64                           : loaded 2 times (x 80B)
Class org.jetbrains.kotlin.gradle.targets.native.internal.AddKotlinPlatformIntegersSupportLibraryKt: loaded 2 times (x 73B)
Class org.jetbrains.kotlin.gradle.plugin.AbstractKotlinJsPluginWrapper                : loaded 2 times (x 88B)
Class org.jetbrains.kotlin.gradle.plugin.internal.MavenPublicationComponentAccessor   : loaded 2 times (x 72B)
Class org.jetbrains.kotlin.gradle.fus.BuildUidService                                 : loaded 2 times (x 82B)
Class org.jetbrains.kotlin.gradle.plugin.KotlinPluginWrapperKt                        : loaded 2 times (x 73B)
Class com.google.common.collect.ImmutableSet$EmptySetBuilderImpl                      : loaded 2 times (x 78B)
Class com.google.common.cache.LocalCache$EntryFactory$7                               : loaded 2 times (x 85B)
Class org.gradle.internal.service.DefaultServiceLocator                               : loaded 2 times (x 85B)
Class androidx.fragment.lint.UseRequireInsteadOfGetKt                                 : loaded 2 times (x 73B)
Class [Lorg.codehaus.groovy.ast.AnnotatedNode;                                        : loaded 2 times (x 71B)
Class groovy.lang.MetaClassImpl$1MOPIter                                              : loaded 2 times (x 77B)
Class org.codehaus.groovy.runtime.dgmimpl.arrays.CharacterArrayPutAtMetaMethod        : loaded 2 times (x 99B)
Class org.codehaus.groovy.reflection.CachedClass$3                                    : loaded 2 times (x 84B)
Class org.codehaus.groovy.reflection.ClassInfo$LazyCachedClassRef                     : loaded 2 times (x 84B)
Class groovy.lang.MetaMethod                                                          : loaded 2 times (x 98B)
Class kotlin.coroutines.jvm.internal.CompletedContinuation                            : loaded 2 times (x 77B)
Class kotlin.reflect.KMutableProperty0                                                : loaded 2 times (x 72B)
Class kotlin.reflect.KClassifier                                                      : loaded 2 times (x 72B)
Class kotlin.coroutines.jvm.internal.SuspendFunction                                  : loaded 2 times (x 72B)
Class org.codehaus.groovy.reflection.v7.GroovyClassValueJava7                         : loaded 2 times (x 85B)
Class com.google.common.collect.ImmutableMultimap$EntryCollection                     : loaded 2 times (x 130B)
Class com.google.common.collect.Maps$EntrySet                                         : loaded 2 times (x 138B)
Class org.jetbrains.kotlin.gradle.tasks.configuration.BaseKotlinCompileConfig$1$1$1   : loaded 2 times (x 77B)
Class org.jetbrains.kotlin.gradle.tasks.KotlinCompile$scriptExtensions$1              : loaded 2 times (x 81B)
Class org.jetbrains.kotlin.gradle.tasks.K2MultiplatformStructure$Fragment             : loaded 2 times (x 74B)
Class org.jetbrains.kotlin.compilerRunner.CompilerSystemPropertiesService$Companion$registerIfAbsent$1: loaded 2 times (x 77B)
Class org.jetbrains.kotlin.gradle.plugin.diagnostics.checkers.WasmJsEnvironmentChecker: loaded 2 times (x 78B)
Class org.jetbrains.kotlin.gradle.plugin.diagnostics.checkers.AndroidPluginWithoutAndroidTargetChecker: loaded 2 times (x 76B)
Class org.jetbrains.kotlin.gradle.plugin.statistics.FlowActionBuildFusService$getConfigurationTimeMetrics$1: loaded 2 times (x 77B)
Class org.jetbrains.kotlin.gradle.plugin.statistics.SynchronizedMetricsContainer      : loaded 2 times (x 84B)
Class org.jetbrains.kotlin.statistics.metrics.NumberOverridePolicy                    : loaded 2 times (x 87B)
Class org.jetbrains.kotlin.statistics.metrics.StringAnonymizationPolicy$AllowedListAnonymizer$Companion: loaded 2 times (x 73B)
Class org.jetbrains.kotlin.gradle.plugin.internal.DefaultProjectIsolationStartParameterAccessor_Decorated: loaded 2 times (x 123B)
Class org.jetbrains.kotlin.gradle.plugin.internal.ProjectIsolationStartParameterAccessorKt: loaded 2 times (x 73B)
Class org.jetbrains.kotlin.gradle.testing.internal.KotlinTestsRegistry                : loaded 2 times (x 74B)
Class com.google.common.cache.LocalCache$EntryFactory$8                               : loaded 2 times (x 85B)
Class org.gradle.internal.installation.CurrentGradleInstallation                      : loaded 2 times (x 75B)
Class kotlin.jvm.internal.StringCompanionObject                                       : loaded 2 times (x 73B)
Class org.codehaus.groovy.ast.stmt.DoWhileStatement                                   : loaded 2 times (x 120B)
Class org.codehaus.groovy.reflection.CachedClass$4                                    : loaded 2 times (x 84B)
Class org.codehaus.groovy.reflection.ParameterTypes                                   : loaded 2 times (x 84B)
Class kotlin.jvm.internal.Ref$BooleanRef                                              : loaded 2 times (x 73B)
Class com.android.utils.PositionXmlParser$ParserPool                                  : loaded 2 times (x 81B)
Class org.codehaus.groovy.runtime.dgmimpl.NumberNumberMultiply                        : loaded 2 times (x 116B)
Class kotlin.reflect.KMutableProperty1                                                : loaded 2 times (x 72B)
Class kotlinx.coroutines.scheduling.Task                                              : loaded 2 times (x 77B)
Class kotlin.coroutines.intrinsics.IntrinsicsKt__IntrinsicsJvmKt                      : loaded 2 times (x 73B)
Class kotlin.coroutines.jvm.internal.CoroutineStackFrame                              : loaded 2 times (x 72B)
Class com.android.tools.lint.model.DefaultLintModelVariant                            : loaded 2 times (x 103B)
Class com.android.tools.lint.model.LintModelArtifact                                  : loaded 2 times (x 72B)
Class com.google.common.collect.ForwardingObject                                      : loaded 2 times (x 74B)
Class org.jetbrains.kotlin.gradle.tasks.configuration.BaseKotlinCompileConfig$1$1$2   : loaded 2 times (x 77B)
Class org.jetbrains.kotlin.gradle.tasks.KotlinCompilerExecutionStrategy               : loaded 2 times (x 81B)
Class org.jetbrains.kotlin.gradle.plugin.mpp.InternalKotlinCompilationKt$awaitAllKotlinSourceSets$1: loaded 2 times (x 89B)
Class org.jetbrains.kotlin.gradle.plugin.sources.DefaultKotlinSourceSet$special$$inlined$Iterable$1: loaded 2 times (x 81B)
Class org.jetbrains.kotlin.gradle.plugin.mpp.compilationImpl.factory.KotlinCompilationImplFactory$KotlinCompilerOptionsFactory$Options: loaded 2 times (x 74B)
Class org.jetbrains.kotlin.gradle.plugin.statistics.FusMetrics                        : loaded 2 times (x 72B)
Class org.jetbrains.kotlin.gradle.plugin.KotlinCompilation                            : loaded 2 times (x 72B)
Class org.jetbrains.kotlin.gradle.plugin.diagnostics.ToolingDiagnosticRenderingOptionsKt: loaded 2 times (x 73B)
Class org.jetbrains.kotlin.gradle.tasks.publishing.HelpersKt                          : loaded 2 times (x 73B)
Class org.jetbrains.kotlin.gradle.plugin.KotlinTargetConfiguratorKt                   : loaded 2 times (x 73B)
Class org.jetbrains.kotlin.gradle.targets.native.internal.PlatformLibrariesGenerator  : loaded 2 times (x 74B)
Class org.jetbrains.kotlin.tooling.core.Extras$Type$Companion                         : loaded 2 times (x 73B)
Class com.google.common.cache.CacheLoader$1                                           : loaded 2 times (x 77B)
Class org.gradle.util.internal.GUtil                                                  : loaded 2 times (x 73B)
Class com.google.protobuf.Message                                                     : loaded 2 times (x 72B)
Class com.android.utils.StringHelper                                                  : loaded 2 times (x 73B)
Class org.codehaus.groovy.ast.GroovyClassVisitor                                      : loaded 2 times (x 72B)
Class org.codehaus.groovy.runtime.dgmimpl.arrays.FloatArrayGetAtMetaMethod            : loaded 2 times (x 99B)
Class org.codehaus.groovy.runtime.callsite.CallSiteAwareMetaMethod                    : loaded 2 times (x 99B)
Class org.codehaus.groovy.ast.expr.AnnotationConstantExpression                       : loaded 2 times (x 136B)
Class groovy.lang.MissingPropertyException                                            : loaded 2 times (x 91B)
Class groovy.lang.Closure$1                                                           : loaded 2 times (x 134B)
Class org.codehaus.groovy.reflection.CachedClass$5                                    : loaded 2 times (x 84B)
Class it.unimi.dsi.fastutil.ints.AbstractIntCollection                                : loaded 2 times (x 187B)
Class org.codehaus.groovy.runtime.NullObject                                          : loaded 2 times (x 93B)
Class kotlin.reflect.KMutableProperty2                                                : loaded 2 times (x 72B)
Class kotlinx.coroutines.internal.LockFreeTaskQueue                                   : loaded 2 times (x 74B)
Class kotlinx.coroutines.scheduling.DefaultScheduler                                  : loaded 2 times (x 114B)
Class kotlinx.coroutines.Dispatchers                                                  : loaded 2 times (x 73B)
Class [Lcom.android.tools.lint.model.LintModelSeverity;                               : loaded 2 times (x 71B)
Class kotlin.collections.CollectionsKt                                                : loaded 2 times (x 73B)
Class com.android.prefs.PathLocator$WhenMappings                                      : loaded 2 times (x 73B)
Class build_dlfdqnc8j351ojam8lhof8lg0$_run_closure1                                   : loaded 2 times (x 140B)
Class org.jetbrains.kotlin.gradle.tasks.configuration.BaseKotlinCompileConfig$1$1$3   : loaded 2 times (x 77B)
Class org.jetbrains.kotlin.gradle.plugin.mpp.InternalKotlinTargetKt$isSourcesPublishableFuture$2: loaded 2 times (x 97B)
Class org.jetbrains.kotlin.gradle.plugin.mpp.KotlinCompilationFactory                 : loaded 2 times (x 72B)
Class org.jetbrains.kotlin.gradle.dsl.IosSourceSetConventionChecker$runChecks$1       : loaded 2 times (x 89B)
Class org.jetbrains.kotlin.gradle.plugin.mpp.AbstractKotlinCompilation                : loaded 2 times (x 193B)
Class org.jetbrains.kotlin.gradle.plugin.diagnostics.checkers.UnusedSourceSetsChecker : loaded 2 times (x 76B)
Class org.jetbrains.kotlin.gradle.utils.Future                                        : loaded 2 times (x 72B)
Class org.jetbrains.kotlin.gradle.plugin.statistics.KotlinBuildStatsConfiguration$Companion: loaded 2 times (x 73B)
Class com.google.common.cache.AbstractCache$StatsCounter                              : loaded 2 times (x 72B)
Class androidx.activity.lint.ActivityResultFragmentVersionDetector$Companion          : loaded 2 times (x 73B)
Class com.google.protobuf.AbstractMessage$Builder                                     : loaded 2 times (x 259B)
Class com.google.protobuf.ExtensionRegistryFactory                                    : loaded 2 times (x 73B)
Class com.google.protobuf.ProtocolMessageEnum                                         : loaded 2 times (x 72B)
Class groovy.lang.ExpandoMetaClassCreationHandle                                      : loaded 2 times (x 78B)
Class org.codehaus.groovy.runtime.metaclass.TransformMetaMethod                       : loaded 2 times (x 98B)
Class org.codehaus.groovy.runtime.StringGroovyMethods                                 : loaded 2 times (x 73B)
Class org.codehaus.groovy.ast.NodeMetaDataHandler                                     : loaded 2 times (x 72B)
Class org.codehaus.groovy.reflection.CachedClass$6                                    : loaded 2 times (x 84B)
Class org.codehaus.groovy.util.ReferenceManager$ThreadedReferenceManager              : loaded 2 times (x 78B)
Class com.google.common.collect.MapMakerInternalMap$1                                 : loaded 2 times (x 85B)
Class [Lorg.codehaus.groovy.ast.GenericsType;                                         : loaded 2 times (x 71B)
Class kotlin.time.DurationUnitKt                                                      : loaded 2 times (x 73B)
Class kotlin.ranges.IntProgressionIterator                                            : loaded 2 times (x 84B)
Class kotlin.reflect.jvm.internal.RuntimeTypeMapper                                   : loaded 2 times (x 73B)
Class kotlin.coroutines.jvm.internal.DebugProbesKt                                    : loaded 2 times (x 73B)
Class kotlinx.coroutines.intrinsics.CancellableKt                                     : loaded 2 times (x 73B)
Class kotlin.coroutines.CoroutineContext                                              : loaded 2 times (x 72B)
Class org.jetbrains.kotlin.gradle.tasks.BaseKotlinCompile                             : loaded 2 times (x 72B)
Class com.android.tools.lint.model.DefaultLintModelDependency                         : loaded 2 times (x 88B)
Class com.android.tools.lint.model.DefaultLintModelLibrary                            : loaded 2 times (x 88B)
Class com.android.tools.lint.model.DefaultLintModelBuildFeatures                      : loaded 2 times (x 77B)
Class org.jetbrains.kotlin.gradle.plugin.attributes.KlibPackaging                     : loaded 2 times (x 72B)
Class org.jetbrains.kotlin.gradle.plugin.mpp.KotlinTargetSoftwareComponentImplKt      : loaded 2 times (x 73B)
Class org.jetbrains.kotlin.gradle.targets.js.dsl.KotlinJsSubTargetContainerDsl        : loaded 2 times (x 72B)
Class org.jetbrains.kotlin.tooling.core.MutableExtrasImpl$Companion                   : loaded 2 times (x 73B)
Class org.jetbrains.kotlin.gradle.internal.ClassLoadersCachingBuildService$Parameters : loaded 2 times (x 72B)
Class org.jetbrains.kotlin.gradle.plugin.KotlinGradleBuildServices$Companion$registerIfAbsent$1: loaded 2 times (x 77B)
Class org.jetbrains.kotlin.statistics.fileloggers.MetricsContainer                    : loaded 2 times (x 79B)
Class org.jetbrains.kotlin.gradle.plugin.internal.ProjectIsolationStartParameterAccessor: loaded 2 times (x 72B)
Class org.jetbrains.kotlin.gradle.utils.StoredProperty                                : loaded 2 times (x 72B)
Class com.google.common.collect.Iterators$MergingIterator                             : loaded 2 times (x 83B)
Class org.gradle.internal.installation.GradleInstallation                             : loaded 2 times (x 77B)
Class com.google.protobuf.CodedInputStream                                            : loaded 2 times (x 121B)
Class com.google.protobuf.MessageLite                                                 : loaded 2 times (x 72B)
Class groovy.lang.ExpandoMetaClass                                                    : loaded 2 times (x 228B)
Class org.codehaus.groovy.reflection.CachedClass$7                                    : loaded 2 times (x 84B)
Class groovy.lang.IntRange                                                            : loaded 2 times (x 249B)
Class org.codehaus.groovy.reflection.ClassInfo$GlobalClassSet                         : loaded 2 times (x 78B)
Class kotlin.reflect.jvm.internal.impl.builtins.PrimitiveType$$Lambda$0               : loaded 2 times (x 78B)
Class com.android.prefs.AndroidLocationsException                                     : loaded 2 times (x 84B)
Class com.google.protobuf.UnsafeUtil$JvmMemoryAccessor                                : loaded 2 times (x 93B)
Class com.google.common.collect.ForwardingCollection                                  : loaded 2 times (x 132B)
Class com.google.common.collect.LexicographicalOrdering                               : loaded 2 times (x 117B)
Class org.jetbrains.kotlin.gradle.dsl.KotlinJvmCompile$DefaultImpls                   : loaded 2 times (x 73B)
Class org.jetbrains.kotlin.gradle.plugin.mpp.compilationImpl.factory.KotlinCompilationImplFactory$create$1: loaded 2 times (x 77B)
Class org.jetbrains.kotlin.gradle.tasks.KotlinJavaToolchain                           : loaded 2 times (x 72B)
Class org.jetbrains.kotlin.statistics.metrics.BooleanMetrics$Companion                : loaded 2 times (x 73B)
Class org.jetbrains.kotlin.gradle.plugin.internal.CompatibilityConventionRegistrar    : loaded 2 times (x 72B)
Class org.jetbrains.kotlin.gradle.plugin.AndroidGradlePluginVersion                   : loaded 2 times (x 77B)
Class com.google.common.collect.Iterables                                             : loaded 2 times (x 73B)
Class com.google.protobuf.AbstractMessageLite$Builder                                 : loaded 2 times (x 128B)
Class com.google.protobuf.MapFieldReflectionAccessor                                  : loaded 2 times (x 76B)
Class org.codehaus.groovy.ast.expr.ConstructorCallExpression                          : loaded 2 times (x 143B)
Class org.codehaus.groovy.reflection.CachedClass$8                                    : loaded 2 times (x 84B)
Class com.android.utils.XmlUtils                                                      : loaded 2 times (x 73B)
Class kotlin.reflect.jvm.internal.impl.builtins.PrimitiveType$$Lambda$1               : loaded 2 times (x 78B)
Class kotlinx.coroutines.ExecutorCoroutineDispatcher$Key                              : loaded 2 times (x 74B)
Class kotlinx.coroutines.JobSupportKt                                                 : loaded 2 times (x 73B)
Class kotlin.ranges.IntProgression                                                    : loaded 2 times (x 83B)
Class com.android.ide.common.gradle.Part                                              : loaded 2 times (x 79B)
Class kotlin.jvm.KotlinReflectionNotSupportedError                                    : loaded 2 times (x 84B)
Class org.jetbrains.kotlin.gradle.plugin.mpp.KotlinJvmCompilation                     : loaded 2 times (x 201B)
Class org.jetbrains.kotlin.gradle.plugin.KotlinCompilation$Companion                  : loaded 2 times (x 73B)
Class org.jetbrains.kotlin.konan.target.KonanTarget$WATCHOS_ARM64                     : loaded 2 times (x 80B)
Class org.jetbrains.kotlin.gradle.plugin.diagnostics.checkers.OverriddenKotlinNativeHomeChecker: loaded 2 times (x 76B)
Class org.jetbrains.kotlin.gradle.artifacts.KotlinJvmJarArtifactKt$KotlinJvmJarArtifact$1: loaded 2 times (x 76B)
Class org.jetbrains.kotlin.gradle.targets.native.SetupEmbedAndSignAppleFrameworkTaskSideEffectKt: loaded 2 times (x 73B)
Class org.jetbrains.kotlin.gradle.plugin.KotlinProjectSetupActionKt$KotlinProjectSetupCoroutine$1: loaded 2 times (x 77B)
Class org.jetbrains.kotlin.gradle.dsl.ToolchainSupport$Companion                      : loaded 2 times (x 73B)
Class org.jetbrains.kotlin.gradle.plugin.KotlinSourceSet                              : loaded 2 times (x 72B)
Class org.jetbrains.kotlin.konan.target.KonanTarget$MACOS_ARM64                       : loaded 2 times (x 80B)

---------------  S Y S T E M  ---------------

OS:
 Windows 11 , 64 bit Build 26100 (10.0.26100.9168)
OS uptime: 1 days 15:13 hours
Hyper-V role detected

CPU: total 16 (initial active 16) (16 cores per cpu, 2 threads per core) family 25 model 68 stepping 1 microcode 0xa40410a, cx8, cmov, fxsr, ht, mmx, 3dnowpref, sse, sse2, sse3, ssse3, sse4a, sse4.1, sse4.2, popcnt, lzcnt, tsc, tscinvbit, avx, avx2, aes, erms, clmul, bmi1, bmi2, adx, sha, fma, vzeroupper, clflush, clflushopt, clwb, hv, rdtscp, rdpid, fsrm, f16c, cet_ss
Processor Information for processor 0
  Max Mhz: 3201, Current Mhz: 2560, Mhz Limit: 3201
Processor Information for processor 1
  Max Mhz: 3201, Current Mhz: 3201, Mhz Limit: 3201
Processor Information for processor 2
  Max Mhz: 3201, Current Mhz: 3201, Mhz Limit: 3201
Processor Information for processor 3
  Max Mhz: 3201, Current Mhz: 2560, Mhz Limit: 3201
Processor Information for processor 4
  Max Mhz: 3201, Current Mhz: 2560, Mhz Limit: 3201
Processor Information for processor 5
  Max Mhz: 3201, Current Mhz: 3201, Mhz Limit: 3201
Processor Information for processor 6
  Max Mhz: 3201, Current Mhz: 3201, Mhz Limit: 3201
Processor Information for processor 7
  Max Mhz: 3201, Current Mhz: 3201, Mhz Limit: 3201
Processor Information for processor 8
  Max Mhz: 3201, Current Mhz: 3201, Mhz Limit: 3201
Processor Information for processor 9
  Max Mhz: 3201, Current Mhz: 2560, Mhz Limit: 3201
Processor Information for processor 10
  Max Mhz: 3201, Current Mhz: 3201, Mhz Limit: 3201
Processor Information for processor 11
  Max Mhz: 3201, Current Mhz: 2560, Mhz Limit: 3201
Processor Information for processor 12
  Max Mhz: 3201, Current Mhz: 3201, Mhz Limit: 3201
Processor Information for processor 13
  Max Mhz: 3201, Current Mhz: 2560, Mhz Limit: 3201
Processor Information for processor 14
  Max Mhz: 3201, Current Mhz: 2560, Mhz Limit: 3201
Processor Information for processor 15
  Max Mhz: 3201, Current Mhz: 2560, Mhz Limit: 3201

Memory: 4k page, system-wide physical 5828M (97M free)
TotalPageFile size 24231M (AvailPageFile size 1200M)
current process WorkingSet (physical memory assigned to process): 1432M, peak: 1761M
current process commit charge ("private bytes"): 2477M, peak: 4790M

vm_info: OpenJDK 64-Bit Server VM (25.0.2+-15348964-b329.117) for windows-amd64 JRE (25.0.2+-15348964-b329.117), built on 2026-05-05T18:25:19Z with MS VC++ 16.10 / 16.11 (VS2019)

END.
